{"format_version":"1.10.0","animation_controllers":{"controller.animation.player.crossbow":{"initial_state":"default","states":{"charge":{"animations":["third_person_crossbow_equipped"],"transitions":[{"default":"(!q.is_item_name_any('slot.weapon.mainhand',0,'minecraft:crossbow') && !q.equipped_item_any_tag('slot.weapon.mainhand','geyser_custom:custom_crossbow')) || (!q.is_using_item && q.item_remaining_use_duration <= 0.0 && !q.item_is_charged)"},{"hold":"q.item_is_charged"}]},"default":{"transitions":[{"hold":"q.item_is_charged"},{"charge":"q.is_using_item && q.item_remaining_use_duration > 0.0 && !q.item_is_charged"}]},"hold":{"animations":["crossbow_hold"],"transitions":[{"default":"(!q.is_item_name_any('slot.weapon.mainhand',0,'minecraft:crossbow') && !q.equipped_item_any_tag('slot.weapon.mainhand','geyser_custom:custom_crossbow')) || (!q.is_using_item && q.item_remaining_use_duration <= 0.0 && !q.item_is_charged)"},{"charge":"q.is_using_item && q.item_remaining_use_duration > 0.0 && !q.item_is_charged"}]}}},"controller.animation.player.first_person_map":{"initial_state":"default","states":{"default":{"transitions":[{"one_hand":"q.get_equipped_item_name('off_hand') == 'filled_map' || (q.is_item_name_any('slot.weapon.offhand',0,'minecraft:shield') || q.equipped_item_any_tag('slot.weapon.offhand','geyser_custom:custom_shield'))"},{"two_hand":"q.get_equipped_item_name('off_hand') != 'filled_map' && (!q.is_item_name_any('slot.weapon.offhand',0,'minecraft:shield') && !q.equipped_item_any_tag('slot.weapon.mainhand','geyser_custom:custom_shield'))"}]},"one_hand":{"animations":[{"first_person_map_hold_main_hand":"q.get_equipped_item_name(0, 1) == 'filled_map'"},{"first_person_map_hold_off_hand":"q.get_equipped_item_name('off_hand') == 'filled_map' && ((q.is_item_name_any('slot.weapon.mainhand',0,'minecraft:bow') || q.equipped_item_any_tag('slot.weapon.mainhand','geyser_custom:custom_bow')) ? !(variable.item_use_normalized > 0 && variable.item_use_normalized < 1.0) : 1.0)"}],"transitions":[{"default":"q.get_equipped_item_name(0, 1) != 'filled_map' && q.get_equipped_item_name('off_hand') != 'filled_map'"},{"two_hand":"q.get_equipped_item_name('off_hand') != 'filled_map' && (!q.is_item_name_any('slot.weapon.offhand',0,'minecraft:shield') && !q.equipped_item_any_tag('slot.weapon.offhand','geyser_custom:custom_shield'))"}]},"two_hand":{"animations":["first_person_map_hold","first_person_map_hold_attack"],"transitions":[{"default":"q.get_equipped_item_name(0, 1) != 'filled_map' && q.get_equipped_item_name('off_hand') != 'filled_map'"},{"one_hand":"q.get_equipped_item_name('off_hand') == 'filled_map' || (q.is_item_name_any('slot.weapon.offhand',0,'minecraft:shield') || q.equipped_item_any_tag('slot.weapon.offhand','geyser_custom:custom_shield'))"}]}}},"controller.animation.player.root":{"initial_state":"first_person","states":{"first_person":{"animations":[{"first_person_swap_item":"!q.blocking"},{"first_person_shield_block":"q.blocking"},{"first_person_attack_controller":"variable.attack_time > 0.0f && q.get_equipped_item_name != 'filled_map'"},"first_person_base_pose",{"first_person_empty_hand":"q.get_equipped_item_name(0, 1) != 'filled_map'"},{"first_person_walk":"variable.bob_animation"},{"first_person_map_controller":"(q.get_equipped_item_name(0, 1) == 'filled_map' || q.get_equipped_item_name('off_hand') == 'filled_map')"},{"first_person_crossbow_equipped":"(q.is_item_name_any('slot.weapon.mainhand',0,'minecraft:crossbow') || q.equipped_item_any_tag('slot.weapon.mainhand','geyser_custom:custom_crossbow')) && (variable.item_use_normalized > 0 && variable.item_use_normalized < 1.0)"},{"first_person_breathing_bob":"variable.attack_time <= 0.0"}],"transitions":[{"paperdoll":"variable.is_paperdoll"},{"map_player":"variable.map_face_icon"},{"third_person":"!variable.is_first_person"}]},"map_player":{"transitions":[{"paperdoll":"variable.is_paperdoll"},{"first_person":"variable.is_first_person"},{"third_person":"!variable.map_face_icon && !variable.is_first_person"}]},"paperdoll":{"animations":["humanoid_base_pose","look_at_target_ui","move.arms","move.legs","cape"],"transitions":[{"first_person":"!variable.is_paperdoll && variable.is_first_person"},{"map_player":"variable.map_face_icon"},{"third_person":"!variable.is_paperdoll && !variable.is_first_person"}]},"third_person":{"animations":["humanoid_base_pose",{"look_at_target":"!q.is_sleeping && !q.is_emoting"},"move.arms","move.legs","cape",{"riding.arms":"q.is_riding"},{"riding.legs":"q.is_riding"},"holding",{"brandish_spear":"variable.is_brandishing_spear"},{"holding_spyglass":"variable.is_holding_spyglass"},{"charging":"q.is_charging"},{"sneaking":"q.is_sneaking && !q.is_sleeping"},{"bob":"!variable.is_holding_spyglass && !variable.is_tooting_goat_horn"},{"damage_nearby_mobs":"variable.damage_nearby_mobs"},{"swimming":"variable.swim_amount > 0.0"},{"swimming.legs":"variable.swim_amount > 0.0"},{"use_item_progress":"( variable.use_item_interval_progress > 0.0 ) || ( variable.use_item_startup_progress > 0.0 ) && !variable.is_brandishing_spear && !variable.is_holding_spyglass && !variable.is_tooting_goat_horn && !q.is_item_name_any('slot.weapon.mainhand','minecraft:bow') && !q.equipped_item_any_tag('slot.weapon.mainhand','geyser_custom:custom_bow')"},{"sleeping":"q.is_sleeping && q.is_alive"},{"attack.positions":"variable.attack_time >= 0.0"},{"attack.rotations":"variable.attack_time >= 0.0"},{"shield_block_main_hand":"q.blocking && (q.is_item_name_any('slot.weapon.mainhand',0,'minecraft:shield') || q.equipped_item_any_tag('slot.weapon.mainhand','geyser_custom:custom_shield'))"},{"shield_block_off_hand":"q.blocking && (!q.is_item_name_any('slot.weapon.mainhand',0,'minecraft:shield') && !q.equipped_item_any_tag('slot.weapon.mainhand','geyser_custom:custom_shield')) && (q.is_item_name_any('slot.weapon.offhand',0,'minecraft:shield') || q.equipped_item_any_tag('slot.weapon.offhand','geyser_custom:custom_shield'))"},{"crossbow_controller":"q.is_item_name_any('slot.weapon.mainhand',0,'minecraft:crossbow') || q.equipped_item_any_tag('slot.weapon.mainhand','geyser_custom:custom_crossbow')"},{"third_person_bow_equipped":"(q.is_item_name_any('slot.weapon.mainhand',0,'minecraft:bow') || q.equipped_item_any_tag('slot.weapon.mainhand','geyser_custom:custom_bow')) && (q.is_using_item)"},{"tooting_goat_horn":"variable.is_tooting_goat_horn"}],"transitions":[{"paperdoll":"variable.is_paperdoll"},{"first_person":"variable.is_first_person"},{"map_player":"variable.map_face_icon"}]}}}}}