{
    "format_version": "1.10.0",
    "minecraft:attachable": {
        "description": {
            "identifier": "geyser_custom:minecraft_ftxkjh9ua66",
            "materials": {
                "default": "entity_alphatest_one_sided",
                "enchanted": "entity_alphatest_one_sided_glint"
            },
            "textures": {
                "crossbow_pulling_0": "textures/minecraft/custom/items/chitin_crossbow/chitin_crossbow_pulling_0",
                "crossbow_pulling_1": "textures/minecraft/custom/items/chitin_crossbow/chitin_crossbow_pulling_1",
                "crossbow_pulling_2": "textures/minecraft/custom/items/chitin_crossbow/chitin_crossbow_pulling_2",
                "default": "textures/minecraft/custom/items/chitin_crossbow/chitin_crossbow_standby",
                "charged": "textures/minecraft/custom/items/chitin_crossbow/chitin_crossbow_arrow",
                "firework": "textures/minecraft/custom/items/chitin_crossbow/chitin_crossbow_firework",
                "enchanted": "textures/misc/charged_item_glint"
            },
            "geometry": {
                "crossbow_pulling_0": "geometry.furnace.minecraft_f78a2fkzl5l",
                "crossbow_pulling_1": "geometry.furnace.minecraft_fzgkppv3kta",
                "crossbow_pulling_2": "geometry.furnace.minecraft_f9sidnng6h7",
                "default": "geometry.furnace.minecraft_ftxkjh9ua66",
                "charged": "geometry.furnace.minecraft_fspuyod64e8",
                "firework": "geometry.furnace.minecraft_fyj3kzi815n"
            },
            "animations": {
                "thirdperson_main_hand": "animation.furnace.minecraft_ftxkjh9ua66.thirdperson_main_hand",
                "thirdperson_off_hand": "animation.furnace.minecraft_ftxkjh9ua66.thirdperson_off_hand",
                "thirdperson_head": "animation.furnace.minecraft_ftxkjh9ua66.head",
                "firstperson_main_hand": "animation.furnace.minecraft_ftxkjh9ua66.firstperson_main_hand",
                "firstperson_off_hand": "animation.furnace.minecraft_ftxkjh9ua66.firstperson_off_hand",
                "firstperson_head": "animation.furnace.disable"
            },
            "scripts": {
                "pre_animation": [
                    "v.main_hand = c.item_slot == 'main_hand';",
                    "v.off_hand = c.item_slot == 'off_hand';",
                    "v.head = c.item_slot == 'head';",
                    "v.charge_amount = math.clamp((q.main_hand_item_max_duration - (q.main_hand_item_use_duration - q.frame_alpha + 1.0)) / 10.0, 0.0, 1.0f);",
                    "v.total_frames = 3;",
                    "v.step = v.total_frames / 60;",
                    "v.frame = query.is_using_item && v.main_hand ? math.clamp((v.frame ?? 0) + v.step, 1, v.total_frames) : 0;",
                    "v.frame = query.item_is_charged && !query.is_item_name_any('slot.weapon.offhand', 0, 'minecraft:firework_rocket') ? 4 : v.frame;",
                    "v.frame = query.item_is_charged && query.is_item_name_any('slot.weapon.offhand', 0, 'minecraft:firework_rocket') ? 5 : v.frame;"
                ],
                "animate": [
                    {
                        "thirdperson_main_hand": "v.main_hand && !c.is_first_person"
                    },
                    {
                        "thirdperson_off_hand": "v.off_hand && !c.is_first_person"
                    },
                    {
                        "thirdperson_head": "v.head && !c.is_first_person"
                    },
                    {
                        "firstperson_main_hand": "v.main_hand && c.is_first_person"
                    },
                    {
                        "firstperson_off_hand": "v.off_hand && c.is_first_person"
                    },
                    {
                        "firstperson_head": "c.is_first_person && v.head"
                    }
                ]
            },
            "render_controllers": [
                "controller.render.crossbow_custom_3"
            ]
        }
    }
}