{"format_version":"1.10","render_controllers":{"controller.render.summertime_bow":{"part_visibility":[{"default":"!v.frame","stage_0":"v.main_hand && math.floor(v.frame) == 1","stage_1":"v.main_hand && math.floor(v.frame) == 2","stage_2":"v.main_hand && math.floor(v.frame) == 3"}],"geometry":"geometry.default","materials":[{"*":"variable.is_enchanted ? material.enchanted : material.default"}],"textures":["texture.default","texture.enchanted"]},"controller.render.crossbow_custom2D":{"arrays":{"textures":{"array.crossbow_texture_frames":["texture.default","texture.crossbow_pulling_0","texture.crossbow_pulling_1","texture.crossbow_pulling_2","texture.crossbow_arrow","texture.crossbow_rocket"]},"geometries":{"array.crossbow_geo_frames":["geometry.default","geometry.crossbow_pulling_0","geometry.crossbow_pulling_1","geometry.crossbow_pulling_2","geometry.crossbow_arrow","geometry.crossbow_rocket"]}},"geometry":"array.crossbow_geo_frames[math.floor(v.frame)]","materials":[{"*":"variable.is_enchanted ? material.enchanted : material.default"}],"textures":["array.crossbow_texture_frames[math.floor(v.frame)]","texture.enchanted"]}}}