{"format_version":"1.10","render_controllers":{"controller.render.skeleton_sit":{"geometry":"geometry.default","materials":[{"*":"variable.is_enchanted ? material.enchanted : material.default"}],"part_visibility":[{"skeleton_head":false}],"textures":["texture.default","texture.enchanted"]},"controller.render.golden_skull":{"geometry":"geometry.golden_skull","materials":[{"*":"variable.is_enchanted ? material.enchanted : material.default"}],"textures":["texture.golden_skull","texture.enchanted"]}}}