{"format_version": "1.19.0", "minecraft:geometry": [{"description": {"identifier": "geometry.furnace.minecraft_fmts4gvj3k5", "texture_width": 64, "texture_height": 126, "visible_bounds_width": 5, "visible_bounds_height": 5, "visible_bounds_offset": [0, 0.75, 0]}, "bones": [{"name": "furnacemodel", "pivot": [0, 8, 0], "binding": "c.item_slot == 'head' ? 'head' : q.item_slot_to_bone_name(c.item_slot)"}, {"name": "furnacemodel_x", "parent": "furnacemodel", "pivot": [0, 8, 0]}, {"name": "furnacemodel_y", "parent": "furnacemodel_x", "pivot": [0, 8, 0]}, {"name": "furnacemodel_z", "parent": "furnacemodel_y", "pivot": [0, 8, 0], "cubes": [{"rotation": [0, 0, 0], "size": [12.0, 9.0, 2.0], "origin": [-6, 1, 6], "pivot": [1, 0, -8], "uv": {"north": {"uv": [36.0, 2.0], "uv_size": [12.0, 9.0]}, "east": {"uv": [16.0, 10.0], "uv_size": [2.0, 9.0]}, "south": {"uv": [18.0, 20.0], "uv_size": [12.0, 9.0]}, "west": {"uv": [16.0, 30.0], "uv_size": [2.0, 9.0]}, "up": {"uv": [2.0, 0.0], "uv_size": [12.0, 2.0]}, "down": {"uv": [2.0, 18.0], "uv_size": [12.0, -2.0]}}}, {"rotation": [0, 0, 0], "size": [12.0, 9.0, 2.0], "origin": [-6, 1, -8], "pivot": [1, 0, 8], "uv": {"north": {"uv": [30.0, 20.0], "uv_size": [-12.0, 9.0]}, "east": {"uv": [18.0, 10.0], "uv_size": [-2.0, 9.0]}, "south": {"uv": [48.0, 2.0], "uv_size": [-12.0, 9.0]}, "west": {"uv": [18.0, 30.0], "uv_size": [-2.0, 9.0]}, "up": {"uv": [2.0, 2.0], "uv_size": [12.0, -2.0]}, "down": {"uv": [2.0, 16.0], "uv_size": [12.0, 2.0]}}}, {"rotation": [0, 0, 0], "size": [16.0, 1.0, 16.0], "origin": [-8, 0, -8], "pivot": [1, 0, -8], "uv": {"north": {"uv": [16.0, 9.0], "uv_size": [16.0, 1.0]}, "east": {"uv": [16.0, 19.0], "uv_size": [16.0, 1.0]}, "south": {"uv": [16.0, 29.0], "uv_size": [16.0, 1.0]}, "west": {"uv": [16.0, 39.0], "uv_size": [16.0, 1.0]}, "up": {"uv": [32.0, 36.0], "uv_size": [16.0, 16.0]}, "down": {"uv": [0.0, 32.0], "uv_size": [16.0, -16.0]}}}, {"rotation": [0, 0, 0], "size": [2.0, 9.0, 16.0], "origin": [-8, 1, -8], "pivot": [1, 0, -8], "uv": {"north": {"uv": [16.0, 0.0], "uv_size": [2.0, 9.0]}, "east": {"uv": [16.0, 10.0], "uv_size": [16.0, 9.0]}, "south": {"uv": [16.0, 20.0], "uv_size": [2.0, 9.0]}, "west": {"uv": [36.0, 15.0], "uv_size": [16.0, 9.0]}, "up": {"uv": [0.0, 0.0], "uv_size": [2.0, 16.0]}, "down": {"uv": [0.0, 32.0], "uv_size": [2.0, -16.0]}}}, {"rotation": [0, 0, 0], "size": [2.0, 9.0, 16.0], "origin": [6, 1, -8], "pivot": [-1, 0, -8], "uv": {"north": {"uv": [18.0, 0.0], "uv_size": [-2.0, 9.0]}, "east": {"uv": [52.0, 15.0], "uv_size": [-16.0, 9.0]}, "south": {"uv": [18.0, 20.0], "uv_size": [-2.0, 9.0]}, "west": {"uv": [32.0, 10.0], "uv_size": [-16.0, 9.0]}, "up": {"uv": [2.0, 0.0], "uv_size": [-2.0, 16.0]}, "down": {"uv": [2.0, 32.0], "uv_size": [-2.0, -16.0]}}}, {"rotation": [0, 0, 0], "size": [4.0, 2.0, 2.0], "origin": [-12, 5, 2], "pivot": [1, 1, -7], "uv": {"north": {"uv": [0.0, 32.0], "uv_size": [4.0, 2.0]}, "east": {"uv": [10.0, 34.0], "uv_size": [2.0, 2.0]}, "south": {"uv": [32.0, 0.0], "uv_size": [4.0, 2.0]}, "west": {"uv": [12.0, 34.0], "uv_size": [2.0, 2.0]}, "up": {"uv": [32.0, 2.0], "uv_size": [4.0, 2.0]}, "down": {"uv": [4.0, 34.0], "uv_size": [4.0, -2.0]}}}, {"rotation": [0, 0, 0], "size": [4.0, 2.0, 2.0], "origin": [8, 5, -3], "pivot": [-1, 1, -12], "uv": {"north": {"uv": [32.0, 4.0], "uv_size": [4.0, 2.0]}, "east": {"uv": [14.0, 34.0], "uv_size": [2.0, 2.0]}, "south": {"uv": [32.0, 6.0], "uv_size": [4.0, 2.0]}, "west": {"uv": [34.0, 28.0], "uv_size": [2.0, 2.0]}, "up": {"uv": [8.0, 32.0], "uv_size": [4.0, 2.0]}, "down": {"uv": [32.0, 10.0], "uv_size": [4.0, -2.0]}}}, {"rotation": [0, 0, 0], "size": [2.0, 2.0, 3.0], "origin": [10, 5, -1], "pivot": [-1, 1, -7], "uv": {"north": {"uv": [34.0, 30.0], "uv_size": [2.0, 2.0]}, "east": {"uv": [32.0, 24.0], "uv_size": [3.0, 2.0]}, "south": {"uv": [32.0, 34.0], "uv_size": [2.0, 2.0]}, "west": {"uv": [32.0, 26.0], "uv_size": [3.0, 2.0]}, "up": {"uv": [32.0, 28.0], "uv_size": [2.0, 3.0]}, "down": {"uv": [32.0, 34.0], "uv_size": [2.0, -3.0]}}}, {"rotation": [0, 0, 0], "size": [4.0, 2.0, 2.0], "origin": [8, 5, 2], "pivot": [-1, 1, -7], "uv": {"north": {"uv": [32.0, 10.0], "uv_size": [4.0, 2.0]}, "east": {"uv": [34.0, 32.0], "uv_size": [2.0, 2.0]}, "south": {"uv": [12.0, 32.0], "uv_size": [4.0, 2.0]}, "west": {"uv": [34.0, 34.0], "uv_size": [2.0, 2.0]}, "up": {"uv": [32.0, 12.0], "uv_size": [4.0, 2.0]}, "down": {"uv": [32.0, 16.0], "uv_size": [4.0, -2.0]}}}, {"rotation": [0, 0, 0], "size": [4.0, 2.0, 2.0], "origin": [-12, 5, -3], "pivot": [1, 1, -12], "uv": {"north": {"uv": [32.0, 16.0], "uv_size": [4.0, 2.0]}, "east": {"uv": [35.0, 24.0], "uv_size": [2.0, 2.0]}, "south": {"uv": [32.0, 18.0], "uv_size": [4.0, 2.0]}, "west": {"uv": [35.0, 26.0], "uv_size": [2.0, 2.0]}, "up": {"uv": [32.0, 20.0], "uv_size": [4.0, 2.0]}, "down": {"uv": [32.0, 24.0], "uv_size": [4.0, -2.0]}}}, {"rotation": [0, 0, 0], "size": [2.0, 2.0, 3.0], "origin": [-12, 5, -1], "pivot": [1, 1, -7], "uv": {"north": {"uv": [0.0, 36.0], "uv_size": [2.0, 2.0]}, "east": {"uv": [0.0, 34.0], "uv_size": [3.0, 2.0]}, "south": {"uv": [36.0, 0.0], "uv_size": [2.0, 2.0]}, "west": {"uv": [3.0, 34.0], "uv_size": [3.0, 2.0]}, "up": {"uv": [6.0, 34.0], "uv_size": [2.0, 3.0]}, "down": {"uv": [8.0, 37.0], "uv_size": [2.0, -3.0]}}}, {"rotation": [0, 0, 0], "size": [14.0, 0.09999999999999964, 14.0], "origin": [-7, 8.9, -7], "pivot": [0, 9, 0], "uv": {"north": {"uv": [0.0, 112.0], "uv_size": [0.0, 0.0]}, "east": {"uv": [0.0, 112.0], "uv_size": [0.0, 0.0]}, "south": {"uv": [0.0, 112.0], "uv_size": [0.0, 0.0]}, "west": {"uv": [0.0, 112.0], "uv_size": [0.0, 0.0]}, "up": {"uv": [0.0, 112.0], "uv_size": [14.0, 14.0]}, "down": {"uv": [0.0, 126.0], "uv_size": [14.0, -14.0]}}}, {"rotation": [0, 0, -22.5], "size": [2.0, 14.999999999999998, 2.0], "origin": [-4.619400000000001, 4.91342, -1], "pivot": [0, 9, -1], "uv": {"north": {"uv": [20.00001, 64.0], "uv_size": [1.9999800000000008, 15.0]}, "east": {"uv": [20.00001, 79.0], "uv_size": [1.9999800000000008, 15.0]}, "south": {"uv": [21.99999, 64.0], "uv_size": [2.0000099999999996, 15.0]}, "west": {"uv": [21.99999, 79.0], "uv_size": [2.0000099999999996, 15.0]}, "up": {"uv": [18.0, 94.0], "uv_size": [2.0000099999999996, 2.000010000000003]}, "down": {"uv": [30.0, 85.0], "uv_size": [2.000010000000003, -2.0000099999999996]}}}]}]}]}