{"format_version":"1.10.0","minecraft:attachable":{"description":{"identifier":"geyser_custom:dracula_sword","materials":{"default":"entity_alphatest_one_sided","enchanted":"entity_alphatest_glint"},"textures":{"default":"textures/models/items/dracula_sword","enchanted":"textures/misc/enchanted_item_glint"},"geometry":{"default":"geometry.dracula_sword"},"scripts":{"initialize":["v.thirdperson_mainhand_rot_x = 115;","v.thirdperson_mainhand_rot_y = -90;","v.thirdperson_mainhand_rot_z = -65;","v.thirdperson_mainhand_pos_x = -1;","v.thirdperson_mainhand_pos_y = 6;","v.thirdperson_mainhand_pos_z = 2;","v.thirdperson_mainhand_scale = 1;","v.thirdperson_hand_same = true;","v.firstperson_mainhand_rot_x = 0;","v.firstperson_mainhand_rot_y = 105;","v.firstperson_mainhand_rot_z = -165;","v.firstperson_mainhand_pos_x = 0;","v.firstperson_mainhand_pos_y = 0.25;","v.firstperson_mainhand_pos_z = 0.25;","v.firstperson_mainhand_scale = 0.7;","v.firstperson_hand_same = true;"],"pre_animation":["v.main_hand = c.item_slot == 'main_hand';","v.off_hand = c.item_slot == 'off_hand';","v.head = c.item_slot == 'head';"],"animate":[{"thirdperson_hand":"(v.main_hand||v.off_hand)&&!c.is_first_person"},{"firstperson_hand":"(v.main_hand||v.off_hand)&&c.is_first_person"},{"firstperson_head":"(c.is_first_person||!c.is_first_person)&&v.head"}]},"animations":{"thirdperson_hand":"animation.geyser_custom.thirdperson_hand","firstperson_hand":"animation.geyser_custom.firstperson_hand","firstperson_head":"animation.geyser_custom.disable"},"render_controllers":["controller.render.item_default"]}}}