{
    "format_version": "1.10.0",
    "minecraft:attachable": {
        "description": {
            "identifier": "geyser_custom:siege_crossbow",
            "materials": {
                "default": "entity_alphatest",
                "enchanted": "entity_alphatest_glint"
            },
            "textures": {
                "default": "textures/items/custom/siege_crossbow/siege_crossbow_standby",
                "crossbow_pulling_0": "textures/items/custom/siege_crossbow/siege_crossbow_pulling_0",
                "crossbow_pulling_1": "textures/items/custom/siege_crossbow/siege_crossbow_pulling_1",
                "crossbow_pulling_2": "textures/items/custom/siege_crossbow/siege_crossbow_pulling_2",
                "crossbow_arrow": "textures/items/custom/siege_crossbow/siege_crossbow_arrow",
                "crossbow_rocket": "textures/items/custom/siege_crossbow/siege_crossbow_firework",
                "enchanted": "textures/misc/enchanted_item_glint"
            },
            "geometry": {
                "default": "geometry.crossbow_standby",
                "crossbow_pulling_0": "geometry.crossbow_pulling_0",
                "crossbow_pulling_1": "geometry.crossbow_pulling_1",
                "crossbow_pulling_2": "geometry.crossbow_pulling_2",
                "crossbow_arrow": "geometry.crossbow_arrow",
                "crossbow_rocket": "geometry.crossbow_rocket"
            },
            "animations": {
                "wield": "animation.crossbow.wield",
                "wield_first_person_pull": "animation.crossbow.wield_first_person_pull"
            },
            "scripts": {
                "pre_animation": [
                    "v.charge_amount = math.clamp((q.main_hand_item_max_duration - (q.main_hand_item_use_duration - q.frame_alpha + 1.0)) / 10.0, 0.0, 1.0);",
                    "v.total_frames = 5;",
                    "v.frame = v.frame ?? 0;",
                    "v.step = q.delta_time;",
                    "v.frame = query.is_using_item ? math.clamp(v.frame + v.step, 1, 3) : 0;",
                    "v.frame = v.frame == 3 && !query.is_using_item ? 4 : v.frame;",
                    "v.frame = query.is_using_item ? math.clamp((v.frame ?? 0) + v.step, 1, 3) : 0;",
                    "v.frame = query.item_is_charged('main_hand') && !query.is_item_name_any('slot.weapon.offhand', 0, 'minecraft:firework_rocket') ? 4 : v.frame;",
                    "v.frame = query.item_is_charged('main_hand') && query.is_item_name_any('slot.weapon.offhand', 0, 'minecraft:firework_rocket') ? 5 : v.frame;",
                    "v.main_hand = c.item_slot == 'main_hand';",
                    "v.off_hand = c.item_slot == 'off_hand';",
                    "v.head = c.item_slot == 'head';"
                ],
                "animate": [
                    "wield",
                    {
                        "wield_first_person_pull": "query.main_hand_item_use_duration > 0.0f && c.is_first_person"
                    }
                ]
            },
            "render_controllers": [
                "controller.render.crossbow_custom2D"
            ]
        }
    }
}