{"format_version": "1.19.0", "minecraft:geometry": [{"description": {"identifier": "geometry.furnace.minecraft_fcpjhrwc7xw", "texture_width": 64, "texture_height": 32, "visible_bounds_width": 5, "visible_bounds_height": 5, "visible_bounds_offset": [0, 0.75, 0]}, "bones": [{"name": "furnacemodel", "pivot": [0, 8, 0], "binding": "c.item_slot == 'head' ? 'head' : q.item_slot_to_bone_name(c.item_slot)"}, {"name": "furnacemodel_x", "parent": "furnacemodel", "pivot": [0, 8, 0]}, {"name": "furnacemodel_y", "parent": "furnacemodel_x", "pivot": [0, 8, 0]}, {"name": "furnacemodel_z", "parent": "furnacemodel_y", "pivot": [0, 8, 0], "cubes": [{"rotation": [-22.5, 0, 0], "size": [8.0, 8.0, 8.0], "origin": [-4, 8, -5], "pivot": [0, 12, 10], "uv": {"north": {"uv": [16.0, 8.0], "uv_size": [-8.0, -8.0], "uv_rotation": 180}, "east": {"uv": [0.0, 8.0], "uv_size": [8.0, 8.0], "uv_rotation": 90}, "south": {"uv": [24.0, 0.0], "uv_size": [-8.0, 8.0]}, "west": {"uv": [16.0, 8.0], "uv_size": [8.0, 8.0], "uv_rotation": 270}, "up": {"uv": [32.0, 16.0], "uv_size": [-8.0, -8.0]}, "down": {"uv": [16.0, 16.0], "uv_size": [-8.0, -8.0], "uv_rotation": 180}}}, {"rotation": [22.5, 0, 0], "size": [8.0, 12.0, 4.0], "origin": [-4, 2, 4], "pivot": [0, 7, 6], "uv": {"north": {"uv": [20.0, 20.0], "uv_size": [8.0, 12.0]}, "east": {"uv": [16.0, 20.0], "uv_size": [4.0, 12.0]}, "south": {"uv": [32.0, 20.0], "uv_size": [8.0, 12.0]}, "west": {"uv": [28.0, 20.0], "uv_size": [4.0, 12.0]}, "up": {"uv": [20.0, 16.0], "uv_size": [8.0, 4.0]}, "down": {"uv": [28.0, 20.0], "uv_size": [8.0, -4.0]}}}, {"rotation": [0, 0, 0], "size": [2.0, 12.0, 2.0], "origin": [4, 1, 3], "pivot": [0, 6, 4], "uv": {"north": {"uv": [44.0, 18.0], "uv_size": [-2.0, 12.0]}, "east": {"uv": [46.0, 18.0], "uv_size": [-2.0, 12.0]}, "south": {"uv": [48.0, 18.0], "uv_size": [-2.0, 12.0]}, "west": {"uv": [42.0, 18.0], "uv_size": [-2.0, 12.0]}, "up": {"uv": [44.0, 16.0], "uv_size": [-2.0, 2.0]}, "down": {"uv": [46.0, 18.0], "uv_size": [-2.0, -2.0]}}}, {"rotation": [0, 0, 0], "size": [2.0, 12.0, 2.0], "origin": [-6, 1, 3], "pivot": [0, 6, 4], "uv": {"north": {"uv": [42.0, 18.0], "uv_size": [2.0, 12.0]}, "east": {"uv": [40.0, 18.0], "uv_size": [2.0, 12.0]}, "south": {"uv": [46.0, 18.0], "uv_size": [2.0, 12.0]}, "west": {"uv": [44.0, 18.0], "uv_size": [2.0, 12.0]}, "up": {"uv": [42.0, 16.0], "uv_size": [2.0, 2.0]}, "down": {"uv": [44.0, 18.0], "uv_size": [2.0, -2.0]}}}, {"rotation": [0, -22.5, 0], "size": [2.0, 2.0, 12.0], "origin": [1, 0, -7], "pivot": [0, 1, 5], "uv": {"north": {"uv": [4.0, 16.0], "uv_size": [2.0, 2.0], "uv_rotation": 180}, "east": {"uv": [6.0, 18.0], "uv_size": [-2.0, 12.0], "uv_rotation": 270}, "south": {"uv": [2.0, 18.0], "uv_size": [2.0, -2.0]}, "west": {"uv": [2.0, 18.0], "uv_size": [-2.0, 12.0], "uv_rotation": 90}, "up": {"uv": [2.0, 30.0], "uv_size": [2.0, -12.0], "uv_rotation": 180}, "down": {"uv": [6.0, 30.0], "uv_size": [2.0, -12.0]}}}, {"rotation": [0, 0, 0], "size": [2.0, 2.0, 12.0], "origin": [-3, 0, -7], "pivot": [0, 1, 5], "uv": {"north": {"uv": [6.0, 16.0], "uv_size": [-2.0, 2.0], "uv_rotation": 180}, "east": {"uv": [0.0, 18.0], "uv_size": [2.0, 12.0], "uv_rotation": 270}, "south": {"uv": [4.0, 18.0], "uv_size": [-2.0, -2.0]}, "west": {"uv": [4.0, 18.0], "uv_size": [2.0, 12.0], "uv_rotation": 90}, "up": {"uv": [4.0, 30.0], "uv_size": [-2.0, -12.0], "uv_rotation": 180}, "down": {"uv": [8.0, 30.0], "uv_size": [-2.0, -12.0]}}}]}]}]}