{"format_version":"1.10.0","minecraft:attachable":{"description":{"identifier":"geyser_custom:adventure_backpack_item","materials":{"default":"entity_alphatest_one_sided","enchanted":"entity_alphatest_glint"},"textures":{"default":"textures/models/items/adventure_backpack","enchanted":"textures/misc/enchanted_item_glint"},"geometry":{"default":"geometry.adventure_backpack_item"},"scripts":{"initialize":["v.thirdperson_mainhand_rot_x = 40;","v.thirdperson_mainhand_rot_y = -90;","v.thirdperson_mainhand_rot_z = 0;","v.thirdperson_mainhand_pos_x = -2;","v.thirdperson_mainhand_pos_y = 3.25;","v.thirdperson_mainhand_pos_z = 3.5;","v.thirdperson_mainhand_scale = 1;","v.thirdperson_hand_same = false;","v.thirdperson_offhand_rot_x = 40;","v.thirdperson_offhand_rot_y = 90;","v.thirdperson_offhand_rot_z = 0;","v.thirdperson_offhand_pos_x = 0.25;","v.thirdperson_offhand_pos_y = 3.25;","v.thirdperson_offhand_pos_z = 3.5;","v.thirdperson_offhand_scale = 1;","v.firstperson_mainhand_rot_x = 0;","v.firstperson_mainhand_rot_y = -126;","v.firstperson_mainhand_rot_z = 0;","v.firstperson_mainhand_pos_x = 0;","v.firstperson_mainhand_pos_y = 0;","v.firstperson_mainhand_pos_z = -4.25;","v.firstperson_mainhand_scale = 1.2;","v.firstperson_hand_same = false;","v.firstperson_offhand_rot_x = 0;","v.firstperson_offhand_rot_y = 60;","v.firstperson_offhand_rot_z = 0;","v.firstperson_offhand_pos_x = 0;","v.firstperson_offhand_pos_y = -0.25;","v.firstperson_offhand_pos_z = -2.75;","v.firstperson_offhand_scale = 1.2;"],"pre_animation":["v.main_hand = c.item_slot == 'main_hand';","v.off_hand = c.item_slot == 'off_hand';","v.head = c.item_slot == 'head';"],"animate":[{"thirdperson_hand":"(v.main_hand||v.off_hand)&&!c.is_first_person"},{"firstperson_hand":"(v.main_hand||v.off_hand)&&c.is_first_person"},{"firstperson_head":"(c.is_first_person||!c.is_first_person)&&v.head"}]},"animations":{"thirdperson_hand":"animation.geyser_custom.thirdperson_hand","firstperson_hand":"animation.geyser_custom.firstperson_hand","firstperson_head":"animation.geyser_custom.disable"},"render_controllers":["controller.render.item_default"]}}}