{"format_version":"1.10.0","minecraft:attachable":{"description":{"identifier":"geyser_custom:pile_of_bones","materials":{"default":"entity_alphatest_one_sided","enchanted":"entity_alphatest_glint"},"textures":{"default":"textures/entity/skeleton/skeleton","enchanted":"textures/misc/enchanted_item_glint"},"geometry":{"default":"geometry.pile_of_bones"},"scripts":{"initialize":["v.thirdperson_mainhand_rot_x = 0;","v.thirdperson_mainhand_rot_y = 0;","v.thirdperson_mainhand_rot_z = 0;","v.thirdperson_mainhand_pos_x = 0;","v.thirdperson_mainhand_pos_y = 0;","v.thirdperson_mainhand_pos_z = 0;","v.thirdperson_mainhand_scale = 1;","v.thirdperson_hand_same = true;","v.firstperson_mainhand_rot_x = 0;","v.firstperson_mainhand_rot_y = 0;","v.firstperson_mainhand_rot_z = 0;","v.firstperson_mainhand_pos_x = 0;","v.firstperson_mainhand_pos_y = 0;","v.firstperson_mainhand_pos_z = 0;","v.firstperson_mainhand_scale = 1;","v.firstperson_hand_same = true;","v.thirdperson_head_rot_x = 0;","v.thirdperson_head_rot_y = 0;","v.thirdperson_head_rot_z = 0;","v.thirdperson_head_pos_x = 0;","v.thirdperson_head_pos_y = -31;","v.thirdperson_head_pos_z = 0;","v.thirdperson_head_scale = 1.5;"],"pre_animation":["v.main_hand = c.item_slot == 'main_hand';","v.off_hand = c.item_slot == 'off_hand';","v.head = c.item_slot == 'head';"],"animate":[{"thirdperson_hand":"(v.main_hand||v.off_hand)&&!c.is_first_person"},{"thirdperson_head":"v.head&&!c.is_first_person"},{"firstperson_hand":"(v.main_hand||v.off_hand)&&c.is_first_person"},{"firstperson_head":"c.is_first_person&&v.head"}]},"animations":{"thirdperson_hand":"animation.geyser_custom.thirdperson_hand","thirdperson_head":"animation.geyser_custom.thirdperson_head","firstperson_hand":"animation.geyser_custom.firstperson_hand","firstperson_head":"animation.geyser_custom.disable"},"render_controllers":["controller.render.item_default"]}}}