{"format_version":"1.10.0","minecraft:attachable":{"description":{"identifier":"geyser_custom:safari_hat","materials":{"default":"entity_alphatest_one_sided","enchanted":"entity_alphatest_glint"},"textures":{"default":"textures/models/items/safari_hat","enchanted":"textures/misc/enchanted_item_glint"},"geometry":{"default":"geometry.safari_hat"},"scripts":{"initialize":["v.thirdperson_mainhand_rot_x = 0;","v.thirdperson_mainhand_rot_y = 0;","v.thirdperson_mainhand_rot_z = 0;","v.thirdperson_mainhand_pos_x = 0;","v.thirdperson_mainhand_pos_y = 7;","v.thirdperson_mainhand_pos_z = 0;","v.thirdperson_mainhand_scale = 0.8;","v.thirdperson_hand_same = true;","v.firstperson_mainhand_rot_x = 0;","v.firstperson_mainhand_rot_y = -65;","v.firstperson_mainhand_rot_z = 0;","v.firstperson_mainhand_pos_x = 0;","v.firstperson_mainhand_pos_y = 8;","v.firstperson_mainhand_pos_z = -4.75;","v.firstperson_mainhand_scale = 1;","v.firstperson_hand_same = true;","v.thirdperson_head_rot_x = 0;","v.thirdperson_head_rot_y = 0;","v.thirdperson_head_rot_z = 0;","v.thirdperson_head_pos_x = 0;","v.thirdperson_head_pos_y = 14.5;","v.thirdperson_head_pos_z = 0;","v.thirdperson_head_scale = 1.5;"],"pre_animation":["v.main_hand = c.item_slot == 'main_hand';","v.off_hand = c.item_slot == 'off_hand';","v.head = c.item_slot == 'head';"],"animate":[{"thirdperson_hand":"(v.main_hand||v.off_hand)&&!c.is_first_person"},{"thirdperson_head":"v.head&&!c.is_first_person"},{"firstperson_hand":"(v.main_hand||v.off_hand)&&c.is_first_person"},{"firstperson_head":"c.is_first_person&&v.head"}]},"animations":{"thirdperson_hand":"animation.geyser_custom.thirdperson_hand","thirdperson_head":"animation.geyser_custom.thirdperson_head","firstperson_hand":"animation.geyser_custom.firstperson_hand","firstperson_head":"animation.geyser_custom.disable"},"render_controllers":["controller.render.item_default"]}}}