{
    "format_version": "1.14.0",
    "sound_definitions": {
        "custom.raven.ambient": {
            "sounds": [
                "sounds/custom/mobs/raven/raven_1",
                "sounds/custom/mobs/raven/raven_2",
                "sounds/custom/mobs/raven/raven_3"
            ]
        },
        "custom.crocodile.ambient": {
            "sounds": [
                "sounds/custom/mobs/crocodile/ambient_1",
                "sounds/custom/mobs/crocodile/ambient_2"
            ]
        },
        "custom.crocodile.attack": {
            "sounds": [
                "sounds/custom/mobs/crocodile/snap"
            ]
        },
        "custom.spider_queen.ambient": {
            "sounds": [
                "sounds/custom/mobs/spider_queen/ambient_1",
                "sounds/custom/mobs/spider_queen/ambient_2",
                "sounds/custom/mobs/spider_queen/ambient_3",
                "sounds/custom/mobs/spider_queen/ambient_4",
                "sounds/custom/mobs/spider_queen/ambient_5",
                "sounds/custom/mobs/spider_queen/ambient_6",
                "sounds/custom/mobs/spider_queen/ambient_7",
                "sounds/custom/mobs/spider_queen/ambient_8"
            ]
        },
        "custom.spider_queen.death": {
            "sounds": [
                "sounds/custom/mobs/spider_queen/death"
            ]
        },
        "custom.spider_queen.step": {
            "sounds": [
                "sounds/custom/mobs/spider_queen/step1",
                "sounds/custom/mobs/spider_queen/step2",
                "sounds/custom/mobs/spider_queen/step3",
                "sounds/custom/mobs/spider_queen/step4"
            ]
        },
        "custom.spider_queen.summon": {
            "sounds": [
                "sounds/custom/mobs/spider_queen/summon"
            ]
        },
        "custom.spider_queen.spider_net": {
            "sounds": [
                "sounds/custom/mobs/spider_queen/spider_net_1",
                "sounds/custom/mobs/spider_queen/spider_net_2",
                "sounds/custom/mobs/spider_queen/spider_net_3"
            ]
        },
        "custom.spider_queen.scream": {
            "sounds": [
                "sounds/custom/mobs/spider_queen/scream"
            ]
        },
        "custom.spider_queen.spawn_sequence": {
            "sounds": [
                "sounds/custom/mobs/spider_queen/spawn_sequence"
            ]
        },
        "custom.spider_queen.spawn_sequence_trumpet": {
            "sounds": [
                "sounds/custom/mobs/spider_queen/spawn_sequence_trumpet"
            ]
        },
        "custom.spider_queen.spider_land": {
            "sounds": [
                "sounds/custom/mobs/spider_queen/spider_land"
            ]
        },
        "custom.spider_queen.warning": {
            "sounds": [
                "sounds/custom/mobs/spider_queen/warning"
            ]
        },
        "custom.ui.slider": {
            "sounds": [
                "sounds/custom/effect/ui/slider"
            ]
        },
        "custom.ui.click": {
            "sounds": [
                "sounds/custom/effect/ui/click"
            ]
        },
        "custom.ui.switch": {
            "sounds": [
                "sounds/custom/effect/ui/switch"
            ]
        },
        "custom.ui.resume": {
            "sounds": [
                "sounds/custom/effect/ui/resume"
            ]
        },
        "custom.ui.authorization_successful": {
            "sounds": [
                "sounds/custom/effect/ui/authorization_successful"
            ]
        },
        "custom.ui.authorization_successful_2": {
            "sounds": [
                "sounds/custom/effect/ui/authorization_successful_2"
            ]
        },
        "custom.ui.authorization_fail": {
            "sounds": [
                "sounds/custom/effect/ui/authorization_fail"
            ]
        },
        "custom.ui.player_pop": {
            "sounds": [
                "sounds/custom/effect/ui/player_pop"
            ]
        },
        "custom.ui.start": {
            "sounds": [
                "sounds/custom/effect/ui/start"
            ]
        },
        "custom.ui.stop": {
            "sounds": [
                "sounds/custom/effect/ui/stop"
            ]
        },
        "custom.ui.chat_notification": {
            "sounds": [
                "sounds/custom/effect/ui/chat_notification"
            ]
        },
        "custom.ui.chat_notification_2": {
            "sounds": [
                "sounds/custom/effect/ui/chat_notification_2"
            ]
        },
        "custom.ui.system_notification": {
            "sounds": [
                "sounds/custom/effect/ui/system_notification"
            ]
        },
        "custom.ui.system_notification_2": {
            "sounds": [
                "sounds/custom/effect/ui/system_notification_2"
            ]
        },
        "custom.badge_unlocked": {
            "sounds": [
                "sounds/custom/effect/badge_unlocked"
            ]
        },
        "custom.cooking_timer": {
            "sounds": [
                "sounds/custom/effect/cooking_timer"
            ]
        },
        "custom.cooking_timer_2": {
            "sounds": [
                "sounds/custom/effect/cooking_timer_2"
            ]
        },
        "custom.cooking_finished": {
            "sounds": [
                "sounds/custom/effect/cooking_finished"
            ]
        },
        "custom.collect_item": {
            "sounds": [
                "sounds/custom/effect/collect_item"
            ]
        },
        "custom.level_up": {
            "sounds": [
                "sounds/custom/effect/level_up"
            ]
        },
        "custom.quest_finished": {
            "sounds": [
                "sounds/custom/effect/quest_finished"
            ]
        },
        "custom.quest_finished_2": {
            "sounds": [
                "sounds/custom/effect/quest_finished_2"
            ]
        },
        "custom.factions.quest_completed": {
            "sounds": [
                "sounds/custom/effect/factions/quest_completed"
            ]
        },
        "custom.factions.level_up": {
            "sounds": [
                "sounds/custom/effect/factions/level_up"
            ]
        },
        "custom.factions.accept_quest": {
            "sounds": [
                "sounds/custom/effect/factions/accept_quest_1"
            ]
        },
        "custom.factions.reputation_penalty": {
            "sounds": [
                "sounds/custom/effect/factions/reputation_penalty"
            ]
        },
        "custom.factions.reputation_degradation": {
            "sounds": [
                "sounds/custom/effect/factions/reputation_degradation"
            ]
        },
        "custom.dungeons.spider_cave.reveal": {
            "sounds": [
                "sounds/custom/effect/dungeons/spider_cave_reveal_2"
            ]
        },
        "ambient.spider_cave.cave": {
            "sounds": [
                "sounds/custom/cave/ambient/spider_cave_1",
                "sounds/custom/cave/ambient/spider_cave_2",
                "sounds/custom/cave/ambient/spider_cave_3",
                "sounds/custom/cave/ambient/spider_cave_4",
                "sounds/custom/cave/ambient/spider_cave_5",
                "sounds/custom/cave/ambient/spider_cave_6"
            ]
        },
        "custom.dungeons.gate_open": {
            "sounds": [
                "sounds/custom/effect/dungeons/gate_open"
            ]
        },
        "custom.dungeons.object_break": {
            "sounds": [
                "sounds/custom/effect/dungeons/object_break"
            ]
        },
        "custom.dungeons.rocks_rumble": {
            "sounds": [
                "sounds/custom/effect/dungeons/rocks_rumble"
            ]
        },
        "custom.items.sword_unsheath": {
            "sounds": [
                "sounds/custom/effect/items/sword_1",
                "sounds/custom/effect/items/sword_2"
            ]
        },
        "custom.items.axe_unsheath": {
            "sounds": [
                "sounds/custom/effect/items/axe_1"
            ]
        },
        "custom.items.dagger_unsheath": {
            "sounds": [
                "sounds/custom/effect/items/dagger_1"
            ]
        },
        "custom.items.food_item": {
            "sounds": [
                "sounds/custom/effect/items/food_item"
            ]
        },
        "custom.purchase_complete": {
            "sounds": [
                "sounds/custom/effect/purchase_complete"
            ]
        },
        "custom.purchase_item": {
            "sounds": [
                "sounds/custom/effect/purchase_item_1",
                "sounds/custom/effect/purchase_item_2"
            ]
        },
        "custom.sell_item": {
            "sounds": [
                "sounds/custom/effect/sell_item"
            ]
        },
        "custom.forge_craft": {
            "sounds": [
                "sounds/custom/effect/forge_craft_1",
                "sounds/custom/effect/forge_craft_2"
            ]
        },
        "custom.identify_artifact": {
            "sounds": [
                "sounds/custom/effect/identify_artifact"
            ]
        },
        "custom.magic_loot": {
            "sounds": [
                "sounds/custom/effect/magic_loot"
            ]
        },
        "custom.craft_item": {
            "sounds": [
                "sounds/custom/effect/craft_item"
            ]
        },
        "custom.forge_open": {
            "sounds": [
                "sounds/custom/effect/forge_open"
            ]
        },
        "custom.server_connect": {
            "sounds": [
                "sounds/custom/effect/server_connect"
            ]
        },
        "custom.server_connect_2": {
            "sounds": [
                "sounds/custom/effect/server_connect_2"
            ]
        },
        "custom.balloon_alert": {
            "sounds": [
                "sounds/custom/effect/balloon_alert"
            ]
        },
        "custom.dungeons.unlock.dracula_manor": {
            "sounds": [
                "sounds/custom/effect/unlock_dracula_manor"
            ]
        },
        "custom.dungeons.unlock.desert_ruins": {
            "sounds": [
                "sounds/custom/effect/unlock_desert_ruins"
            ]
        },
        "custom.bush_trampling": {
            "sounds": [
                "sounds/custom/effect/bush_trampling_1",
                "sounds/custom/effect/bush_trampling_2",
                "sounds/custom/effect/bush_trampling_3",
                "sounds/custom/effect/bush_trampling_4",
                "sounds/custom/effect/bush_trampling_5"
            ]
        },
        "custom.birds_takeoff": {
            "sounds": [
                "sounds/custom/effect/takeoff_1",
                "sounds/custom/effect/takeoff_2",
                "sounds/custom/effect/takeoff_3"
            ]
        },
        "ambient.riser": {
            "sounds": [
                "sounds/custom/atmospheric/riser_1",
                "sounds/custom/atmospheric/riser_2",
                "sounds/custom/atmospheric/riser_3"
            ]
        },
        "ambient.whoosh": {
            "sounds": [
                "sounds/custom/atmospheric/ambient_whoosh_1",
                "sounds/custom/atmospheric/ambient_whoosh_2",
                "sounds/custom/atmospheric/ambient_whoosh_3",
                "sounds/custom/atmospheric/ambient_whoosh_4",
                "sounds/custom/atmospheric/ambient_whoosh_5"
            ]
        },
        "ambient.western_chord": {
            "sounds": [
                "sounds/custom/atmospheric/western_chord_1",
                "sounds/custom/atmospheric/western_chord_2",
                "sounds/custom/atmospheric/western_chord_3"
            ]
        },
        "ambient.birds": {
            "sounds": [
                "sounds/custom/day/bird/bird_1",
                "sounds/custom/day/bird/bird_2",
                "sounds/custom/day/bird/bird_3",
                "sounds/custom/day/bird/bird_4",
                "sounds/custom/day/bird/bird_5"
            ]
        },
        "ambient.crows": {
            "sounds": [
                "sounds/custom/day/bird/crow_1",
                "sounds/custom/day/bird/crow_2",
                "sounds/custom/day/bird/crow_3",
                "sounds/custom/day/bird/crow_4",
                "sounds/custom/day/bird/crow_5",
                "sounds/custom/day/bird/crow_6"
            ]
        },
        "ambient.seagulls": {
            "sounds": [
                "sounds/custom/day/bird/seagull_1",
                "sounds/custom/day/bird/seagull_2",
                "sounds/custom/day/bird/seagull_3",
                "sounds/custom/day/bird/seagull_4"
            ]
        },
        "ambient.cicada": {
            "sounds": [
                "sounds/custom/day/cicada/cicada_1",
                "sounds/custom/day/cicada/cicada_2",
                "sounds/custom/day/cicada/cicada_3",
                "sounds/custom/day/cicada/cicada_4"
            ]
        },
        "ambient.bee": {
            "sounds": [
                "sounds/custom/day/bee/bee_1",
                "sounds/custom/day/bee/bee_2",
                "sounds/custom/day/bee/bee_3",
                "sounds/custom/day/bee/bee_4",
                "sounds/custom/day/bee/bee_5"
            ]
        },
        "ambient.grasshopper": {
            "sounds": [
                "sounds/custom/day/grasshopper/grasshopper_1",
                "sounds/custom/day/grasshopper/grasshopper_2",
                "sounds/custom/day/grasshopper/grasshopper_3",
                "sounds/custom/day/grasshopper/grasshopper_4"
            ]
        },
        "ambient.grasshopper.click": {
            "sounds": [
                "sounds/custom/day/grasshopper/grasshopper_click_1",
                "sounds/custom/day/grasshopper/grasshopper_click_2",
                "sounds/custom/day/grasshopper/grasshopper_click_3",
                "sounds/custom/day/grasshopper/grasshopper_click_4",
                "sounds/custom/day/grasshopper/grasshopper_click_5",
                "sounds/custom/day/grasshopper/grasshopper_click_6"
            ]
        },
        "ambient.desert_cricket": {
            "sounds": [
                "sounds/custom/day/desert_cricket/desert_cricket_1",
                "sounds/custom/day/desert_cricket/desert_cricket_2",
                "sounds/custom/day/desert_cricket/desert_cricket_3",
                "sounds/custom/day/desert_cricket/desert_cricket_4"
            ]
        },
        "ambient.desert_cricket_slowed": {
            "sounds": [
                "sounds/custom/day/desert_cricket/desert_cricket_slowed_1",
                "sounds/custom/day/desert_cricket/desert_cricket_slowed_2",
                "sounds/custom/day/desert_cricket/desert_cricket_slowed_3",
                "sounds/custom/day/desert_cricket/desert_cricket_slowed_4",
                "sounds/custom/day/desert_cricket/desert_cricket_slowed_5"
            ]
        },
        "ambient.cricket": {
            "sounds": [
                "sounds/custom/night/cricket/cricket_1",
                "sounds/custom/night/cricket/cricket_2",
                "sounds/custom/night/cricket/cricket_3",
                "sounds/custom/night/cricket/cricket_4",
                "sounds/custom/night/cricket/cricket_5",
                "sounds/custom/night/cricket/cricket_6"
            ]
        },
        "ambient.frog": {
            "sounds": [
                "sounds/custom/night/frog/frog_1",
                "sounds/custom/night/frog/frog_2",
                "sounds/custom/night/frog/frog_3"
            ]
        },
        "ambient.owl": {
            "sounds": [
                "sounds/custom/night/owl/owl_1",
                "sounds/custom/night/owl/owl_2",
                "sounds/custom/night/owl/owl_3",
                "sounds/custom/night/owl/owl_4",
                "sounds/custom/night/owl/owl_5",
                "sounds/custom/night/owl/owl_6"
            ]
        },
        "ambient.wolf_howl": {
            "sounds": [
                "sounds/custom/night/wolf/wolf_howl_1",
                "sounds/custom/night/wolf/wolf_howl_2",
                "sounds/custom/night/wolf/wolf_howl_3",
                "sounds/custom/night/wolf/wolf_howl_4",
                "sounds/custom/night/wolf/wolf_howl_5",
                "sounds/custom/night/wolf/wolf_howl_6"
            ]
        },
        "ambient.elk": {
            "sounds": [
                "sounds/custom/day/elk/elk_call_1",
                "sounds/custom/day/elk/elk_call_2",
                "sounds/custom/day/elk/elk_call_3",
                "sounds/custom/day/elk/elk_call_4"
            ]
        },
        "ambient.woodpecker": {
            "sounds": [
                "sounds/custom/day/woodpecker/woodpecker_1",
                "sounds/custom/day/woodpecker/woodpecker_2"
            ]
        },
        "ambient.medium_wind": {
            "sounds": [
                "sounds/custom/wind/medium_wind_1",
                "sounds/custom/wind/medium_wind_2",
                "sounds/custom/wind/medium_wind_3"
            ]
        },
        "ambient.strong_wind": {
            "sounds": [
                "sounds/custom/wind/strong_wind_1",
                "sounds/custom/wind/strong_wind_2",
                "sounds/custom/wind/strong_wind_3"
            ]
        },
        "ambient.medium_wind.desert": {
            "sounds": [
                "sounds/custom/wind/desert_medium_1",
                "sounds/custom/wind/desert_medium_2",
                "sounds/custom/wind/desert_medium_3"
            ]
        },
        "ambient.winter_wind": {
            "sounds": [
                "sounds/custom/wind/winter_wind_1",
                "sounds/custom/wind/winter_wind_2",
                "sounds/custom/wind/winter_wind_3"
            ]
        },
        "ambient.ocean_wind": {
            "sounds": [
                "sounds/custom/wind/ocean_wind_1",
                "sounds/custom/wind/ocean_wind_2",
                "sounds/custom/wind/ocean_wind_3"
            ]
        },
        "ambient.wood_creak": {
            "sounds": [
                "sounds/custom/tree/wood_creak_1",
                "sounds/custom/tree/wood_creak_2",
                "sounds/custom/tree/wood_creak_3",
                "sounds/custom/tree/wood_creak_4"
            ]
        },
        "ambient.leaves_rustling": {
            "sounds": [
                "sounds/custom/tree/leaves_rustling_1",
                "sounds/custom/tree/leaves_rustling_2",
                "sounds/custom/tree/leaves_rustling_3",
                "sounds/custom/tree/leaves_rustling_4",
                "sounds/custom/tree/leaves_rustling_5"
            ]
        },
        "ambient.dirt": {
            "sounds": [
                "sounds/custom/cave/dirt_1",
                "sounds/custom/cave/dirt_2",
                "sounds/custom/cave/dirt_3",
                "sounds/custom/cave/dirt_4"
            ]
        },
        "ambient.cave_ambience": {
            "sounds": [
                "sounds/custom/cave/ambient/cave_1",
                "sounds/custom/cave/ambient/cave_2",
                "sounds/custom/cave/ambient/cave_3",
                "sounds/custom/cave/ambient/cave_4"
            ]
        },
        "ambient.overworld.cave_ambience": {
            "sounds": [
                "sounds/custom/cave/ambient/overworld_cave_1",
                "sounds/custom/cave/ambient/overworld_cave_2",
                "sounds/custom/cave/ambient/overworld_cave_3",
                "sounds/custom/cave/ambient/overworld_cave_4",
                "sounds/custom/cave/ambient/overworld_cave_5"
            ]
        },
        "ambient.cave.tremor": {
            "sounds": [
                "sounds/custom/cave/tremor"
            ]
        },
        "ambient.cave.fire": {
            "sounds": [
                "sounds/custom/cave/fire_1",
                "sounds/custom/cave/fire_2",
                "sounds/custom/cave/fire_3",
                "sounds/custom/cave/fire_4"
            ]
        },
        "ambient.overworld.cave_debris": {
            "sounds": [
                "sounds/custom/cave/ambient/cave_debris_1",
                "sounds/custom/cave/ambient/cave_debris_2",
                "sounds/custom/cave/ambient/cave_debris_3",
                "sounds/custom/cave/ambient/cave_debris_4",
                "sounds/custom/cave/ambient/cave_debris_5"
            ]
        },
        "ambient.dark_cave_ambience": {
            "sounds": [
                "sounds/custom/cave/ambient/dark_cave_1",
                "sounds/custom/cave/ambient/dark_cave_2",
                "sounds/custom/cave/ambient/dark_cave_3"
            ]
        },
        "ambient.dungeons.venom_lake": {
            "sounds": [
                "sounds/custom/cave/ambient/venom_lake_1",
                "sounds/custom/cave/ambient/venom_lake_2",
                "sounds/custom/cave/ambient/venom_lake_3"
            ]
        },
        "ambient.dungeons.village_ambience": {
            "sounds": [
                "sounds/custom/cave/ambient/village_1",
                "sounds/custom/cave/ambient/village_2",
                "sounds/custom/cave/ambient/village_3",
                "sounds/custom/cave/ambient/village_4"
            ]
        },
        "ambient.dungeons.boss_ambience": {
            "sounds": [
                "sounds/custom/cave/ambient/boss_ambience_1",
                "sounds/custom/cave/ambient/boss_ambience_2",
                "sounds/custom/cave/ambient/boss_ambience_3",
                "sounds/custom/cave/ambient/boss_ambience_4",
                "sounds/custom/cave/ambient/boss_ambience_5"
            ]
        },
        "ambient.dungeons.bridge_creak": {
            "sounds": [
                "sounds/custom/cave/bridge_creak_1",
                "sounds/custom/cave/bridge_creak_2",
                "sounds/custom/cave/bridge_creak_3",
                "sounds/custom/cave/bridge_creak_4",
                "sounds/custom/cave/bridge_creak_5",
                "sounds/custom/cave/bridge_creak_6"
            ]
        },
        "ambient.dungeons.wood_creak": {
            "sounds": [
                "sounds/custom/cave/wood_creak_1",
                "sounds/custom/cave/wood_creak_2",
                "sounds/custom/cave/wood_creak_3",
                "sounds/custom/cave/wood_creak_4"
            ]
        },
        "ambient.dungeons.lava_ambient": {
            "sounds": [
                "sounds/custom/cave/lava_ambient_1",
                "sounds/custom/cave/lava_ambient_2",
                "sounds/custom/cave/lava_ambient_3"
            ]
        },
        "ambient.dungeons.wet_cave": {
            "sounds": [
                "sounds/custom/cave/ambient/wet_cave_1",
                "sounds/custom/cave/ambient/wet_cave_2",
                "sounds/custom/cave/ambient/wet_cave_3",
                "sounds/custom/cave/ambient/wet_cave_4"
            ]
        },
        "ambient.dungeons.mices": {
            "sounds": [
                "sounds/custom/cave/mices_1",
                "sounds/custom/cave/mices_2",
                "sounds/custom/cave/mices_3",
                "sounds/custom/cave/mices_4",
                "sounds/custom/cave/mices_5"
            ]
        },
        "ambient.dungeons.rocks": {
            "sounds": [
                "sounds/custom/cave/rocks_1",
                "sounds/custom/cave/rocks_2",
                "sounds/custom/cave/rocks_3",
                "sounds/custom/cave/rocks_4",
                "sounds/custom/cave/rocks_5"
            ]
        },
        "ambient.dungeons.water_drips": {
            "sounds": [
                "sounds/custom/cave/water_drips_1",
                "sounds/custom/cave/water_drips_2",
                "sounds/custom/cave/water_drips_3",
                "sounds/custom/cave/water_drips_4"
            ]
        },
        "ambient.dungeons.raven": {
            "sounds": [
                "sounds/custom/atmospheric/raven"
            ]
        },
        "ambient.dungeons.tapping": {
            "sounds": [
                "sounds/custom/atmospheric/tapping"
            ]
        },
        "ambient.snowing": {
            "sounds": [
                "sounds/custom/winter/snowing_1",
                "sounds/custom/winter/snowing_2",
                "sounds/custom/winter/snowing_3"
            ]
        },
        "ambient.waves": {
            "sounds": [
                "sounds/custom/sea/waves_1",
                "sounds/custom/sea/waves_2",
                "sounds/custom/sea/waves_3",
                "sounds/custom/sea/waves_4",
                "sounds/custom/sea/waves_5"
            ]
        }
    }
}