{"format_version":"1.10.0","minecraft:attachable":{"description":{"identifier":"geyser_custom:amethyst_sword_back","materials":{"default":"entity_alphatest","enchanted":"entity_alphatest_glint"},"textures":{"default":"textures/items/custom/amethyst_sword","enchanted":"textures/misc/enchanted_item_glint"},"geometry":{"default":"geometry.item_generated"},"scripts":{"initialize":["v.thirdperson_mainhand_rot_x = 0;","v.thirdperson_mainhand_rot_y = 0;","v.thirdperson_mainhand_rot_z = 0;","v.thirdperson_mainhand_pos_x = 0;","v.thirdperson_mainhand_pos_y = 3;","v.thirdperson_mainhand_pos_z = 1;","v.thirdperson_mainhand_scale = 0.55;","v.thirdperson_hand_same = false;","v.thirdperson_offhand_rot_x = 170;","v.thirdperson_offhand_rot_y = 90;","v.thirdperson_offhand_rot_z = 0;","v.thirdperson_offhand_pos_x = -6.75;","v.thirdperson_offhand_pos_y = -7.65;","v.thirdperson_offhand_pos_z = -23.1;","v.thirdperson_offhand_scale = 0.6;","v.firstperson_mainhand_rot_x = 0;","v.firstperson_mainhand_rot_y = -90;","v.firstperson_mainhand_rot_z = 25;","v.firstperson_mainhand_pos_x = 1.13;","v.firstperson_mainhand_pos_y = 3.2;","v.firstperson_mainhand_pos_z = 1.13;","v.firstperson_mainhand_scale = 0.68;","v.firstperson_hand_same = true;","v.thirdperson_head_rot_x = 0;","v.thirdperson_head_rot_y = 180;","v.thirdperson_head_rot_z = 0;","v.thirdperson_head_pos_x = 0;","v.thirdperson_head_pos_y = 13;","v.thirdperson_head_pos_z = 7;","v.thirdperson_head_scale = 1;"],"pre_animation":["v.main_hand = c.item_slot == 'main_hand';","v.off_hand = c.item_slot == 'off_hand';","v.head = c.item_slot == 'head';"],"animate":[{"thirdperson_hand":"(v.main_hand||v.off_hand)&&!c.is_first_person"},{"thirdperson_head":"v.head&&!c.is_first_person"},{"firstperson_hand":"(v.main_hand||v.off_hand)&&c.is_first_person"},{"firstperson_head":"c.is_first_person&&v.head"}]},"animations":{"thirdperson_hand":"animation.geyser_custom.thirdperson_hand","thirdperson_head":"animation.geyser_custom.thirdperson_head","firstperson_hand":"animation.geyser_custom.firstperson_hand","firstperson_head":"animation.geyser_custom.disable"},"render_controllers":["controller.render.item_default"]}}}