{"format_version": "1.19.0", "minecraft:geometry": [{"description": {"identifier": "geometry.furnace.minecraft_fx30avspr52", "texture_width": 64, "texture_height": 64, "visible_bounds_width": 5, "visible_bounds_height": 5, "visible_bounds_offset": [0, 0.75, 0]}, "bones": [{"name": "furnacemodel", "pivot": [0, 8, 0], "binding": "c.item_slot == 'head' ? 'head' : q.item_slot_to_bone_name(c.item_slot)"}, {"name": "furnacemodel_x", "parent": "furnacemodel", "pivot": [0, 8, 0]}, {"name": "furnacemodel_y", "parent": "furnacemodel_x", "pivot": [0, 8, 0]}, {"name": "furnacemodel_z", "parent": "furnacemodel_y", "pivot": [0, 8, 0], "cubes": [{"rotation": [0, -45, 0], "size": [17.0, 20.0, 0.0], "origin": [-9.97524, 0, -0.6110600000000002], "pivot": [-0.8641799999999993, 4.92654, 0], "uv": {"north": {"uv": [0.0, 0.0], "uv_size": [17.0, 20.0]}, "south": {"uv": [17.0, 0.0], "uv_size": [-17.0, 20.0]}}}, {"rotation": [0, 45, 0], "size": [17.0, 20.0, 0.0], "origin": [-8.75311, 0, -0.6110600000000002], "pivot": [-0.8641799999999993, 4.92654, 0], "uv": {"north": {"uv": [0.0, 20.0], "uv_size": [17.0, 20.0]}, "south": {"uv": [17.0, 20.0], "uv_size": [-17.0, 20.0]}}}, {"rotation": [0, 0, 22.5], "size": [4.0, 0.0, 3.0], "origin": [-3.65381, 2.35516, -2.5347799999999996], "pivot": [-0.8641799999999993, 4.92654, 0], "uv": {"north": {"uv": [0.0, 0.0], "uv_size": [4.0, 0.0]}, "east": {"uv": [0.0, 0.0], "uv_size": [3.0, 0.0]}, "south": {"uv": [0.0, 0.0], "uv_size": [4.0, 0.0]}, "west": {"uv": [0.0, 0.0], "uv_size": [3.0, 0.0]}, "up": {"uv": [34.0, 0.0], "uv_size": [4.0, 3.0]}, "down": {"uv": [34.0, 6.0], "uv_size": [4.0, -3.0]}}}, {"rotation": [0, 0, 22.5], "size": [4.0, 0.0, 3.0], "origin": [-7.65381, 7.35516, -1.5347799999999996], "pivot": [-0.8641799999999993, 4.92654, 0], "uv": {"north": {"uv": [0.0, 0.0], "uv_size": [4.0, 0.0]}, "east": {"uv": [0.0, 0.0], "uv_size": [3.0, 0.0]}, "south": {"uv": [0.0, 0.0], "uv_size": [4.0, 0.0]}, "west": {"uv": [0.0, 0.0], "uv_size": [3.0, 0.0]}, "up": {"uv": [34.0, 0.0], "uv_size": [4.0, 3.0]}, "down": {"uv": [34.0, 6.0], "uv_size": [4.0, -3.0]}}}, {"rotation": [0, 0, 22.5], "size": [4.0, 0.0, 3.0], "origin": [-8.65381, 14.35516, -2.5347799999999996], "pivot": [-1.8641799999999993, 5.92654, -1], "uv": {"north": {"uv": [0.0, 0.0], "uv_size": [4.0, 0.0]}, "east": {"uv": [0.0, 0.0], "uv_size": [3.0, 0.0]}, "south": {"uv": [0.0, 0.0], "uv_size": [4.0, 0.0]}, "west": {"uv": [0.0, 0.0], "uv_size": [3.0, 0.0]}, "up": {"uv": [34.0, 0.0], "uv_size": [4.0, 3.0]}, "down": {"uv": [34.0, 6.0], "uv_size": [4.0, -3.0]}}}, {"rotation": [-22.5, 0, 0], "size": [3.0, 0.0, 4.0], "origin": [-3.1777300000000004, 13.22679, -4.89719], "pivot": [-1.0777300000000007, 14.62679, -2.89719], "uv": {"north": {"uv": [0.0, 0.0], "uv_size": [3.0, 0.0]}, "east": {"uv": [0.0, 0.0], "uv_size": [4.0, 0.0]}, "south": {"uv": [0.0, 0.0], "uv_size": [3.0, 0.0]}, "west": {"uv": [0.0, 0.0], "uv_size": [4.0, 0.0]}, "up": {"uv": [34.0, 20.0], "uv_size": [3.0, 4.0]}, "down": {"uv": [37.0, 24.0], "uv_size": [-3.0, 4.0]}}}, {"rotation": [-22.5, 0, 0], "size": [3.0, 0.0, 4.0], "origin": [-5.577730000000001, 6.85307, -7.03478], "pivot": [-4.077730000000001, 6.85307, -5.03478], "uv": {"north": {"uv": [0.0, 0.0], "uv_size": [3.0, 0.0]}, "east": {"uv": [0.0, 0.0], "uv_size": [4.0, 0.0]}, "south": {"uv": [0.0, 0.0], "uv_size": [3.0, 0.0]}, "west": {"uv": [0.0, 0.0], "uv_size": [4.0, 0.0]}, "up": {"uv": [34.0, 20.0], "uv_size": [3.0, 4.0]}, "down": {"uv": [37.0, 24.0], "uv_size": [-3.0, 4.0]}}}, {"rotation": [45, 0, 0], "size": [3.0, 0.0, 4.0], "origin": [1.27773, 5.03496, -8.53478], "pivot": [2.77773, 6.33496, -6.53478], "uv": {"north": {"uv": [0.0, 0.0], "uv_size": [3.0, 0.0]}, "east": {"uv": [0.0, 0.0], "uv_size": [4.0, 0.0]}, "south": {"uv": [0.0, 0.0], "uv_size": [3.0, 0.0]}, "west": {"uv": [0.0, 0.0], "uv_size": [4.0, 0.0]}, "up": {"uv": [34.0, 28.0], "uv_size": [3.0, 4.0]}, "down": {"uv": [34.0, 36.0], "uv_size": [3.0, -4.0]}}}, {"rotation": [0, 22.5, 0], "size": [3.0, 0.0, 4.0], "origin": [-1.7365300000000001, 8.98096, -0.8560999999999996], "pivot": [-0.23653000000000013, 8.98096, 1.1439000000000004], "uv": {"north": {"uv": [0.0, 0.0], "uv_size": [3.0, 0.0]}, "east": {"uv": [0.0, 0.0], "uv_size": [4.0, 0.0]}, "south": {"uv": [0.0, 0.0], "uv_size": [3.0, 0.0]}, "west": {"uv": [0.0, 0.0], "uv_size": [4.0, 0.0]}, "up": {"uv": [34.0, 36.0], "uv_size": [4.0, 3.0], "uv_rotation": 270}, "down": {"uv": [38.0, 39.0], "uv_size": [-4.0, -3.0], "uv_rotation": 270}}}, {"rotation": [22.5, 0, 0], "size": [3.000000000000001, 0.0, 4.0], "origin": [-2.536530000000001, 13.68096, -0.8560999999999996], "pivot": [-1.0365300000000008, 13.68096, 1.1439000000000004], "uv": {"north": {"uv": [0.0, 0.0], "uv_size": [3.0, 0.0]}, "east": {"uv": [0.0, 0.0], "uv_size": [4.0, 0.0]}, "south": {"uv": [0.0, 0.0], "uv_size": [3.0, 0.0]}, "west": {"uv": [0.0, 0.0], "uv_size": [4.0, 0.0]}, "up": {"uv": [34.0, 36.0], "uv_size": [4.0, 3.0], "uv_rotation": 270}, "down": {"uv": [38.0, 39.0], "uv_size": [-4.0, -3.0], "uv_rotation": 270}}}, {"rotation": [22.5, 0, 0], "size": [3.0, 0.0, 4.0], "origin": [-2.40817, 4.03879, -1.1547900000000002], "pivot": [-0.8641799999999993, 4.92654, 0], "uv": {"north": {"uv": [0.0, 0.0], "uv_size": [3.0, 0.0]}, "east": {"uv": [0.0, 0.0], "uv_size": [4.0, 0.0]}, "south": {"uv": [0.0, 0.0], "uv_size": [3.0, 0.0]}, "west": {"uv": [0.0, 0.0], "uv_size": [4.0, 0.0]}, "up": {"uv": [34.0, 6.0], "uv_size": [3.0, 4.0]}, "down": {"uv": [34.0, 14.0], "uv_size": [3.0, -4.0]}}}, {"rotation": [0, 0, -22.5], "size": [3.999999999999999, 0.0, 3.0], "origin": [-2.4572199999999995, 1.43128, -2.5347799999999996], "pivot": [-0.8641799999999993, 4.92654, 0], "uv": {"north": {"uv": [0.0, 0.0], "uv_size": [4.0, 0.0]}, "east": {"uv": [0.0, 0.0], "uv_size": [3.0, 0.0]}, "south": {"uv": [0.0, 0.0], "uv_size": [4.0, 0.0]}, "west": {"uv": [0.0, 0.0], "uv_size": [3.0, 0.0]}, "up": {"uv": [34.0, 14.0], "uv_size": [4.0, 3.0]}, "down": {"uv": [34.0, 20.0], "uv_size": [4.0, -3.0]}}}, {"rotation": [0, 22.5, 0], "size": [3.0, 3.0, 0.0], "origin": [-3.323880000000001, 5, -0.5826799999999999], "pivot": [-0.9000000000000004, 6.5, -0.20000000000000018], "uv": {"north": {"uv": [37.0, 29.0], "uv_size": [3.0, 3.0]}, "east": {"uv": [0.0, 0.0], "uv_size": [0.0, 3.0]}, "south": {"uv": [37.0, 32.0], "uv_size": [3.0, 3.0]}, "west": {"uv": [0.0, 0.0], "uv_size": [0.0, 3.0]}, "up": {"uv": [0.0, 0.0], "uv_size": [3.0, 0.0]}, "down": {"uv": [0.0, 0.0], "uv_size": [3.0, 0.0]}}}, {"rotation": [-22.5, 0, 0], "size": [3.0, 3.000000000000001, 0.0], "origin": [-2.4000000000000004, 5.92388, -0.5826799999999999], "pivot": [-0.9000000000000004, 6.5, -0.20000000000000018], "uv": {"north": {"uv": [38.0, 0.0], "uv_size": [3.0, 3.0]}, "east": {"uv": [0.0, 0.0], "uv_size": [0.0, 3.0]}, "south": {"uv": [38.0, 3.0], "uv_size": [3.0, 3.0]}, "west": {"uv": [0.0, 0.0], "uv_size": [0.0, 3.0]}, "up": {"uv": [0.0, 0.0], "uv_size": [3.0, 0.0]}, "down": {"uv": [0.0, 0.0], "uv_size": [3.0, 0.0]}}}, {"rotation": [0, -22.5, 0], "size": [3.0, 3.0, 0.0], "origin": [-1.4761199999999999, 5, -0.5826799999999999], "pivot": [-0.9000000000000004, 6.5, -0.20000000000000018], "uv": {"north": {"uv": [37.0, 9.0], "uv_size": [3.0, 3.0]}, "east": {"uv": [0.0, 0.0], "uv_size": [0.0, 3.0]}, "south": {"uv": [37.0, 20.0], "uv_size": [3.0, 3.0]}, "west": {"uv": [0.0, 0.0], "uv_size": [0.0, 3.0]}, "up": {"uv": [0.0, 0.0], "uv_size": [3.0, 0.0]}, "down": {"uv": [0.0, 0.0], "uv_size": [3.0, 0.0]}}}, {"rotation": [22.5, 0, 0], "size": [3.0, 3.0, 0.0], "origin": [-2.4000000000000004, 4.07612, -0.5826799999999999], "pivot": [-0.9000000000000004, 6.5, -0.20000000000000018], "uv": {"north": {"uv": [37.0, 23.0], "uv_size": [3.0, 3.0]}, "east": {"uv": [0.0, 0.0], "uv_size": [0.0, 3.0]}, "south": {"uv": [37.0, 26.0], "uv_size": [3.0, 3.0]}, "west": {"uv": [0.0, 0.0], "uv_size": [0.0, 3.0]}, "up": {"uv": [0.0, 0.0], "uv_size": [3.0, 0.0]}, "down": {"uv": [0.0, 0.0], "uv_size": [3.0, 0.0]}}}, {"rotation": [0, -22.5, 0], "size": [3.0, 3.0, 0.0], "origin": [-3.1238799999999998, 1, -1.21732], "pivot": [-0.6999999999999993, 2.5, -1.5999999999999996], "uv": {"north": {"uv": [38.0, 12.0], "uv_size": [3.0, 3.0]}, "east": {"uv": [0.0, 0.0], "uv_size": [0.0, 3.0]}, "south": {"uv": [38.0, 15.0], "uv_size": [3.0, 3.0]}, "west": {"uv": [0.0, 0.0], "uv_size": [0.0, 3.0]}, "up": {"uv": [0.0, 0.0], "uv_size": [3.0, 0.0]}, "down": {"uv": [0.0, 0.0], "uv_size": [3.0, 0.0]}}}, {"rotation": [22.5, 0, 0], "size": [2.999999999999999, 2.9999999999999996, 0.0], "origin": [-2.1999999999999993, 1.92388, -1.21732], "pivot": [-0.6999999999999993, 2.5, -1.5999999999999996], "uv": {"north": {"uv": [38.0, 35.0], "uv_size": [3.0, 3.0]}, "east": {"uv": [0.0, 0.0], "uv_size": [0.0, 3.0]}, "south": {"uv": [38.0, 38.0], "uv_size": [3.0, 3.0]}, "west": {"uv": [0.0, 0.0], "uv_size": [0.0, 3.0]}, "up": {"uv": [0.0, 0.0], "uv_size": [3.0, 0.0]}, "down": {"uv": [0.0, 0.0], "uv_size": [3.0, 0.0]}}}, {"rotation": [0, 22.5, 0], "size": [3.000000000000001, 3.0, 0.0], "origin": [-1.2761200000000006, 1, -1.21732], "pivot": [-0.6999999999999993, 2.5, -1.5999999999999996], "uv": {"north": {"uv": [34.0, 39.0], "uv_size": [3.0, 3.0]}, "east": {"uv": [0.0, 0.0], "uv_size": [0.0, 3.0]}, "south": {"uv": [0.0, 40.0], "uv_size": [3.0, 3.0]}, "west": {"uv": [0.0, 0.0], "uv_size": [0.0, 3.0]}, "up": {"uv": [0.0, 0.0], "uv_size": [3.0, 0.0]}, "down": {"uv": [0.0, 0.0], "uv_size": [3.0, 0.0]}}}, {"rotation": [-22.5, 0, 0], "size": [2.999999999999999, 3.0, 0.0], "origin": [-2.1999999999999993, 0.07612, -1.21732], "pivot": [-0.6999999999999993, 2.5, -1.5999999999999996], "uv": {"north": {"uv": [3.0, 40.0], "uv_size": [3.0, 3.0]}, "east": {"uv": [0.0, 0.0], "uv_size": [0.0, 3.0]}, "south": {"uv": [6.0, 40.0], "uv_size": [3.0, 3.0]}, "west": {"uv": [0.0, 0.0], "uv_size": [0.0, 3.0]}, "up": {"uv": [0.0, 0.0], "uv_size": [3.0, 0.0]}, "down": {"uv": [0.0, 0.0], "uv_size": [3.0, 0.0]}}}, {"rotation": [0, -22.5, 0], "size": [0.0, 3.0, 3.0], "origin": [-1.8764500000000002, 7.975, -5.51377], "pivot": [-2.0764499999999995, 9.475, -4.01377], "uv": {"north": {"uv": [0.0, 0.0], "uv_size": [0.0, 3.0]}, "east": {"uv": [9.0, 40.0], "uv_size": [3.0, 3.0]}, "south": {"uv": [0.0, 0.0], "uv_size": [0.0, 3.0]}, "west": {"uv": [40.0, 9.0], "uv_size": [3.0, 3.0]}, "up": {"uv": [0.0, 0.0], "uv_size": [0.0, 3.0]}, "down": {"uv": [0.0, 3.0], "uv_size": [0.0, -3.0]}}}, {"rotation": [0, 22.5, 0], "size": [3.0, 3.000000000000001, 0.0], "origin": [-4.7764500000000005, 7.925, -2.56377], "pivot": [-3.2764500000000005, 9.5, -2.63877], "uv": {"north": {"uv": [41.0, 15.0], "uv_size": [3.0, 3.0]}, "east": {"uv": [0.0, 0.0], "uv_size": [0.0, 3.0]}, "south": {"uv": [41.0, 33.0], "uv_size": [3.0, 3.0]}, "west": {"uv": [0.0, 0.0], "uv_size": [0.0, 3.0]}, "up": {"uv": [0.0, 0.0], "uv_size": [3.0, 0.0]}, "down": {"uv": [0.0, 0.0], "uv_size": [3.0, 0.0]}}}, {"rotation": [0, 45, 0], "size": [3.0, 3.0, 0.0], "origin": [-4.199999999999999, 8.92388, -3.01732], "pivot": [-2.6999999999999993, 9.5, -3.4000000000000004], "uv": {"north": {"uv": [12.0, 40.0], "uv_size": [3.0, 3.0]}, "east": {"uv": [0.0, 0.0], "uv_size": [0.0, 3.0]}, "south": {"uv": [15.0, 40.0], "uv_size": [3.0, 3.0]}, "west": {"uv": [0.0, 0.0], "uv_size": [0.0, 3.0]}, "up": {"uv": [0.0, 0.0], "uv_size": [3.0, 0.0]}, "down": {"uv": [0.0, 0.0], "uv_size": [3.0, 0.0]}}}, {"rotation": [0, 45, 0], "size": [3.0, 3.0, 0.0], "origin": [-4.199999999999999, 6.97612, -3.01732], "pivot": [-2.6999999999999993, 9.5, -3.4000000000000004], "uv": {"north": {"uv": [18.0, 40.0], "uv_size": [3.0, 3.0]}, "east": {"uv": [0.0, 0.0], "uv_size": [0.0, 3.0]}, "south": {"uv": [40.0, 18.0], "uv_size": [3.0, 3.0]}, "west": {"uv": [0.0, 0.0], "uv_size": [0.0, 3.0]}, "up": {"uv": [0.0, 0.0], "uv_size": [3.0, 0.0]}, "down": {"uv": [0.0, 0.0], "uv_size": [3.0, 0.0]}}}, {"rotation": [0, 0, 0], "size": [3.0, 3.0, 3.0], "origin": [-7, 7, -7], "pivot": [-4, 7, -7], "uv": {"north": {"uv": [21.0, 40.0], "uv_size": [3.0, 3.0]}, "east": {"uv": [40.0, 21.0], "uv_size": [3.0, 3.0]}, "south": {"uv": [24.0, 40.0], "uv_size": [3.0, 3.0]}, "west": {"uv": [40.0, 24.0], "uv_size": [3.0, 3.0]}, "up": {"uv": [27.0, 40.0], "uv_size": [3.0, 3.0]}, "down": {"uv": [40.0, 30.0], "uv_size": [3.0, -3.0]}}}, {"rotation": [0, 0, 0], "size": [3.0, 3.0, 3.0], "origin": [1, 8, 1.4000000000000004], "pivot": [4, 8, 1.4000000000000004], "uv": {"north": {"uv": [21.0, 40.0], "uv_size": [3.0, 3.0]}, "east": {"uv": [40.0, 21.0], "uv_size": [3.0, 3.0]}, "south": {"uv": [24.0, 40.0], "uv_size": [3.0, 3.0]}, "west": {"uv": [40.0, 24.0], "uv_size": [3.0, 3.0]}, "up": {"uv": [27.0, 40.0], "uv_size": [3.0, 3.0]}, "down": {"uv": [40.0, 30.0], "uv_size": [3.0, -3.0]}}}, {"rotation": [0, 0, 0], "size": [3.0, 3.0, 3.0], "origin": [-7, 14, -7], "pivot": [-4, 7, -7], "uv": {"north": {"uv": [21.0, 40.0], "uv_size": [3.0, 3.0]}, "east": {"uv": [40.0, 21.0], "uv_size": [3.0, 3.0]}, "south": {"uv": [24.0, 40.0], "uv_size": [3.0, 3.0]}, "west": {"uv": [40.0, 24.0], "uv_size": [3.0, 3.0]}, "up": {"uv": [27.0, 40.0], "uv_size": [3.0, 3.0]}, "down": {"uv": [40.0, 30.0], "uv_size": [3.0, -3.0]}}}, {"rotation": [0, 0, 0], "size": [3.0, 3.0, 3.0], "origin": [-5, 10, 0.5999999999999996], "pivot": [-5.5, 13.5, 3.5], "uv": {"north": {"uv": [40.0, 24.0], "uv_size": [3.0, 3.0]}, "east": {"uv": [21.0, 40.0], "uv_size": [3.0, 3.0]}, "south": {"uv": [40.0, 21.0], "uv_size": [3.0, 3.0]}, "west": {"uv": [24.0, 40.0], "uv_size": [3.0, 3.0]}, "up": {"uv": [27.0, 40.0], "uv_size": [3.0, 3.0], "uv_rotation": 90}, "down": {"uv": [40.0, 30.0], "uv_size": [3.0, -3.0], "uv_rotation": 270}}}, {"rotation": [0, -22.5, 0], "size": [3.0, 3.0, 3.0], "origin": [1.2000000000000002, 11, -6], "pivot": [2.7, 12.5, -4.5], "uv": {"north": {"uv": [43.0, 24.0], "uv_size": [-3.0, 3.0]}, "east": {"uv": [27.0, 40.0], "uv_size": [-3.0, 3.0]}, "south": {"uv": [43.0, 21.0], "uv_size": [-3.0, 3.0]}, "west": {"uv": [24.0, 40.0], "uv_size": [-3.0, 3.0]}, "up": {"uv": [27.0, 43.0], "uv_size": [3.0, -3.0], "uv_rotation": 90}, "down": {"uv": [40.0, 27.0], "uv_size": [3.0, 3.0], "uv_rotation": 270}}}, {"rotation": [0, 45, 0], "size": [3.0, 3.0, 3.0], "origin": [-11.7, 3, -2], "pivot": [-4, 7, -7], "uv": {"north": {"uv": [21.0, 40.0], "uv_size": [3.0, 3.0]}, "east": {"uv": [40.0, 21.0], "uv_size": [3.0, 3.0]}, "south": {"uv": [24.0, 40.0], "uv_size": [3.0, 3.0]}, "west": {"uv": [40.0, 24.0], "uv_size": [3.0, 3.0]}, "up": {"uv": [27.0, 40.0], "uv_size": [3.0, 3.0]}, "down": {"uv": [40.0, 30.0], "uv_size": [3.0, -3.0]}}}, {"rotation": [0, 0, 0], "size": [3.0, 3.0, 3.0], "origin": [1, 14, 1.4000000000000004], "pivot": [1, 8, 4.4], "uv": {"north": {"uv": [40.0, 27.0], "uv_size": [3.0, 3.0]}, "east": {"uv": [24.0, 40.0], "uv_size": [3.0, 3.0]}, "south": {"uv": [40.0, 21.0], "uv_size": [3.0, 3.0]}, "west": {"uv": [40.0, 24.0], "uv_size": [3.0, 3.0]}, "up": {"uv": [27.0, 40.0], "uv_size": [3.0, 3.0]}, "down": {"uv": [21.0, 43.0], "uv_size": [3.0, -3.0]}}}, {"rotation": [0, 22.5, 0], "size": [0.0, 3.0, 3.0], "origin": [1.71732, 10, -3.8761200000000002], "pivot": [2.0999999999999996, 11.5, -3.3], "uv": {"north": {"uv": [0.0, 0.0], "uv_size": [0.0, 3.0]}, "east": {"uv": [41.0, 36.0], "uv_size": [3.0, 3.0]}, "south": {"uv": [0.0, 0.0], "uv_size": [0.0, 3.0]}, "west": {"uv": [37.0, 41.0], "uv_size": [3.0, 3.0]}, "up": {"uv": [0.0, 0.0], "uv_size": [0.0, 3.0]}, "down": {"uv": [0.0, 3.0], "uv_size": [0.0, -3.0]}}}, {"rotation": [0, 0, 22.5], "size": [0.0, 3.0, 3.0], "origin": [1.71732, 10.92388, -4.8], "pivot": [2.0999999999999996, 11.5, -3.3], "uv": {"north": {"uv": [0.0, 0.0], "uv_size": [0.0, 3.0]}, "east": {"uv": [41.0, 39.0], "uv_size": [3.0, 3.0]}, "south": {"uv": [0.0, 0.0], "uv_size": [0.0, 3.0]}, "west": {"uv": [33.0, 42.0], "uv_size": [3.0, 3.0]}, "up": {"uv": [0.0, 0.0], "uv_size": [0.0, 3.0]}, "down": {"uv": [0.0, 3.0], "uv_size": [0.0, -3.0]}}}, {"rotation": [0, -22.5, 0], "size": [0.0, 3.0, 2.9999999999999996], "origin": [1.71732, 10, -5.723879999999999], "pivot": [2.0999999999999996, 11.5, -3.3], "uv": {"north": {"uv": [0.0, 0.0], "uv_size": [0.0, 3.0]}, "east": {"uv": [40.0, 42.0], "uv_size": [3.0, 3.0]}, "south": {"uv": [0.0, 0.0], "uv_size": [0.0, 3.0]}, "west": {"uv": [0.0, 43.0], "uv_size": [3.0, 3.0]}, "up": {"uv": [0.0, 0.0], "uv_size": [0.0, 3.0]}, "down": {"uv": [0.0, 3.0], "uv_size": [0.0, -3.0]}}}, {"rotation": [0, 0, -22.5], "size": [0.0, 3.0, 3.0], "origin": [1.71732, 9.07612, -4.8], "pivot": [2.0999999999999996, 11.5, -3.3], "uv": {"north": {"uv": [0.0, 0.0], "uv_size": [0.0, 3.0]}, "east": {"uv": [3.0, 43.0], "uv_size": [3.0, 3.0]}, "south": {"uv": [0.0, 0.0], "uv_size": [0.0, 3.0]}, "west": {"uv": [6.0, 43.0], "uv_size": [3.0, 3.0]}, "up": {"uv": [0.0, 0.0], "uv_size": [0.0, 3.0]}, "down": {"uv": [0.0, 3.0], "uv_size": [0.0, -3.0]}}}, {"rotation": [0, -22.5, 0], "size": [0.0, 3.0, 3.000000000000001], "origin": [-2.1173199999999994, 8.6, -2.0761200000000004], "pivot": [-2.5, 10.1, -1.5], "uv": {"north": {"uv": [0.0, 0.0], "uv_size": [0.0, 3.0]}, "east": {"uv": [9.0, 43.0], "uv_size": [3.0, 3.0]}, "south": {"uv": [0.0, 0.0], "uv_size": [0.0, 3.0]}, "west": {"uv": [43.0, 9.0], "uv_size": [3.0, 3.0]}, "up": {"uv": [0.0, 0.0], "uv_size": [0.0, 3.0]}, "down": {"uv": [0.0, 3.0], "uv_size": [0.0, -3.0]}}}, {"rotation": [0, 0, -22.5], "size": [0.0, 3.0, 3.0], "origin": [-2.1173199999999994, 9.52388, -3], "pivot": [-2.5, 10.1, -1.5], "uv": {"north": {"uv": [0.0, 0.0], "uv_size": [0.0, 3.0]}, "east": {"uv": [12.0, 43.0], "uv_size": [3.0, 3.0]}, "south": {"uv": [0.0, 0.0], "uv_size": [0.0, 3.0]}, "west": {"uv": [15.0, 43.0], "uv_size": [3.0, 3.0]}, "up": {"uv": [0.0, 0.0], "uv_size": [0.0, 3.0]}, "down": {"uv": [0.0, 3.0], "uv_size": [0.0, -3.0]}}}, {"rotation": [0, 22.5, 0], "size": [0.0, 3.0, 3.0], "origin": [-2.1173199999999994, 8.6, -3.9238799999999996], "pivot": [-2.5, 10.1, -1.5], "uv": {"north": {"uv": [0.0, 0.0], "uv_size": [0.0, 3.0]}, "east": {"uv": [18.0, 43.0], "uv_size": [3.0, 3.0]}, "south": {"uv": [0.0, 0.0], "uv_size": [0.0, 3.0]}, "west": {"uv": [43.0, 18.0], "uv_size": [3.0, 3.0]}, "up": {"uv": [0.0, 0.0], "uv_size": [0.0, 3.0]}, "down": {"uv": [0.0, 3.0], "uv_size": [0.0, -3.0]}}}, {"rotation": [0, 0, 22.5], "size": [0.0, 2.999999999999999, 3.0], "origin": [-2.1173199999999994, 7.67612, -3], "pivot": [-2.5, 10.1, -1.5], "uv": {"north": {"uv": [0.0, 0.0], "uv_size": [0.0, 3.0]}, "east": {"uv": [21.0, 43.0], "uv_size": [3.0, 3.0]}, "south": {"uv": [0.0, 0.0], "uv_size": [0.0, 3.0]}, "west": {"uv": [43.0, 21.0], "uv_size": [3.0, 3.0]}, "up": {"uv": [0.0, 0.0], "uv_size": [0.0, 3.0]}, "down": {"uv": [0.0, 3.0], "uv_size": [0.0, -3.0]}}}, {"rotation": [0, -45, 0], "size": [3.0, 3.0, 3.0], "origin": [-4, 4, -1.0999999999999996], "pivot": [2.5, 9.5, 2.9000000000000004], "uv": {"north": {"uv": [21.0, 40.0], "uv_size": [3.0, 3.0]}, "east": {"uv": [40.0, 21.0], "uv_size": [3.0, 3.0]}, "south": {"uv": [40.0, 24.0], "uv_size": [3.0, 3.0]}, "west": {"uv": [40.0, 27.0], "uv_size": [3.0, 3.0]}, "up": {"uv": [27.0, 40.0], "uv_size": [3.0, 3.0]}, "down": {"uv": [24.0, 43.0], "uv_size": [3.0, -3.0]}}}]}]}]}