{"format_version": "1.19.0", "minecraft:geometry": [{"description": {"identifier": "geometry.furnace.minecraft_fj2jxrfllus", "texture_width": 32, "texture_height": 32, "visible_bounds_width": 5, "visible_bounds_height": 5, "visible_bounds_offset": [0, 0.75, 0]}, "bones": [{"name": "furnacemodel", "pivot": [0, 8, 0], "binding": "c.item_slot == 'head' ? 'head' : q.item_slot_to_bone_name(c.item_slot)"}, {"name": "furnacemodel_x", "parent": "furnacemodel", "pivot": [0, 8, 0]}, {"name": "furnacemodel_y", "parent": "furnacemodel_x", "pivot": [0, 8, 0]}, {"name": "furnacemodel_z", "parent": "furnacemodel_y", "pivot": [0, 8, 0], "cubes": [{"rotation": [0, -45, 0], "size": [0.0, 16.0, 13.0], "origin": [0, 0, -6.5], "pivot": [0, 8, 0], "uv": {"east": {"uv": [0.0, 16.0], "uv_size": [13.0, 16.0]}, "west": {"uv": [13.0, 16.0], "uv_size": [13.0, 16.0]}}}, {"rotation": [0, 45, 0], "size": [0.0, 16.0, 13.0], "origin": [0, 0, -6.5], "pivot": [0, 8, 0], "uv": {"east": {"uv": [0.0, 0.0], "uv_size": [13.0, 16.0]}, "west": {"uv": [13.0, 0.0], "uv_size": [13.0, 16.0]}}}, {"rotation": [-22.5, 0, 0], "size": [3.0, 0.0, 4.0], "origin": [-1.3293999999999997, 2.7, -3.7439999999999998], "pivot": [0.47060000000000013, 2.7, -1.3440000000000003], "uv": {"north": {"uv": [0.0, 0.0], "uv_size": [3.0, 0.0]}, "east": {"uv": [0.0, 0.0], "uv_size": [4.0, 0.0]}, "south": {"uv": [0.0, 0.0], "uv_size": [3.0, 0.0]}, "west": {"uv": [0.0, 0.0], "uv_size": [4.0, 0.0]}, "up": {"uv": [26.0, 0.0], "uv_size": [3.0, 4.0]}, "down": {"uv": [26.0, 8.0], "uv_size": [3.0, -4.0]}}}]}]}]}