{"format_version": "1.21.0", "minecraft:geometry": [{"description": {"identifier": "geometry.furnace.minecraft_fvogrnok6nd", "texture_width": 1024, "texture_height": 1024, "visible_bounds_width": 5, "visible_bounds_height": 5, "visible_bounds_offset": [0, 0.75, 0]}, "bones": [{"name": "furnacemodel", "pivot": [0, 8, 0], "binding": "c.item_slot == 'head' ? 'head' : q.item_slot_to_bone_name(c.item_slot)"}, {"name": "furnacemodel_x", "parent": "furnacemodel", "pivot": [0, 8, 0]}, {"name": "furnacemodel_y", "parent": "furnacemodel_x", "pivot": [0, 8, 0]}, {"name": "furnacemodel_z", "parent": "furnacemodel_y", "pivot": [0, 8, 0], "cubes": [{"rotation": [0, 0, 0], "size": [3.277000000000001, 3.26, 20.31175], "origin": [-22.4835, 8.78195, -10.21445], "pivot": [0.09999999999999964, 15.21848, 0.037060000000000315], "uv": {"north": {"uv": [456.0, 736.0], "uv_size": [26.0, 26.0]}, "east": {"uv": [464.0, 272.0], "uv_size": [162.0, 26.0]}, "south": {"uv": [488.0, 736.0], "uv_size": [26.0, 26.0]}, "west": {"uv": [464.0, 304.0], "uv_size": [162.0, 26.0]}, "up": {"uv": [296.0, 504.0], "uv_size": [26.0, 162.0]}, "down": {"uv": [328.0, 666.0], "uv_size": [26.0, -162.0]}}}, {"rotation": [0, 0, 0], "size": [38.307, 2.26, 20.31175], "origin": [-19.1935, 8.78195, -10.21445], "pivot": [0, 15.21848, 0.037060000000000315], "uv": {"north": {"uv": [464.0, 80.0], "uv_size": [306.0, 18.0]}, "east": {"uv": [536.0, 248.0], "uv_size": [162.0, 18.0]}, "south": {"uv": [464.0, 104.0], "uv_size": [306.0, 18.0]}, "west": {"uv": [544.0, 56.0], "uv_size": [162.0, 18.0]}, "up": {"uv": [0.0, 0.0], "uv_size": [306.0, 162.0]}, "down": {"uv": [0.0, 330.0], "uv_size": [306.0, -162.0]}}}, {"rotation": [0, 22.5, 0], "size": [5.307, 0.0, 6.31175], "origin": [12.3065, 11.06695, -8.21445], "pivot": [14.46, 11.06695, -4.55858], "uv": {"north": {"uv": [0.0, 0.0], "uv_size": [42.0, 0.0]}, "east": {"uv": [0.0, 0.0], "uv_size": [50.0, 0.0]}, "south": {"uv": [0.0, 0.0], "uv_size": [42.0, 0.0]}, "west": {"uv": [0.0, 0.0], "uv_size": [50.0, 0.0]}, "up": {"uv": [248.0, 648.0], "uv_size": [42.0, 50.0]}, "down": {"uv": [648.0, 586.0], "uv_size": [42.0, -50.0]}}}, {"rotation": [0, -22.5, 0], "size": [5.307, 0.0, 6.31175], "origin": [4.3865, 11.14195, -8.21445], "pivot": [7.54, 11.14195, -4.55858], "uv": {"north": {"uv": [0.0, 0.0], "uv_size": [42.0, 0.0]}, "east": {"uv": [0.0, 0.0], "uv_size": [50.0, 0.0]}, "south": {"uv": [0.0, 0.0], "uv_size": [42.0, 0.0]}, "west": {"uv": [0.0, 0.0], "uv_size": [50.0, 0.0]}, "up": {"uv": [64.0, 664.0], "uv_size": [42.0, 50.0]}, "down": {"uv": [664.0, 370.0], "uv_size": [42.0, -50.0]}}}, {"rotation": [0, 0, 0], "size": [18.307, 0.0, 20.43675], "origin": [-9.1935, 11.06695, -10.23945], "pivot": [0, 15.21848, 0.037060000000000315], "uv": {"north": {"uv": [0.0, 0.0], "uv_size": [146.0, 0.0]}, "east": {"uv": [0.0, 0.0], "uv_size": [163.00032, 0.0]}, "south": {"uv": [0.0, 0.0], "uv_size": [146.0, 0.0]}, "west": {"uv": [0.0, 0.0], "uv_size": [163.00032, 0.0]}, "up": {"uv": [312.0, 0.0], "uv_size": [146.0, 163.00032]}, "down": {"uv": [312.0, 331.00032], "uv_size": [146.0, -163.00032]}}}, {"rotation": [0, 0, 0], "size": [18.307, 11.0, 0.0], "origin": [-9.1935, 0.06695, -10.23945], "pivot": [0, 15.21848, 0.037060000000000315], "uv": {"north": {"uv": [0.0, 336.0], "uv_size": [146.0, 88.0]}, "east": {"uv": [0.0, 0.0], "uv_size": [0.0, 88.0]}, "south": {"uv": [152.0, 336.0], "uv_size": [146.0, 88.0]}, "west": {"uv": [0.0, 0.0], "uv_size": [0.0, 88.0]}, "up": {"uv": [0.0, 0.0], "uv_size": [146.0, 0.0]}, "down": {"uv": [0.0, 0.0], "uv_size": [146.0, 0.0]}}}, {"rotation": [0, 0, 0], "size": [18.307, 11.0, 0.0], "origin": [-9.1935, 0.06795, 10.171299999999999], "pivot": [0, 15.21948, -0.03108999999999984], "uv": {"north": {"uv": [304.0, 336.0], "uv_size": [146.0, 88.0]}, "east": {"uv": [0.0, 0.0], "uv_size": [0.0, 88.0]}, "south": {"uv": [0.0, 424.0], "uv_size": [146.0, 88.0]}, "west": {"uv": [0.0, 0.0], "uv_size": [0.0, 88.0]}, "up": {"uv": [0.0, 0.0], "uv_size": [146.0, 0.0]}, "down": {"uv": [0.0, 0.0], "uv_size": [146.0, 0.0]}}}, {"rotation": [0, 0, 0], "size": [4.823499999999999, 4.52, 2.23175], "origin": [-23.2, 7.97395, -11.47945], "pivot": [0.09999999999999964, 15.21848, -0.6629399999999999], "uv": {"north": {"uv": [664.0, 424.0], "uv_size": [39.00031999999999, 36.0]}, "east": {"uv": [88.0, 736.0], "uv_size": [18.0, 36.0]}, "south": {"uv": [664.0, 464.0], "uv_size": [39.00031999999999, 36.0]}, "west": {"uv": [520.0, 736.0], "uv_size": [18.0, 36.0]}, "up": {"uv": [112.0, 728.0], "uv_size": [39.00031999999999, 18.0]}, "down": {"uv": [208.0, 746.0], "uv_size": [39.00031999999999, -18.0]}}}, {"rotation": [0, 0, 0], "size": [4.823499999999999, 4.52, 2.231749999999998], "origin": [-23.22825, 7.97395, 9.197700000000001], "pivot": [0.09999999999999964, 15.21848, 0.037060000000000315], "uv": {"north": {"uv": [664.0, 592.0], "uv_size": [39.00031999999999, 36.0]}, "east": {"uv": [640.0, 736.0], "uv_size": [18.0, 36.0]}, "south": {"uv": [664.0, 632.0], "uv_size": [39.00031999999999, 36.0]}, "west": {"uv": [664.0, 736.0], "uv_size": [18.0, 36.0]}, "up": {"uv": [736.0, 0.0], "uv_size": [39.00031999999999, 18.0]}, "down": {"uv": [48.0, 754.0], "uv_size": [39.00032, -18.0]}}}, {"rotation": [0, 0, 0], "size": [4.823499999999999, 4.52, 2.23175], "origin": [18.2765, 7.97395, -11.47945], "pivot": [-0.1999999999999993, 15.21848, -0.6629399999999999], "uv": {"north": {"uv": [296.0, 672.0], "uv_size": [39.00031999999999, 36.0]}, "east": {"uv": [688.0, 736.0], "uv_size": [18.0, 36.0]}, "south": {"uv": [336.0, 672.0], "uv_size": [39.00031999999999, 36.0]}, "west": {"uv": [736.0, 696.0], "uv_size": [18.0, 36.0]}, "up": {"uv": [248.0, 736.0], "uv_size": [39.00031999999999, 18.0]}, "down": {"uv": [736.0, 282.0], "uv_size": [39.00031999999999, -18.0]}}}, {"rotation": [0, 0, 0], "size": [3.2769999999999992, 3.26, 20.31175], "origin": [19.1065, 8.78195, -10.21445], "pivot": [-0.1999999999999993, 15.21848, 0.037060000000000315], "uv": {"north": {"uv": [560.0, 736.0], "uv_size": [26.0, 26.0]}, "east": {"uv": [536.0, 128.0], "uv_size": [162.0, 26.0]}, "south": {"uv": [736.0, 576.0], "uv_size": [26.0, 26.0]}, "west": {"uv": [536.0, 160.0], "uv_size": [162.0, 26.0]}, "up": {"uv": [360.0, 504.0], "uv_size": [26.0, 162.0]}, "down": {"uv": [392.0, 666.0], "uv_size": [26.0, -162.0]}}}, {"rotation": [0, 0, 0], "size": [4.823499999999999, 4.52, 2.231749999999998], "origin": [18.30475, 7.97395, 9.197700000000001], "pivot": [-0.1999999999999993, 15.21848, 0.037060000000000315], "uv": {"north": {"uv": [376.0, 672.0], "uv_size": [39.00031999999999, 36.0]}, "east": {"uv": [712.0, 736.0], "uv_size": [18.0, 36.0]}, "south": {"uv": [600.0, 672.0], "uv_size": [39.00031999999999, 36.0]}, "west": {"uv": [736.0, 736.0], "uv_size": [18.0, 36.0]}, "up": {"uv": [736.0, 288.0], "uv_size": [39.00031999999999, 18.0]}, "down": {"uv": [416.0, 754.0], "uv_size": [39.00031999999999, -18.0]}}}, {"rotation": [0, 0, 0], "size": [5.0, 6.0, 0.0], "origin": [-18, 13, 7], "pivot": [-13, 13, 5], "uv": {"north": {"uv": [664.0, 376.0], "uv_size": [40.0, 48.0]}, "east": {"uv": [0.0, 0.0], "uv_size": [0.0, 48.0]}, "south": {"uv": [424.0, 664.0], "uv_size": [40.0, 48.0]}, "west": {"uv": [0.0, 0.0], "uv_size": [0.0, 48.0]}, "up": {"uv": [0.0, 0.0], "uv_size": [40.0, 0.0]}, "down": {"uv": [0.0, 0.0], "uv_size": [40.0, 0.0]}}}, {"rotation": [0, 0, 0], "size": [2.0, 2.0, 2.0], "origin": [-15, 11, 6], "pivot": [-13, 11, 5], "uv": {"north": {"uv": [568.0, 616.0], "uv_size": [16.0, 16.0]}, "east": {"uv": [632.0, 536.0], "uv_size": [16.0, 16.0]}, "south": {"uv": [528.0, 720.0], "uv_size": [16.0, 16.0]}, "west": {"uv": [272.0, 760.0], "uv_size": [16.0, 16.0]}, "up": {"uv": [440.0, 760.0], "uv_size": [16.0, 16.0]}, "down": {"uv": [544.0, 776.0], "uv_size": [16.0, -16.0]}}}, {"rotation": [0, 0, -22.5], "size": [9.0, 9.0, 9.0], "origin": [9, 17, -1], "pivot": [11.5, 21.5, 3.5], "uv": {"north": {"uv": [464.0, 128.0], "uv_size": [72.0, 72.0]}, "east": {"uv": [464.0, 200.0], "uv_size": [72.0, 72.0]}, "south": {"uv": [472.0, 416.0], "uv_size": [72.0, 72.0]}, "west": {"uv": [472.0, 488.0], "uv_size": [72.0, 72.0]}, "up": {"uv": [152.0, 504.0], "uv_size": [72.0, 72.0]}, "down": {"uv": [224.0, 576.0], "uv_size": [72.0, -72.0]}}}, {"rotation": [0, 0, -22.5], "size": [9.399999999999999, 9.399999999999999, 9.399999999999999], "origin": [8.8, 16.8, -1.2000000000000002], "pivot": [11.5, 21.5, 3.5], "uv": {"north": {"uv": [152.0, 424.0], "uv_size": [75.00031999999999, 75.00031999999999]}, "east": {"uv": [232.0, 424.0], "uv_size": [75.00031999999999, 75.00031999999999]}, "south": {"uv": [312.0, 424.0], "uv_size": [75.00031999999999, 75.00031999999999]}, "west": {"uv": [392.0, 424.0], "uv_size": [75.00031999999999, 75.00031999999999]}, "up": {"uv": [456.0, 336.0], "uv_size": [75.00031999999999, 75.00031999999999]}, "down": {"uv": [464.0, 75.00032], "uv_size": [75.00031999999999, -75.00032]}}}, {"rotation": [0, 0, -22.5], "size": [7.0, 1.0, 2.0], "origin": [8, 26, 2.5999999999999996], "pivot": [11.5, 21.5, 3.5], "uv": {"north": {"uv": [744.0, 336.0], "uv_size": [56.0, 8.0]}, "east": {"uv": [456.0, 416.0], "uv_size": [16.0, 8.0]}, "south": {"uv": [344.0, 744.0], "uv_size": [56.0, 8.0]}, "west": {"uv": [600.0, 552.0], "uv_size": [16.0, 8.0]}, "up": {"uv": [712.0, 56.0], "uv_size": [56.0, 16.0]}, "down": {"uv": [712.0, 368.0], "uv_size": [56.0, -16.0]}}}, {"rotation": [0, 0, -22.5], "size": [7.0, 1.0, 2.0], "origin": [8, 16, 2.5999999999999996], "pivot": [11.5, 21.5, 3.5], "uv": {"north": {"uv": [744.0, 344.0], "uv_size": [56.0, 8.0]}, "east": {"uv": [704.0, 496.0], "uv_size": [16.0, 8.0]}, "south": {"uv": [744.0, 528.0], "uv_size": [56.0, 8.0]}, "west": {"uv": [48.0, 728.0], "uv_size": [16.0, 8.0]}, "up": {"uv": [416.0, 720.0], "uv_size": [56.0, 16.0]}, "down": {"uv": [472.0, 736.0], "uv_size": [56.0, -16.0]}}}, {"rotation": [0, 0, -22.5], "size": [1.0, 9.0, 2.0], "origin": [8, 17, 2.5999999999999996], "pivot": [11.5, 21.5, 3.5], "uv": {"north": {"uv": [288.0, 576.0], "uv_size": [8.0, 72.0]}, "east": {"uv": [272.0, 576.0], "uv_size": [16.0, 72.0]}, "south": {"uv": [152.0, 728.0], "uv_size": [8.0, 72.0]}, "west": {"uv": [544.0, 688.0], "uv_size": [16.0, 72.0]}, "up": {"uv": [536.0, 392.0], "uv_size": [8.0, 16.0]}, "down": {"uv": [464.0, 680.0], "uv_size": [8.0, -16.0]}}}, {"rotation": [0, 0, 0], "size": [2.0, 6.0, 1.9499999999999993], "origin": [13, 11, 2.625], "pivot": [9, 0, 1], "uv": {"north": {"uv": [192.0, 712.0], "uv_size": [16.0, 48.0]}, "east": {"uv": [592.0, 712.0], "uv_size": [16.0, 48.0]}, "south": {"uv": [608.0, 712.0], "uv_size": [16.0, 48.0]}, "west": {"uv": [624.0, 712.0], "uv_size": [16.0, 48.0]}, "up": {"uv": [768.0, 56.0], "uv_size": [16.0, 16.0]}, "down": {"uv": [768.0, 192.0], "uv_size": [16.0, -16.0]}}}, {"rotation": [0, 0, 0], "size": [4.0, 2.0, 4.0], "origin": [12, 11, 1.5999999999999996], "pivot": [9, 0, 1], "uv": {"north": {"uv": [744.0, 24.0], "uv_size": [32.0, 16.0]}, "east": {"uv": [744.0, 40.0], "uv_size": [32.0, 16.0]}, "south": {"uv": [160.0, 744.0], "uv_size": [32.0, 16.0]}, "west": {"uv": [744.0, 192.0], "uv_size": [32.0, 16.0]}, "up": {"uv": [704.0, 576.0], "uv_size": [32.0, 32.0]}, "down": {"uv": [704.0, 640.0], "uv_size": [32.0, -32.0]}}}, {"rotation": [0, 0, 0], "size": [6.0, 1.0, 6.0], "origin": [11, 11, 0.5999999999999996], "pivot": [9, 0, 1], "uv": {"north": {"uv": [656.0, 240.0], "uv_size": [48.0, 8.0]}, "east": {"uv": [416.0, 712.0], "uv_size": [48.0, 8.0]}, "south": {"uv": [752.0, 160.0], "uv_size": [48.0, 8.0]}, "west": {"uv": [752.0, 168.0], "uv_size": [48.0, 8.0]}, "up": {"uv": [592.0, 192.0], "uv_size": [48.0, 48.0]}, "down": {"uv": [600.0, 48.0], "uv_size": [48.0, -48.0]}}}, {"rotation": [0, 0, 0], "size": [1.0, 2.0, 6.0], "origin": [10, 11, 0.5999999999999996], "pivot": [9, 0, 1], "uv": {"north": {"uv": [56.0, 688.0], "uv_size": [8.0, 16.0]}, "east": {"uv": [64.0, 720.0], "uv_size": [48.0, 16.0]}, "south": {"uv": [560.0, 688.0], "uv_size": [8.0, 16.0]}, "west": {"uv": [640.0, 720.0], "uv_size": [48.0, 16.0]}, "up": {"uv": [408.0, 744.0], "uv_size": [8.0, 48.0]}, "down": {"uv": [112.0, 800.0], "uv_size": [8.0, -48.0]}}}, {"rotation": [0, 0, 0], "size": [8.0, 2.0, 1.0], "origin": [10, 11, -0.40000000000000036], "pivot": [9, 0, 1], "uv": {"north": {"uv": [704.0, 176.0], "uv_size": [64.0, 16.0]}, "east": {"uv": [696.0, 576.0], "uv_size": [8.0, 16.0]}, "south": {"uv": [704.0, 640.0], "uv_size": [64.0, 16.0]}, "west": {"uv": [504.0, 768.0], "uv_size": [8.0, 16.0]}, "up": {"uv": [592.0, 240.0], "uv_size": [64.0, 8.0]}, "down": {"uv": [600.0, 56.0], "uv_size": [64.0, -8.0]}}}, {"rotation": [0, 0, 0], "size": [8.0, 2.0, 1.0], "origin": [10, 11, 6.6], "pivot": [9, 0, 1], "uv": {"north": {"uv": [704.0, 656.0], "uv_size": [64.0, 16.0]}, "east": {"uv": [512.0, 768.0], "uv_size": [8.0, 16.0]}, "south": {"uv": [0.0, 712.0], "uv_size": [64.0, 16.0]}, "west": {"uv": [560.0, 768.0], "uv_size": [8.0, 16.0]}, "up": {"uv": [712.0, 72.0], "uv_size": [64.0, 8.0]}, "down": {"uv": [712.0, 376.0], "uv_size": [64.0, -8.0]}}}, {"rotation": [0, 0, 0], "size": [1.0, 2.0, 6.0], "origin": [17, 11, 0.5999999999999996], "pivot": [9, 0, 1], "uv": {"north": {"uv": [568.0, 768.0], "uv_size": [8.0, 16.0]}, "east": {"uv": [688.0, 720.0], "uv_size": [48.0, 16.0]}, "south": {"uv": [576.0, 768.0], "uv_size": [8.0, 16.0]}, "west": {"uv": [0.0, 728.0], "uv_size": [48.0, 16.0]}, "up": {"uv": [120.0, 752.0], "uv_size": [8.0, 48.0]}, "down": {"uv": [128.0, 800.0], "uv_size": [8.0, -48.0]}}}, {"rotation": [0, 0, 0], "size": [4.0, 9.025, 4.0], "origin": [-20, -0.025, -8], "pivot": [-18, 0, -8], "uv": {"north": {"uv": [600.0, 408.0], "uv_size": [32.0, 72.0]}, "east": {"uv": [600.0, 480.0], "uv_size": [32.0, 72.0]}, "south": {"uv": [0.0, 616.0], "uv_size": [32.0, 72.0]}, "west": {"uv": [32.0, 616.0], "uv_size": [32.0, 72.0]}, "up": {"uv": [160.0, 712.0], "uv_size": [32.0, 32.0]}, "down": {"uv": [288.0, 744.0], "uv_size": [32.0, -32.0]}}}, {"rotation": [0, 0, 0], "size": [6.0, 3.0, 6.0], "origin": [-21, 0, 4], "pivot": [-18, 0, 9], "uv": {"north": {"uv": [696.0, 32.0], "uv_size": [48.0, 24.0]}, "east": {"uv": [696.0, 528.0], "uv_size": [48.0, 24.0]}, "south": {"uv": [696.0, 552.0], "uv_size": [48.0, 24.0]}, "west": {"uv": [640.0, 696.0], "uv_size": [48.0, 24.0]}, "up": {"uv": [64.0, 616.0], "uv_size": [48.0, 48.0]}, "down": {"uv": [424.0, 664.0], "uv_size": [48.0, -48.0]}}}, {"rotation": [0, 0, 0], "size": [4.0, 9.025, 4.0], "origin": [-20, -0.025, 5], "pivot": [-18, 0, 9], "uv": {"north": {"uv": [472.0, 616.0], "uv_size": [32.0, 72.0]}, "east": {"uv": [504.0, 616.0], "uv_size": [32.0, 72.0]}, "south": {"uv": [536.0, 616.0], "uv_size": [32.0, 72.0]}, "west": {"uv": [616.0, 552.0], "uv_size": [32.0, 72.0]}, "up": {"uv": [320.0, 712.0], "uv_size": [32.0, 32.0]}, "down": {"uv": [712.0, 352.0], "uv_size": [32.0, -32.0]}}}, {"rotation": [0, 0, 0], "size": [6.0, 3.0, 6.0], "origin": [-21, 0, -9], "pivot": [-18, 0, -8], "uv": {"north": {"uv": [696.0, 672.0], "uv_size": [48.0, 24.0]}, "east": {"uv": [688.0, 696.0], "uv_size": [48.0, 24.0]}, "south": {"uv": [112.0, 704.0], "uv_size": [48.0, 24.0]}, "west": {"uv": [704.0, 128.0], "uv_size": [48.0, 24.0]}, "up": {"uv": [616.0, 624.0], "uv_size": [48.0, 48.0]}, "down": {"uv": [112.0, 680.0], "uv_size": [48.0, -48.0]}}}, {"rotation": [0, 0, 0], "size": [6.0, 3.0, 6.0], "origin": [15, 0, 4], "pivot": [18, 0, 9], "uv": {"north": {"uv": [704.0, 152.0], "uv_size": [48.0, 24.0]}, "east": {"uv": [208.0, 704.0], "uv_size": [48.0, 24.0]}, "south": {"uv": [704.0, 240.0], "uv_size": [48.0, 24.0]}, "west": {"uv": [704.0, 376.0], "uv_size": [48.0, 24.0]}, "up": {"uv": [160.0, 632.0], "uv_size": [48.0, 48.0]}, "down": {"uv": [632.0, 320.0], "uv_size": [48.0, -48.0]}}}, {"rotation": [0, 0, 0], "size": [4.0, 9.025, 4.0], "origin": [16, -0.025, 5], "pivot": [18, 0, 9], "uv": {"north": {"uv": [632.0, 320.0], "uv_size": [32.0, 72.0]}, "east": {"uv": [632.0, 392.0], "uv_size": [32.0, 72.0]}, "south": {"uv": [632.0, 464.0], "uv_size": [32.0, 72.0]}, "west": {"uv": [568.0, 632.0], "uv_size": [32.0, 72.0]}, "up": {"uv": [352.0, 712.0], "uv_size": [32.0, 32.0]}, "down": {"uv": [384.0, 744.0], "uv_size": [32.0, -32.0]}}}, {"rotation": [0, 0, 0], "size": [4.0, 9.025, 4.0], "origin": [16, -0.025, -8], "pivot": [18, 0, -8], "uv": {"north": {"uv": [208.0, 576.0], "uv_size": [32.0, 72.0]}, "east": {"uv": [240.0, 576.0], "uv_size": [32.0, 72.0]}, "south": {"uv": [584.0, 560.0], "uv_size": [32.0, 72.0]}, "west": {"uv": [600.0, 336.0], "uv_size": [32.0, 72.0]}, "up": {"uv": [256.0, 704.0], "uv_size": [32.0, 32.0]}, "down": {"uv": [560.0, 736.0], "uv_size": [32.0, -32.0]}}}, {"rotation": [0, 0, 0], "size": [6.0, 3.0, 6.0], "origin": [15, 0, -9], "pivot": [18, 0, -8], "uv": {"north": {"uv": [704.0, 400.0], "uv_size": [48.0, 24.0]}, "east": {"uv": [704.0, 424.0], "uv_size": [48.0, 24.0]}, "south": {"uv": [704.0, 448.0], "uv_size": [48.0, 24.0]}, "west": {"uv": [704.0, 472.0], "uv_size": [48.0, 24.0]}, "up": {"uv": [640.0, 192.0], "uv_size": [48.0, 48.0]}, "down": {"uv": [648.0, 48.0], "uv_size": [48.0, -48.0]}}}, {"rotation": [0, 0, 0], "size": [5.0, 2.0, 7.000000000000001], "origin": [-2.4000000000000004, 11, -3.7], "pivot": [2.5999999999999996, 11, -3.7], "uv": {"north": {"uv": [736.0, 608.0], "uv_size": [40.0, 16.0]}, "east": {"uv": [720.0, 496.0], "uv_size": [56.0, 16.0]}, "south": {"uv": [736.0, 624.0], "uv_size": [40.0, 16.0]}, "west": {"uv": [720.0, 512.0], "uv_size": [56.0, 16.0]}, "up": {"uv": [112.0, 512.0], "uv_size": [40.0, 56.0]}, "down": {"uv": [208.0, 704.0], "uv_size": [40.0, -56.0]}}}, {"rotation": [0, 0, 0], "size": [2.1999999999999993, 2.1999999999999993, 2.1999999999999993], "origin": [-2.5999999999999996, 11, 1.3000000000000007], "pivot": [2.5999999999999996, 11, -3.7], "uv": {"north": {"uv": [248.0, 760.0], "uv_size": [18.0, 18.0]}, "east": {"uv": [416.0, 760.0], "uv_size": [18.0, 18.0]}, "south": {"uv": [592.0, 760.0], "uv_size": [18.0, 18.0]}, "west": {"uv": [616.0, 760.0], "uv_size": [18.0, 18.0]}, "up": {"uv": [760.0, 696.0], "uv_size": [18.0, 18.0]}, "down": {"uv": [760.0, 738.0], "uv_size": [18.0, -18.0]}}}, {"rotation": [0, 0, 0], "size": [2.1999999999999993, 2.1999999999999993, 2.2], "origin": [-2.5999999999999996, 11, -3.9000000000000004], "pivot": [2.5999999999999996, 11, -8.7], "uv": {"north": {"uv": [760.0, 744.0], "uv_size": [18.0, 18.0]}, "east": {"uv": [160.0, 768.0], "uv_size": [18.0, 18.0]}, "south": {"uv": [184.0, 768.0], "uv_size": [18.0, 18.0]}, "west": {"uv": [208.0, 768.0], "uv_size": [18.0, 18.0]}, "up": {"uv": [768.0, 312.0], "uv_size": [18.0, 18.0]}, "down": {"uv": [320.0, 786.0], "uv_size": [18.0, -18.0]}}}, {"rotation": [0, -22.5, 0], "size": [7.0, 1.0, 7.0], "origin": [-17.6, 11, -4], "pivot": [-15.399999999999999, 12.5, -0.5], "uv": {"north": {"uv": [744.0, 536.0], "uv_size": [56.0, 8.0]}, "east": {"uv": [744.0, 544.0], "uv_size": [56.0, 8.0]}, "south": {"uv": [744.0, 552.0], "uv_size": [56.0, 8.0]}, "west": {"uv": [744.0, 560.0], "uv_size": [56.0, 8.0]}, "up": {"uv": [0.0, 512.0], "uv_size": [56.0, 56.0]}, "down": {"uv": [56.0, 568.0], "uv_size": [56.0, -56.0]}}}, {"rotation": [0, -22.5, 0], "size": [5.800000000000001, 1.0, 6.6000000000000005], "origin": [-16.6, 12, -3.8], "pivot": [-15.399999999999999, 12.5, -0.5], "uv": {"north": {"uv": [752.0, 256.0], "uv_size": [46.0, 8.0]}, "east": {"uv": [752.0, 144.0], "uv_size": [53.00031999999999, 8.0]}, "south": {"uv": [160.0, 760.0], "uv_size": [46.0, 8.0]}, "west": {"uv": [752.0, 152.0], "uv_size": [53.00031999999999, 8.0]}, "up": {"uv": [112.0, 576.0], "uv_size": [46.0, 53.00031999999999]}, "down": {"uv": [160.0, 629.00032], "uv_size": [46.0, -53.00031999999999]}}}, {"rotation": [0, -22.5, 0], "size": [7.0, 1.0, 7.0], "origin": [-17.6, 13, -4], "pivot": [-15.399999999999999, 12.5, -0.5], "uv": {"north": {"uv": [744.0, 568.0], "uv_size": [56.0, 8.0]}, "east": {"uv": [744.0, 672.0], "uv_size": [56.0, 8.0]}, "south": {"uv": [744.0, 680.0], "uv_size": [56.0, 8.0]}, "west": {"uv": [744.0, 688.0], "uv_size": [56.0, 8.0]}, "up": {"uv": [536.0, 192.0], "uv_size": [56.0, 56.0]}, "down": {"uv": [536.0, 392.0], "uv_size": [56.0, -56.0]}}}, {"rotation": [0, -22.5, 0], "size": [1.0, 1.0, 7.0], "origin": [-17.6, 12, -4], "pivot": [-15.399999999999999, 12.5, -0.5], "uv": {"north": {"uv": [536.0, 408.0], "uv_size": [8.0, 8.0]}, "east": {"uv": [752.0, 128.0], "uv_size": [56.0, 8.0]}, "south": {"uv": [144.0, 568.0], "uv_size": [8.0, 8.0]}, "west": {"uv": [752.0, 136.0], "uv_size": [56.0, 8.0]}, "up": {"uv": [592.0, 336.0], "uv_size": [8.0, 56.0]}, "down": {"uv": [400.0, 800.0], "uv_size": [8.0, -56.0]}}}, {"rotation": [0, 0, -22.5], "size": [3.0, 1.0, 1.0], "origin": [-7.2326999999999995, 13, -1.0805499999999997], "pivot": [-3.2326999999999995, 13.5, -0.5805499999999997], "uv": {"north": {"uv": [760.0, 232.0], "uv_size": [24.0, 8.0]}, "east": {"uv": [464.0, 680.0], "uv_size": [8.0, 8.0]}, "south": {"uv": [456.0, 768.0], "uv_size": [24.0, 8.0]}, "west": {"uv": [56.0, 704.0], "uv_size": [8.0, 8.0]}, "up": {"uv": [768.0, 456.0], "uv_size": [24.0, 8.0]}, "down": {"uv": [768.0, 472.0], "uv_size": [24.0, -8.0]}}}, {"rotation": [0, 0, -22.5], "size": [1.0, 1.0, 3.999999999999999], "origin": [-4.2326999999999995, 13, -2.5805499999999997], "pivot": [-3.2326999999999995, 13.5, -0.5805499999999997], "uv": {"north": {"uv": [160.0, 704.0], "uv_size": [8.0, 8.0]}, "east": {"uv": [112.0, 568.0], "uv_size": [32.0, 8.0]}, "south": {"uv": [288.0, 704.0], "uv_size": [8.0, 8.0]}, "west": {"uv": [664.0, 48.0], "uv_size": [32.0, 8.0]}, "up": {"uv": [416.0, 672.0], "uv_size": [8.0, 32.0]}, "down": {"uv": [392.0, 784.0], "uv_size": [8.0, -32.0]}}}, {"rotation": [0, 0, -22.5], "size": [1.0, 1.0, 3.999999999999999], "origin": [-1.2326999999999995, 13, -2.5805499999999997], "pivot": [-3.2326999999999995, 13.5, -0.5805499999999997], "uv": {"north": {"uv": [416.0, 704.0], "uv_size": [8.0, 8.0]}, "east": {"uv": [664.0, 528.0], "uv_size": [32.0, 8.0]}, "south": {"uv": [592.0, 704.0], "uv_size": [8.0, 8.0]}, "west": {"uv": [704.0, 264.0], "uv_size": [32.0, 8.0]}, "up": {"uv": [344.0, 768.0], "uv_size": [8.0, 32.0]}, "down": {"uv": [352.0, 800.0], "uv_size": [8.0, -32.0]}}}, {"rotation": [0, 0, -22.5], "size": [2.0, 1.0, 1.0], "origin": [-3.2326999999999995, 13, 0.41944999999999943], "pivot": [-3.2326999999999995, 13.5, -0.5805499999999997], "uv": {"north": {"uv": [768.0, 576.0], "uv_size": [16.0, 8.0]}, "east": {"uv": [248.0, 728.0], "uv_size": [8.0, 8.0]}, "south": {"uv": [768.0, 584.0], "uv_size": [16.0, 8.0]}, "west": {"uv": [736.0, 24.0], "uv_size": [8.0, 8.0]}, "up": {"uv": [768.0, 592.0], "uv_size": [16.0, 8.0]}, "down": {"uv": [768.0, 608.0], "uv_size": [16.0, -8.0]}}}, {"rotation": [0, 0, -22.5], "size": [2.0, 1.0, 1.0], "origin": [-3.2326999999999995, 13, -2.5805499999999997], "pivot": [-3.2326999999999995, 13.5, -0.5805499999999997], "uv": {"north": {"uv": [768.0, 640.0], "uv_size": [16.0, 8.0]}, "east": {"uv": [736.0, 312.0], "uv_size": [8.0, 8.0]}, "south": {"uv": [768.0, 648.0], "uv_size": [16.0, 8.0]}, "west": {"uv": [584.0, 768.0], "uv_size": [8.0, 8.0]}, "up": {"uv": [768.0, 656.0], "uv_size": [16.0, 8.0]}, "down": {"uv": [768.0, 672.0], "uv_size": [16.0, -8.0]}}}, {"rotation": [0, 0, -22.5], "size": [2.0, 0.0, 1.9999999999999991], "origin": [-3.2326999999999995, 13.5, -1.5805499999999997], "pivot": [-3.2326999999999995, 13.5, -0.5805499999999997], "uv": {"north": {"uv": [0.0, 0.0], "uv_size": [16.0, 0.0]}, "east": {"uv": [0.0, 0.0], "uv_size": [16.0, 0.0]}, "south": {"uv": [0.0, 0.0], "uv_size": [16.0, 0.0]}, "west": {"uv": [0.0, 0.0], "uv_size": [16.0, 0.0]}, "up": {"uv": [768.0, 352.0], "uv_size": [16.0, 16.0]}, "down": {"uv": [360.0, 784.0], "uv_size": [16.0, -16.0]}}}, {"rotation": [-45, 0, 0], "size": [7.0, 3.0, 7.000000000000002], "origin": [-3.54645, 18, 2.1464499999999997], "pivot": [2.95355, 4.5, -1.3535500000000003], "uv": {"north": {"uv": [664.0, 504.0], "uv_size": [56.0, 24.0]}, "east": {"uv": [640.0, 672.0], "uv_size": [56.0, 24.0]}, "south": {"uv": [112.0, 680.0], "uv_size": [56.0, 24.0]}, "west": {"uv": [680.0, 272.0], "uv_size": [56.0, 24.0]}, "up": {"uv": [544.0, 0.0], "uv_size": [56.0, 56.0]}, "down": {"uv": [544.0, 448.0], "uv_size": [56.0, -56.0]}}}, {"rotation": [-45, 0, 0], "size": [7.0, 7.0, 5.999999999999999], "origin": [-3.5, 15, -3.8], "pivot": [2.5999999999999996, 3, -1], "uv": {"north": {"uv": [544.0, 448.0], "uv_size": [56.0, 56.0]}, "east": {"uv": [424.0, 504.0], "uv_size": [48.0, 56.0]}, "south": {"uv": [544.0, 504.0], "uv_size": [56.0, 56.0]}, "west": {"uv": [536.0, 560.0], "uv_size": [48.0, 56.0]}, "up": {"uv": [0.0, 568.0], "uv_size": [56.0, 48.0]}, "down": {"uv": [56.0, 616.0], "uv_size": [56.0, -48.0]}}}, {"rotation": [-45, 0, 0], "size": [2.0, 2.0, 3.000000000000001], "origin": [2.5, 21, -0.7000000000000002], "pivot": [2.5999999999999996, 3, -1], "uv": {"north": {"uv": [376.0, 768.0], "uv_size": [16.0, 16.0]}, "east": {"uv": [208.0, 752.0], "uv_size": [24.0, 16.0]}, "south": {"uv": [768.0, 376.0], "uv_size": [16.0, 16.0]}, "west": {"uv": [752.0, 240.0], "uv_size": [24.0, 16.0]}, "up": {"uv": [136.0, 752.0], "uv_size": [16.0, 24.0]}, "down": {"uv": [232.0, 776.0], "uv_size": [16.0, -24.0]}}}, {"rotation": [-45, 0, 0], "size": [2.0, 2.0, 3.000000000000001], "origin": [-4.5, 21, -0.7000000000000002], "pivot": [-0.40000000000000036, 3, -1], "uv": {"north": {"uv": [768.0, 392.0], "uv_size": [16.0, 16.0]}, "east": {"uv": [344.0, 752.0], "uv_size": [24.0, 16.0]}, "south": {"uv": [768.0, 408.0], "uv_size": [16.0, 16.0]}, "west": {"uv": [368.0, 752.0], "uv_size": [24.0, 16.0]}, "up": {"uv": [752.0, 376.0], "uv_size": [16.0, 24.0]}, "down": {"uv": [752.0, 424.0], "uv_size": [16.0, -24.0]}}}, {"rotation": [-45, 0, 0], "size": [7.0, 3.0, 7.0], "origin": [-3.5, 15, 2], "pivot": [2.5999999999999996, 3, -1], "uv": {"north": {"uv": [680.0, 296.0], "uv_size": [56.0, 24.0]}, "east": {"uv": [0.0, 688.0], "uv_size": [56.0, 24.0]}, "south": {"uv": [688.0, 192.0], "uv_size": [56.0, 24.0]}, "west": {"uv": [688.0, 216.0], "uv_size": [56.0, 24.0]}, "up": {"uv": [424.0, 560.0], "uv_size": [56.0, 56.0]}, "down": {"uv": [480.0, 616.0], "uv_size": [56.0, -56.0]}}}, {"rotation": [-45, 0, 0], "size": [2.0, 4.0, 4.999999999999999], "origin": [-5.5, 15, -3.8], "pivot": [2.5999999999999996, 3, -1], "uv": {"north": {"uv": [648.0, 592.0], "uv_size": [16.0, 32.0]}, "east": {"uv": [168.0, 680.0], "uv_size": [40.0, 32.0]}, "south": {"uv": [744.0, 208.0], "uv_size": [16.0, 32.0]}, "west": {"uv": [464.0, 688.0], "uv_size": [40.0, 32.0]}, "up": {"uv": [600.0, 632.0], "uv_size": [16.0, 40.0]}, "down": {"uv": [0.0, 784.0], "uv_size": [16.0, -40.0]}}}, {"rotation": [-45, 0, 0], "size": [2.0, 4.0, 4.999999999999999], "origin": [3.5, 15, -3.8], "pivot": [2.5999999999999996, 3, -1], "uv": {"north": {"uv": [288.0, 744.0], "uv_size": [16.0, 32.0]}, "east": {"uv": [504.0, 688.0], "uv_size": [40.0, 32.0]}, "south": {"uv": [304.0, 744.0], "uv_size": [16.0, 32.0]}, "west": {"uv": [696.0, 0.0], "uv_size": [40.0, 32.0]}, "up": {"uv": [16.0, 744.0], "uv_size": [16.0, 40.0]}, "down": {"uv": [32.0, 784.0], "uv_size": [16.0, -40.0]}}}, {"rotation": [0, 0, 0], "size": [2.0, 3.0, 2.0], "origin": [-12, 11, -8], "pivot": [-10, 11, -8], "uv": {"north": {"uv": [752.0, 424.0], "uv_size": [16.0, 24.0]}, "east": {"uv": [752.0, 448.0], "uv_size": [16.0, 24.0]}, "south": {"uv": [752.0, 472.0], "uv_size": [16.0, 24.0]}, "west": {"uv": [48.0, 760.0], "uv_size": [16.0, 24.0]}, "up": {"uv": [768.0, 424.0], "uv_size": [16.0, 16.0]}, "down": {"uv": [768.0, 456.0], "uv_size": [16.0, -16.0]}}}, {"rotation": [0, 0, 0], "size": [2.3999999999999986, 1.0, 2.4000000000000004], "origin": [-12.2, 11, -8.2], "pivot": [-10, 11, -8], "uv": {"north": {"uv": [768.0, 472.0], "uv_size": [19.000319999999988, 8.0]}, "east": {"uv": [480.0, 768.0], "uv_size": [19.000319999999988, 8.0]}, "south": {"uv": [768.0, 480.0], "uv_size": [19.000319999999988, 8.0]}, "west": {"uv": [768.0, 488.0], "uv_size": [19.000319999999988, 8.0]}, "up": {"uv": [64.0, 760.0], "uv_size": [19.000320000000002, 19.000319999999988]}, "down": {"uv": [760.0, 227.00032], "uv_size": [19.000319999999988, -19.000319999999988]}}}, {"rotation": [0, 0, 0], "size": [2.400000000000002, 3.0, 0.0], "origin": [-14.600000000000001, 11, -7], "pivot": [-10.399999999999999, 11, -7.8], "uv": {"north": {"uv": [744.0, 312.0], "uv_size": [19.000319999999988, 24.0]}, "east": {"uv": [0.0, 0.0], "uv_size": [0.0, 24.0]}, "south": {"uv": [320.0, 744.0], "uv_size": [19.000319999999988, 24.0]}, "west": {"uv": [0.0, 0.0], "uv_size": [0.0, 24.0]}, "up": {"uv": [0.0, 0.0], "uv_size": [19.00032, 0.0]}, "down": {"uv": [0.0, 0.0], "uv_size": [19.00032, 0.0]}}}, {"rotation": [0, 0, 0], "size": [1.0, 1.0, 1.0], "origin": [-11.5, 14, -7.5], "pivot": [-9.5, 11, -8.5], "uv": {"north": {"uv": [760.0, 768.0], "uv_size": [8.0, 8.0]}, "east": {"uv": [768.0, 768.0], "uv_size": [8.0, 8.0]}, "south": {"uv": [776.0, 0.0], "uv_size": [8.0, 8.0]}, "west": {"uv": [776.0, 8.0], "uv_size": [8.0, 8.0]}, "up": {"uv": [776.0, 16.0], "uv_size": [8.0, 8.0]}, "down": {"uv": [776.0, 32.0], "uv_size": [8.0, -8.0]}}}, {"rotation": [0, 0, 0], "size": [1.0, 1.0, 0.0], "origin": [-11.5, 15, -7], "pivot": [-9.5, 11, -9], "uv": {"north": {"uv": [776.0, 32.0], "uv_size": [8.0, 8.0]}, "east": {"uv": [0.0, 0.0], "uv_size": [0.0, 8.0]}, "south": {"uv": [776.0, 40.0], "uv_size": [8.0, 8.0]}, "west": {"uv": [0.0, 0.0], "uv_size": [0.0, 8.0]}, "up": {"uv": [0.0, 0.0], "uv_size": [8.0, 0.0]}, "down": {"uv": [0.0, 0.0], "uv_size": [8.0, 0.0]}}}]}]}]}