{"format_version":"1.16.0","minecraft:geometry":[{"description":{"identifier":"geometry.geyser_custom.geo_540849e","texture_width":16,"texture_height":16,"visible_bounds_width":4,"visible_bounds_height":4.5,"visible_bounds_offset":[0,0.75,0]},"bones":[{"name":"geyser_custom","binding":"c.item_slot == 'head' ? 'head' : q.item_slot_to_bone_name(c.item_slot)","pivot":[0,8,0]},{"name":"geyser_custom_x","parent":"geyser_custom","pivot":[0,8,0]},{"name":"geyser_custom_y","parent":"geyser_custom_x","pivot":[0,8,0]},{"name":"geyser_custom_z","parent":"geyser_custom_y","pivot":[0,8,0],"cubes":[]},{"parent":"geyser_custom_z","pivot":[5,0,0],"rotation":[0,0,-22.5],"cubes":[{"origin":[5,0,-8],"size":[3,1,16],"pivot":[5,0,0],"uv":{"north":{"uv":[15.5904,10.0032],"uv_size":[-0.5904,0.1968]},"south":{"uv":[11.7904,10.0032],"uv_size":[-0.5904,0.1968]},"east":{"uv":[11.184,10.0032],"uv_size":[-3.184,0.1968]},"west":{"uv":[14.984,10.0032],"uv_size":[-3.184,0.1968]},"up":{"uv":[11.2096,9.984],"uv_size":[0.5904,-3.184]},"down":{"uv":[11.8096,6.816],"uv_size":[0.5904,3.184]}}}],"name":"rot_1"},{"parent":"geyser_custom_z","pivot":[1,-0.1,-1],"rotation":[0,-0,0],"cubes":[{"origin":[-5,-0.1,-5],"size":[10,6,10],"pivot":[1,-0.1,-1],"uv":{"north":{"uv":[2.016,5.416],"uv_size":[1.984,1.184]},"south":{"uv":[3.984,5.416],"uv_size":[-1.984,1.184]},"east":{"uv":[5.984,5.416],"uv_size":[-1.984,1.184]},"west":{"uv":[4.016,5.416],"uv_size":[1.984,1.184]},"up":{"uv":[2.016,3.416],"uv_size":[1.984,1.984]},"down":{"uv":[4.016,5.384],"uv_size":[1.984,-1.984]}}}],"name":"rot_2"},{"parent":"geyser_custom_z","pivot":[1,0,1],"rotation":[0,-0,0],"cubes":[{"origin":[-5.25,-0.25,-5.25],"size":[10.5,6.5,10.5],"pivot":[1,0,1],"uv":{"north":{"uv":[3.984,8.616],"uv_size":[-1.984,1.184]},"south":{"uv":[7.984,8.616],"uv_size":[-1.984,1.184]},"east":{"uv":[5.984,8.616],"uv_size":[-1.984,1.184]},"west":{"uv":[0.016,8.616],"uv_size":[1.984,1.184]},"up":{"uv":[2.016,8.584],"uv_size":[1.984,-1.984]},"down":{"uv":[4.016,6.616],"uv_size":[1.984,1.984]}}}],"name":"rot_3"},{"parent":"geyser_custom_z","pivot":[-1,0,-1],"rotation":[0,-0,0],"cubes":[{"origin":[-5,0,-8],"size":[10,1,16],"pivot":[-1,0,-1],"uv":{"north":{"uv":[10.384,3.2032],"uv_size":[-1.984,0.1968]},"south":{"uv":[5.184,3.2032],"uv_size":[-1.984,0.1968]},"east":{"uv":[3.184,3.2032],"uv_size":[-3.184,0.1968]},"west":{"uv":[8.384,3.2032],"uv_size":[-3.184,0.1968]},"up":{"uv":[3.216,3.184],"uv_size":[1.984,-3.184]},"down":{"uv":[5.216,0.016],"uv_size":[1.984,3.184]}}}],"name":"rot_4"},{"parent":"geyser_custom_z","pivot":[-5,0,0],"rotation":[0,0,22.5],"cubes":[{"origin":[-8,0,-8],"size":[3,1,16],"pivot":[-5,0,0],"uv":{"north":{"uv":[15.5904,6.6032],"uv_size":[-0.5904,0.1968]},"south":{"uv":[11.7904,6.6032],"uv_size":[-0.5904,0.1968]},"east":{"uv":[11.184,6.6032],"uv_size":[-3.184,0.1968]},"west":{"uv":[14.984,6.6032],"uv_size":[-3.184,0.1968]},"up":{"uv":[11.2096,6.584],"uv_size":[0.5904,-3.184]},"down":{"uv":[11.8096,3.416],"uv_size":[0.5904,3.184]}}}],"name":"rot_5"}]}]}
