{"format_version":"1.16.0","minecraft:geometry":[{"description":{"identifier":"geometry.cursed_pickaxe","texture_width":256,"texture_height":256,"visible_bounds_width":3,"visible_bounds_height":1.5,"visible_bounds_offset":[0,0.25,0]},"bones":[{"name":"geyser_custom","pivot":[0,8,0],"binding":"c.item_slot == 'head' ? 'head' : q.item_slot_to_bone_name(c.item_slot)"},{"name":"geyser_custom_x","parent":"geyser_custom","pivot":[0,8,0]},{"name":"geyser_custom_y","parent":"geyser_custom_x","pivot":[0,8,0]},{"name":"geyser_custom_z","parent":"geyser_custom_y","pivot":[0,8,0]},{"name":"pickaxe","parent":"geyser_custom_z","pivot":[0,8,0],"cubes":[{"origin":[-0.744,0.348,-15.38],"size":[1.408,1.408,28.16],"uv":{"north":{"uv":[40,40],"uv_size":[2,2]},"east":{"uv":[0,40],"uv_size":[40,2]},"south":{"uv":[82,40],"uv_size":[2,2]},"west":{"uv":[42,40],"uv_size":[40,2]},"up":{"uv":[40,0],"uv_size":[2,40]},"down":{"uv":[42,40],"uv_size":[2,-40]}}},{"origin":[-1.096,-0.004,-14.676],"size":[2.112,2.112,7.744],"uv":{"north":{"uv":[126,38],"uv_size":[3,3]},"east":{"uv":[115,38],"uv_size":[11,3]},"south":{"uv":[140,38],"uv_size":[3,3]},"west":{"uv":[129,38],"uv_size":[11,3]},"up":{"uv":[126,27],"uv_size":[3,11]},"down":{"uv":[129,38],"uv_size":[3,-11]}}},{"origin":[-6.728,0.348,-13.268],"size":[5.632,1.408,2.112],"uv":{"north":{"uv":[93,115],"uv_size":[8,2]},"south":{"uv":[104,115],"uv_size":[8,2]},"up":{"uv":[93,112],"uv_size":[8,3]},"down":{"uv":[101,115],"uv_size":[8,-3]}}},{"origin":[1.016,0.348,-13.268],"size":[5.632,1.408,2.112],"uv":{"north":{"uv":[93,115],"uv_size":[8,2]},"south":{"uv":[104,115],"uv_size":[8,2]},"up":{"uv":[93,112],"uv_size":[8,3]},"down":{"uv":[101,115],"uv_size":[8,-3]}}},{"origin":[-9.544,-0.004,-13.268],"size":[2.816,2.112,3.52],"pivot":[-6.728,9.052,-13.268],"rotation":[0,22.5,0],"uv":{"north":{"uv":[61,148],"uv_size":[4,3]},"east":{"uv":[56,148],"uv_size":[5,3]},"south":{"uv":[70,148],"uv_size":[4,3]},"west":{"uv":[65,148],"uv_size":[5,3]},"up":{"uv":[61,143],"uv_size":[4,5]},"down":{"uv":[65,148],"uv_size":[4,-5]}}},{"origin":[-15.704,0.348,-12.388],"size":[7.04,1.408,1.408],"pivot":[-8.664,9.052,-12.564],"rotation":[0,45,0],"uv":{"north":{"uv":[89,2],"uv_size":[10,2]},"east":{"uv":[87,2],"uv_size":[2,2]},"south":{"uv":[101,2],"uv_size":[10,2]},"up":{"uv":[89,0],"uv_size":[10,2]},"down":{"uv":[99,2],"uv_size":[10,-2]}}},{"origin":[-6.738,0.69,-10.814],"size":[5.652,0.724,0.724],"uv":{"north":{"uv":[28,97],"uv_size":[8,1]},"south":{"uv":[37,97],"uv_size":[8,1]},"up":{"uv":[28,96],"uv_size":[8,1]},"down":{"uv":[36,97],"uv_size":[8,-1]}}},{"origin":[-12,0.7,-9.924],"size":[4.04,0.704,0.704],"pivot":[-7.96,9.052,-9.22],"rotation":[0,22.5,0],"uv":{"north":{"uv":[81,25],"uv_size":[10,1]},"south":{"uv":[92,25],"uv_size":[10,1]},"up":{"uv":[81,24],"uv_size":[10,1]},"down":{"uv":[91,25],"uv_size":[10,-1]}}},{"origin":[7.88,0.7,-9.924],"size":[5.04,0.704,0.704],"pivot":[7.88,9.052,-9.22],"rotation":[0,-22.5,0],"uv":{"north":{"uv":[62,47],"uv_size":[10,1]},"south":{"uv":[73,47],"uv_size":[10,1]},"up":{"uv":[62,46],"uv_size":[10,1]},"down":{"uv":[72,47],"uv_size":[10,-1]}}},{"origin":[1.006,0.69,-10.814],"size":[5.652,0.724,0.724],"uv":{"north":{"uv":[91,39],"uv_size":[8,1]},"south":{"uv":[100,39],"uv_size":[8,1]},"up":{"uv":[91,38],"uv_size":[8,1]},"down":{"uv":[99,39],"uv_size":[8,-1]}}},{"origin":[8.584,0.348,-12.388],"size":[7.04,1.408,1.408],"pivot":[8.584,9.052,-12.564],"rotation":[0,-45,0],"uv":{"north":{"uv":[99,2],"uv_size":[-10,2]},"south":{"uv":[111,2],"uv_size":[-10,2]},"west":{"uv":[101,2],"uv_size":[-2,2]},"up":{"uv":[99,0],"uv_size":[-10,2]},"down":{"uv":[109,2],"uv_size":[-10,-2]}}},{"origin":[6.648,-0.004,-13.268],"size":[2.816,2.112,3.52],"pivot":[6.648,9.052,-13.268],"rotation":[0,-22.5,0],"uv":{"north":{"uv":[65,148],"uv_size":[-4,3]},"east":{"uv":[65,148],"uv_size":[5,3]},"south":{"uv":[74,148],"uv_size":[-4,3]},"west":{"uv":[61,148],"uv_size":[-5,3]},"up":{"uv":[65,143],"uv_size":[-4,5]},"down":{"uv":[69,148],"uv_size":[-4,-5]}}},{"origin":[-0.392,0.7,-10.804],"size":[4.224,0.704,0.704],"pivot":[3.832,9.052,-10.1],"rotation":[0,45,0],"uv":{"north":{"uv":[28,90],"uv_size":[6,1]},"south":{"uv":[35,90],"uv_size":[6,1]},"up":{"uv":[28,89],"uv_size":[6,1]},"down":{"uv":[34,90],"uv_size":[6,-1]}}},{"origin":[-3.912,0.7,-10.804],"size":[4.224,0.704,0.704],"pivot":[-3.912,9.052,-10.1],"rotation":[0,-45,0],"uv":{"north":{"uv":[77,64],"uv_size":[6,1]},"south":{"uv":[84,64],"uv_size":[6,1]},"up":{"uv":[77,63],"uv_size":[6,1]},"down":{"uv":[83,64],"uv_size":[6,-1]}}},{"origin":[-1.096,-0.004,9.26],"size":[2.112,2.112,2.816],"uv":{"north":{"uv":[113,45],"uv_size":[3,3]},"east":{"uv":[109,45],"uv_size":[4,3]},"south":{"uv":[120,45],"uv_size":[3,3]},"west":{"uv":[116,45],"uv_size":[4,3]},"up":{"uv":[113,41],"uv_size":[3,4]},"down":{"uv":[116,45],"uv_size":[3,-4]}}}]}]}]}