{"format_version":"1.16.0","minecraft:geometry":[{"description":{"identifier":"geometry.dynamite_model","texture_width":32,"texture_height":32,"visible_bounds_width":3,"visible_bounds_height":1.5,"visible_bounds_offset":[0,0.25,0]},"bones":[{"name":"geyser_custom","pivot":[0,8,0],"binding":"c.item_slot == 'head' ? 'head' : q.item_slot_to_bone_name(c.item_slot)"},{"name":"geyser_custom_x","parent":"geyser_custom","pivot":[0,8,0]},{"name":"geyser_custom_y","parent":"geyser_custom_x","pivot":[0,8,0]},{"name":"geyser_custom_z","parent":"geyser_custom_y","pivot":[0,8,0]},{"name":"dynamite","parent":"geyser_custom_z","pivot":[0,8,0],"cubes":[{"origin":[-2,0,-8],"size":[4,4,16],"uv":{"north":{"uv":[8,8],"uv_size":[4,4]},"east":{"uv":[0,0],"uv_size":[16,4]},"south":{"uv":[8,12],"uv_size":[4,4]},"west":{"uv":[0,4],"uv_size":[16,4]},"up":{"uv":[0,8],"uv_size":[4,16]},"down":{"uv":[4,24],"uv_size":[4,-16]}}},{"origin":[-7,1,7],"size":[3,2,1],"uv":{"north":{"uv":[12,12],"uv_size":[3,2]},"east":{"uv":[16,0],"uv_size":[1,2]},"south":{"uv":[12,14],"uv_size":[3,2]},"west":{"uv":[16,2],"uv_size":[1,2]},"up":{"uv":[15,14],"uv_size":[3,1]},"down":{"uv":[15,16],"uv_size":[3,-1]}}},{"origin":[-4,1,8],"size":[4,2,1],"uv":{"north":{"uv":[12,8],"uv_size":[4,2]},"east":{"uv":[16,4],"uv_size":[1,2]},"south":{"uv":[12,10],"uv_size":[4,2]},"west":{"uv":[16,6],"uv_size":[1,2]},"up":{"uv":[15,12],"uv_size":[4,1]},"down":{"uv":[15,14],"uv_size":[4,-1]}}}]}]}]}