{"format_version":"1.16.0","minecraft:geometry":[{"description":{"identifier":"geometry.hero_backpack_item","texture_width":35,"texture_height":51,"visible_bounds_width":2,"visible_bounds_height":2.5,"visible_bounds_offset":[0,0.75,0]},"bones":[{"name":"geyser_custom","pivot":[0,8,0],"binding":"c.item_slot == 'head' ? 'head' : q.item_slot_to_bone_name(c.item_slot)"},{"name":"geyser_custom_x","parent":"geyser_custom","pivot":[0,8,0]},{"name":"geyser_custom_y","parent":"geyser_custom_x","pivot":[0,8,0]},{"name":"geyser_custom_z","parent":"geyser_custom_y","pivot":[0,8,0]},{"name":"potion","parent":"geyser_custom_z","pivot":[0,8,0],"cubes":[{"origin":[5,0,0],"size":[2,3,3],"pivot":[8,1,-8],"rotation":[0,0,22.5],"uv":{"north":{"uv":[21,34],"uv_size":[2,3]},"east":{"uv":[18,34],"uv_size":[3,3]},"south":{"uv":[21,37],"uv_size":[2,3]},"west":{"uv":[18,37],"uv_size":[3,3]},"up":{"uv":[23,34],"uv_size":[2,3]},"down":{"uv":[23,40],"uv_size":[2,-3]}}},{"origin":[5,3,1],"size":[2,1,1],"pivot":[8,1,-8],"rotation":[0,0,22.5],"uv":{"north":{"uv":[25,35],"uv_size":[2,1]},"east":{"uv":[24,41],"uv_size":[1,1]},"south":{"uv":[25,36],"uv_size":[2,1]},"west":{"uv":[25,40],"uv_size":[1,1]}}},{"origin":[5,4,0],"size":[2,1,3],"pivot":[8,1,-8],"rotation":[0,0,22.5],"uv":{"north":{"uv":[25,38],"uv_size":[2,1]},"east":{"uv":[22,40],"uv_size":[3,1]},"south":{"uv":[25,39],"uv_size":[2,1]},"west":{"uv":[25,34],"uv_size":[3,1]},"up":{"uv":[18,40],"uv_size":[2,3]},"down":{"uv":[20,43],"uv_size":[2,-3]}}}]},{"name":"potion2","parent":"geyser_custom_z","pivot":[0,8,0],"cubes":[{"origin":[4,1,-6],"size":[2,3,3],"pivot":[8,1,-8],"rotation":[0,22.5,0],"uv":{"north":{"uv":[21,34],"uv_size":[2,3]},"east":{"uv":[18,34],"uv_size":[3,3]},"south":{"uv":[21,37],"uv_size":[2,3]},"west":{"uv":[18,37],"uv_size":[3,3]},"up":{"uv":[23,34],"uv_size":[2,3]},"down":{"uv":[23,40],"uv_size":[2,-3]}}},{"origin":[4,4,-5],"size":[2,1,1],"pivot":[8,1,-8],"rotation":[0,22.5,0],"uv":{"north":{"uv":[25,35],"uv_size":[2,1]},"south":{"uv":[25,36],"uv_size":[2,1]},"west":{"uv":[25,40],"uv_size":[1,1]}}},{"origin":[4,5,-6],"size":[2,1,3],"pivot":[8,1,-8],"rotation":[0,22.5,0],"uv":{"north":{"uv":[25,38],"uv_size":[2,1]},"east":{"uv":[22,40],"uv_size":[3,1]},"south":{"uv":[25,39],"uv_size":[2,1]},"west":{"uv":[25,34],"uv_size":[3,1]},"up":{"uv":[18,40],"uv_size":[2,3]},"down":{"uv":[20,43],"uv_size":[2,-3]}}}]},{"name":"sword","parent":"geyser_custom_z","pivot":[0,8,0],"cubes":[{"origin":[1,0,4],"size":[3,9,1],"uv":{"north":{"uv":[1,34],"uv_size":[3,9]},"east":{"uv":[7,38],"uv_size":[1,9]},"south":{"uv":[4,34],"uv_size":[3,9]},"west":{"uv":[8,38],"uv_size":[1,9]},"down":{"uv":[9,42],"uv_size":[3,-1]}}},{"origin":[2,-1,4],"size":[1,1,1],"uv":{"north":{"uv":[9,44],"uv_size":[1,1]},"east":{"uv":[10,44],"uv_size":[1,1]},"south":{"uv":[11,44],"uv_size":[1,1]},"west":{"uv":[12,34],"uv_size":[1,1]},"down":{"uv":[12,37],"uv_size":[1,-1]}}},{"origin":[0,9,4],"size":[5,2,1],"uv":{"north":{"uv":[7,34],"uv_size":[5,2]},"east":{"uv":[1,44],"uv_size":[1,2]},"south":{"uv":[7,36],"uv_size":[5,2]},"west":{"uv":[2,44],"uv_size":[1,2]},"up":{"uv":[9,38],"uv_size":[5,1]},"down":{"uv":[9,40],"uv_size":[5,-1]}}},{"origin":[2,11,4],"size":[1,2,1],"uv":{"north":{"uv":[3,44],"uv_size":[1,2]},"east":{"uv":[4,44],"uv_size":[1,2]},"south":{"uv":[5,44],"uv_size":[1,2]},"west":{"uv":[6,44],"uv_size":[1,2]}}},{"origin":[1,13,4],"size":[3,1,1],"uv":{"north":{"uv":[9,42],"uv_size":[3,1]},"east":{"uv":[12,41],"uv_size":[1,1]},"south":{"uv":[1,43],"uv_size":[3,1]},"west":{"uv":[9,45],"uv_size":[1,1]},"up":{"uv":[4,43],"uv_size":[3,1]},"down":{"uv":[9,44],"uv_size":[3,-1]}}}]},{"name":"backpack","parent":"geyser_custom_z","pivot":[0,8,0],"cubes":[{"origin":[1,1,-6],"size":[2,5,1],"uv":{"north":{"uv":[3,23],"uv_size":[2,5]},"east":{"uv":[23,25],"uv_size":[1,5]},"west":{"uv":[26,23],"uv_size":[1,5]},"up":{"uv":[23,10],"uv_size":[2,1]},"down":{"uv":[21,28],"uv_size":[2,-1]}}},{"origin":[0,0,-5],"size":[4,11,8],"uv":{"north":{"uv":[1,12],"uv_size":[4,11]},"east":{"uv":[1,1],"uv_size":[8,11]},"south":{"uv":[5,12],"uv_size":[4,11]},"west":{"uv":[9,1],"uv_size":[8,11]},"up":{"uv":[9,12],"uv_size":[4,8]},"down":{"uv":[13,20],"uv_size":[4,-8]}}},{"origin":[4,1,-4],"size":[2,5,6],"uv":{"north":{"uv":[24,22],"uv_size":[2,5]},"south":{"uv":[25,1],"uv_size":[2,5]},"west":{"uv":[17,6],"uv_size":[6,5]},"up":{"uv":[1,23],"uv_size":[2,6]},"down":{"uv":[23,7],"uv_size":[2,-6]}}},{"origin":[-2,8,-6],"size":[3,3,10],"pivot":[8,0,-8],"rotation":[0,0,22.5],"uv":{"north":{"uv":[23,7],"uv_size":[3,3]},"east":{"uv":[17,11],"uv_size":[10,3]},"south":{"uv":[25,10],"uv_size":[3,3]},"west":{"uv":[17,14],"uv_size":[10,3]},"up":{"uv":[17,17],"uv_size":[3,10]},"down":{"uv":[9,30],"uv_size":[3,-10]}}},{"origin":[1,1,3],"size":[2,5,1],"uv":{"east":{"uv":[27,1],"uv_size":[1,5]},"west":{"uv":[20,27],"uv_size":[1,5]},"up":{"uv":[24,27],"uv_size":[2,1]},"down":{"uv":[28,4],"uv_size":[2,-1]}}}]}]}]}