{"format_version":"1.21.0","minecraft:geometry":[{"description":{"identifier":"geometry.skeleton_lay","texture_width":64,"texture_height":32,"visible_bounds_width":3,"visible_bounds_height":1.5,"visible_bounds_offset":[0,0.25,0]},"bones":[{"name":"geyser_custom","pivot":[0,8,0],"binding":"c.item_slot == 'head' ? 'head' : q.item_slot_to_bone_name(c.item_slot)"},{"name":"geyser_custom_x","parent":"geyser_custom","pivot":[0,8,0]},{"name":"geyser_custom_y","parent":"geyser_custom_x","pivot":[0,8,0]},{"name":"geyser_custom_z","parent":"geyser_custom_y","pivot":[0,8,0]},{"name":"skeleton_lay","parent":"geyser_custom_z","pivot":[0,8,0],"cubes":[{"origin":[-4,-1,7],"size":[8,8,8],"uv":{"north":{"uv":[24,0],"uv_size":[-8,8],"uv_rotation":180},"east":{"uv":[0,8],"uv_size":[8,8],"uv_rotation":270},"south":{"uv":[16,8],"uv_size":[-8,-8]},"west":{"uv":[16,8],"uv_size":[8,8],"uv_rotation":90},"up":{"uv":[16,16],"uv_size":[-8,-8],"uv_rotation":180}}},{"origin":[-4.5,-2.5,6],"size":[9,9,9],"uv":{"north":{"uv":[56,0],"uv_size":[-8,8],"uv_rotation":180},"east":{"uv":[32,8],"uv_size":[8,8],"uv_rotation":270},"south":{"uv":[48,8],"uv_size":[-8,-8]},"west":{"uv":[48,8],"uv_size":[8,8],"uv_rotation":90},"up":{"uv":[48,16],"uv_size":[-8,-8],"uv_rotation":180},"down":{"uv":[64,16],"uv_size":[-8,-8]}}},{"origin":[-4,0,-5],"size":[8,4,12],"uv":{"north":{"uv":[36,16],"uv_size":[-8,4],"uv_rotation":180},"east":{"uv":[16,20],"uv_size":[4,12],"uv_rotation":270},"west":{"uv":[28,20],"uv_size":[4,12],"uv_rotation":90},"up":{"uv":[28,32],"uv_size":[-8,-12],"uv_rotation":180},"down":{"uv":[40,32],"uv_size":[-8,-12]}}},{"origin":[3,1,-5],"size":[2,2,12],"pivot":[4,2,7],"rotation":[0,-22.5,0],"uv":{"north":{"uv":[44,16],"uv_size":[2,2],"uv_rotation":180},"east":{"uv":[46,18],"uv_size":[-2,12],"uv_rotation":270},"south":{"uv":[42,18],"uv_size":[2,-2]},"west":{"uv":[42,18],"uv_size":[-2,12],"uv_rotation":90},"up":{"uv":[42,30],"uv_size":[2,-12],"uv_rotation":180},"down":{"uv":[46,30],"uv_size":[2,-12]}}},{"origin":[-6,1,-5],"size":[2,2,12],"uv":{"north":{"uv":[46,16],"uv_size":[-2,2],"uv_rotation":180},"east":{"uv":[40,18],"uv_size":[2,12],"uv_rotation":270},"south":{"uv":[44,18],"uv_size":[-2,-2]},"up":{"uv":[44,30],"uv_size":[-2,-12],"uv_rotation":180},"down":{"uv":[48,30],"uv_size":[-2,-12]}}},{"origin":[1,1,-17],"size":[2,2,12],"uv":{"north":{"uv":[4,16],"uv_size":[2,2],"uv_rotation":180},"east":{"uv":[6,18],"uv_size":[-2,12],"uv_rotation":270},"west":{"uv":[2,18],"uv_size":[-2,12],"uv_rotation":90},"up":{"uv":[2,30],"uv_size":[2,-12],"uv_rotation":180},"down":{"uv":[6,30],"uv_size":[2,-12]}}},{"origin":[-3,1,-17],"size":[2,2,12],"uv":{"north":{"uv":[6,16],"uv_size":[-2,2],"uv_rotation":180},"east":{"uv":[0,18],"uv_size":[2,12],"uv_rotation":270},"west":{"uv":[4,18],"uv_size":[2,12],"uv_rotation":90},"up":{"uv":[4,30],"uv_size":[-2,-12],"uv_rotation":180},"down":{"uv":[8,30],"uv_size":[-2,-12]}}}]}]}]}