{"format_version":"1.21.0","minecraft:geometry":[{"description":{"identifier":"geometry.skeleton_sit","texture_width":64,"texture_height":32,"visible_bounds_width":3,"visible_bounds_height":2.5,"visible_bounds_offset":[0,0.75,0]},"bones":[{"name":"geyser_custom","pivot":[0,8,0],"binding":"c.item_slot == 'head' ? 'head' : q.item_slot_to_bone_name(c.item_slot)"},{"name":"geyser_custom_x","parent":"geyser_custom","pivot":[0,8,0]},{"name":"geyser_custom_y","parent":"geyser_custom_x","pivot":[0,8,0]},{"name":"geyser_custom_z","parent":"geyser_custom_y","pivot":[0,8,0]},{"name":"skeleton_sit","parent":"geyser_custom_z","pivot":[0,8,0],"cubes":[{"origin":[-4,2,4],"size":[8,12,4],"uv":{"north":{"uv":[20,20],"uv_size":[8,12]},"east":{"uv":[16,20],"uv_size":[4,12]},"south":{"uv":[32,20],"uv_size":[8,12]},"west":{"uv":[28,20],"uv_size":[4,12]},"down":{"uv":[28,20],"uv_size":[8,-4]}}},{"origin":[4,2,5],"size":[2,12,2],"uv":{"north":{"uv":[44,18],"uv_size":[-2,12]},"south":{"uv":[48,18],"uv_size":[-2,12]},"west":{"uv":[42,18],"uv_size":[-2,12]},"up":{"uv":[44,16],"uv_size":[-2,2]},"down":{"uv":[46,18],"uv_size":[-2,-2]}}},{"origin":[-6,2,5],"size":[2,12,2],"uv":{"north":{"uv":[42,18],"uv_size":[2,12]},"east":{"uv":[40,18],"uv_size":[2,12]},"south":{"uv":[46,18],"uv_size":[2,12]},"up":{"uv":[42,16],"uv_size":[2,2]},"down":{"uv":[44,18],"uv_size":[2,-2]}}},{"origin":[1,0,-7],"size":[2,2,12],"pivot":[0,1,5],"rotation":[0,-22.5,0],"uv":{"north":{"uv":[4,16],"uv_size":[2,2],"uv_rotation":180},"east":{"uv":[6,18],"uv_size":[-2,12],"uv_rotation":270},"south":{"uv":[2,18],"uv_size":[2,-2]},"west":{"uv":[2,18],"uv_size":[-2,12],"uv_rotation":90},"up":{"uv":[2,30],"uv_size":[2,-12],"uv_rotation":180},"down":{"uv":[6,30],"uv_size":[2,-12]}}},{"origin":[-3,0,-7],"size":[2,2,12],"uv":{"north":{"uv":[6,16],"uv_size":[-2,2],"uv_rotation":180},"east":{"uv":[0,18],"uv_size":[2,12],"uv_rotation":270},"south":{"uv":[4,18],"uv_size":[-2,-2]},"west":{"uv":[4,18],"uv_size":[2,12],"uv_rotation":90},"up":{"uv":[4,30],"uv_size":[-2,-12],"uv_rotation":180},"down":{"uv":[8,30],"uv_size":[-2,-12]}}}]},{"name":"skeleton_head","parent":"skeleton_sit","pivot":[0,7,8],"cubes":[{"origin":[-4.5,13,1.5],"size":[9,9,9],"uv":{"north":{"uv":[40,8],"uv_size":[8,8]},"east":{"uv":[32,8],"uv_size":[8,8]},"south":{"uv":[56,8],"uv_size":[8,8]},"west":{"uv":[48,8],"uv_size":[8,8]},"up":{"uv":[40,0],"uv_size":[8,8]},"down":{"uv":[48,8],"uv_size":[8,-8]}}},{"origin":[-4,14,4],"size":[8,8,8],"pivot":[0,7,8],"rotation":[22.5,0,0],"uv":{"north":{"uv":[8,8],"uv_size":[8,8]},"east":{"uv":[0,8],"uv_size":[8,8]},"south":{"uv":[24,8],"uv_size":[8,8]},"west":{"uv":[16,8],"uv_size":[8,8]},"up":{"uv":[8,0],"uv_size":[8,8]},"down":{"uv":[16,8],"uv_size":[8,-8]}}}]}]}]}