{"format_version":"1.16.0","minecraft:geometry":[{"description":{"identifier":"geometry.adventure_backpack_item","texture_width":32,"texture_height":32,"visible_bounds_width":2,"visible_bounds_height":2.5,"visible_bounds_offset":[0,0.75,0]},"bones":[{"name":"geyser_custom","pivot":[0,8,0],"binding":"c.item_slot == 'head' ? 'head' : q.item_slot_to_bone_name(c.item_slot)"},{"name":"geyser_custom_x","parent":"geyser_custom","pivot":[0,8,0]},{"name":"geyser_custom_y","parent":"geyser_custom_x","pivot":[0,8,0]},{"name":"geyser_custom_z","parent":"geyser_custom_y","pivot":[0,8,0]},{"name":"backpack","parent":"geyser_custom_z","pivot":[0,8,0],"cubes":[{"origin":[1,1,-6],"size":[2,5,1],"uv":{"north":{"uv":[2,22],"uv_size":[2,5]},"east":{"uv":[22,24],"uv_size":[1,5]},"west":{"uv":[25,22],"uv_size":[1,5]},"up":{"uv":[22,9],"uv_size":[2,1]},"down":{"uv":[20,27],"uv_size":[2,-1]}}},{"origin":[0,0,-5],"size":[4,11,8],"uv":{"north":{"uv":[0,11],"uv_size":[4,11]},"east":{"uv":[0,0],"uv_size":[8,11]},"south":{"uv":[4,11],"uv_size":[4,11]},"west":{"uv":[8,0],"uv_size":[8,11]},"up":{"uv":[8,11],"uv_size":[4,8]},"down":{"uv":[12,19],"uv_size":[4,-8]}}},{"origin":[4,1,-4],"size":[2,5,6],"uv":{"north":{"uv":[23,21],"uv_size":[2,5]},"south":{"uv":[24,0],"uv_size":[2,5]},"west":{"uv":[16,5],"uv_size":[6,5]},"up":{"uv":[0,22],"uv_size":[2,6]},"down":{"uv":[22,6],"uv_size":[2,-6]}}},{"origin":[-2,8,-6],"size":[3,3,10],"pivot":[8,0,-8],"rotation":[0,0,22.5],"uv":{"north":{"uv":[22,6],"uv_size":[3,3]},"east":{"uv":[16,10],"uv_size":[10,3]},"south":{"uv":[24,9],"uv_size":[3,3]},"west":{"uv":[16,13],"uv_size":[10,3]},"up":{"uv":[16,16],"uv_size":[3,10]},"down":{"uv":[8,29],"uv_size":[3,-10]}}},{"origin":[1,1,3],"size":[2,5,1],"uv":{"east":{"uv":[26,0],"uv_size":[1,5]},"south":{"uv":[23,16],"uv_size":[2,5]},"west":{"uv":[19,26],"uv_size":[1,5]},"up":{"uv":[23,26],"uv_size":[2,1]},"down":{"uv":[27,3],"uv_size":[2,-1]}}}]}]}]}