{"format_version":"1.16.0","minecraft:geometry":[{"description":{"identifier":"geometry.ankh_scepter","texture_width":64,"texture_height":64,"visible_bounds_width":4,"visible_bounds_height":2.5,"visible_bounds_offset":[0,0.75,0]},"bones":[{"name":"geyser_custom","pivot":[0,8,0],"binding":"c.item_slot == 'head' ? 'head' : q.item_slot_to_bone_name(c.item_slot)"},{"name":"geyser_custom_x","parent":"geyser_custom","pivot":[0,8,0]},{"name":"geyser_custom_y","parent":"geyser_custom_x","pivot":[0,8,0]},{"name":"geyser_custom_z","parent":"geyser_custom_y","pivot":[0,8,0]},{"name":"ankh_scepter","parent":"geyser_custom_z","pivot":[0,8,0],"cubes":[{"origin":[-1,0,-8],"size":[2,2,32],"uv":{"east":{"uv":[0,0],"uv_size":[32,2]},"south":{"uv":[30,6],"uv_size":[2,2]},"west":{"uv":[0,2],"uv_size":[32,2]},"up":{"uv":[0,4],"uv_size":[2,32]},"down":{"uv":[2,36],"uv_size":[2,-32]}}},{"origin":[0,-3,-5.5],"size":[0,3,14],"uv":{"east":{"uv":[4,7],"uv_size":[14,-3]},"west":{"uv":[4,10],"uv_size":[14,-3]}}},{"origin":[-3,-2,-8],"size":[6,6,3],"uv":{"north":{"uv":[17,21],"uv_size":[4,4]},"east":{"uv":[27,8],"uv_size":[3,6]},"south":{"uv":[21,21],"uv_size":[4,4]},"west":{"uv":[27,12],"uv_size":[3,6]},"up":{"uv":[24,16],"uv_size":[6,3]},"down":{"uv":[19,19],"uv_size":[6,-3]}}},{"origin":[-3,-2,-4],"size":[6,6,2],"uv":{"north":{"uv":[4,26],"uv_size":[4,-4]},"east":{"uv":[28,10],"uv_size":[2,-6]},"south":{"uv":[23,12],"uv_size":[4,-4]},"west":{"uv":[28,26],"uv_size":[2,-6]},"up":{"uv":[26,8],"uv_size":[6,2]},"down":{"uv":[24,30],"uv_size":[6,-2]}}},{"origin":[-2,-1,-1],"size":[4,4,2],"uv":{"north":{"uv":[23,12],"uv_size":[4,4]},"east":{"uv":[29,10],"uv_size":[2,4]},"south":{"uv":[23,16],"uv_size":[4,4]},"west":{"uv":[14,29],"uv_size":[2,4]},"up":{"uv":[29,14],"uv_size":[4,2]},"down":{"uv":[4,32],"uv_size":[4,-2]}}},{"origin":[-1.5,-0.75,-17.5],"size":[3,4,10],"pivot":[8,0,-8],"rotation":[-45,0,0],"uv":{"north":{"uv":[25,4],"uv_size":[3,4]},"east":{"uv":[4,10],"uv_size":[10,4]},"south":{"uv":[25,20],"uv_size":[3,4]},"west":{"uv":[4,14],"uv_size":[10,4]},"up":{"uv":[14,10],"uv_size":[3,10]},"down":{"uv":[17,20],"uv_size":[3,-10]}}},{"origin":[-1.5,5.5,-15.75],"size":[3,4,7],"pivot":[8,0,-8],"rotation":[45,0,0],"uv":{"north":{"uv":[23,25],"uv_size":[3,4]},"east":{"uv":[4,18],"uv_size":[7,4]},"west":{"uv":[18,4],"uv_size":[7,4]},"up":{"uv":[11,18],"uv_size":[3,7]},"down":{"uv":[20,15],"uv_size":[3,-7]}}},{"origin":[-1.51,0.74,-15.76],"size":[3.02,5.02,3.02],"pivot":[8,0,-8],"rotation":[45,0,0],"uv":{"north":{"uv":[8,22],"uv_size":[3,5]},"east":{"uv":[11,25],"uv_size":[3,5]},"south":{"uv":[17,25],"uv_size":[3,5]},"west":{"uv":[20,25],"uv_size":[3,5]},"up":{"uv":[14,26],"uv_size":[3,3]},"down":{"uv":[7,30],"uv_size":[3,-3]}}},{"origin":[-1.5,0.15,-15.75],"size":[3,2,6],"pivot":[8,0,-8],"rotation":[45,0,0],"uv":{"north":{"uv":[23,29],"uv_size":[3,2]},"east":{"uv":[26,24],"uv_size":[6,2]},"south":{"uv":[30,4],"uv_size":[3,2]},"west":{"uv":[26,26],"uv_size":[6,2]},"up":{"uv":[14,20],"uv_size":[3,6]},"down":{"uv":[20,21],"uv_size":[3,-6]}}}]}]}]}