{"format_version":"1.16.0","minecraft:geometry":[{"description":{"identifier":"geometry.balloon","texture_width":64,"texture_height":64,"visible_bounds_width":2,"visible_bounds_height":3.5,"visible_bounds_offset":[0,1.25,0]},"bones":[{"name":"geyser_custom","pivot":[0,8,0],"binding":"c.item_slot == 'head' ? 'head' : q.item_slot_to_bone_name(c.item_slot)"},{"name":"geyser_custom_x","parent":"geyser_custom","pivot":[0,8,0]},{"name":"geyser_custom_y","parent":"geyser_custom_x","pivot":[0,8,0]},{"name":"geyser_custom_z","parent":"geyser_custom_y","pivot":[0,8,0]},{"name":"balloon","parent":"geyser_custom_z","pivot":[0,8,0],"cubes":[{"origin":[0,7,-1],"size":[0,14,2],"pivot":[8,0,-8],"rotation":[0,0,-22.5],"uv":{"east":{"uv":[40,16],"uv_size":[2,14]},"west":{"uv":[24,40],"uv_size":[2,14]}}},{"origin":[1,1,-1],"size":[0,14,2],"pivot":[8,0,-8],"rotation":[0,0,22.5],"uv":{"east":{"uv":[26,40],"uv_size":[2,14]},"west":{"uv":[28,40],"uv_size":[2,14]}}},{"origin":[-1,1,-1],"size":[2,14,0],"pivot":[8,0,-8],"rotation":[22.5,0,0],"uv":{"north":{"uv":[30,40],"uv_size":[2,14]},"south":{"uv":[40,30],"uv_size":[2,14]}}},{"origin":[-1,7,0],"size":[2,14,0],"pivot":[8,0,-8],"rotation":[-22.5,0,0],"uv":{"north":{"uv":[32,40],"uv_size":[2,14]},"south":{"uv":[34,40],"uv_size":[2,14]}}},{"origin":[-8,16,-8],"size":[16,16,16],"uv":{"north":{"uv":[0,0],"uv_size":[16,16]},"east":{"uv":[0,16],"uv_size":[16,16]},"south":{"uv":[16,0],"uv_size":[16,16]},"west":{"uv":[16,16],"uv_size":[16,16]},"up":{"uv":[0,32],"uv_size":[16,16]},"down":{"uv":[32,16],"uv_size":[16,-16]}}},{"origin":[-4,-4,-4],"size":[8,8,8],"uv":{"north":{"uv":[16,32],"uv_size":[8,8]},"east":{"uv":[32,16],"uv_size":[8,8]},"south":{"uv":[24,32],"uv_size":[8,8]},"west":{"uv":[32,24],"uv_size":[8,8]},"up":{"uv":[32,32],"uv_size":[8,8]},"down":{"uv":[16,48],"uv_size":[8,-8]}}}]}]}]}