{"format_version":"1.16.0","minecraft:geometry":[{"description":{"identifier":"geometry.dracula_sword","texture_width":64,"texture_height":64,"visible_bounds_width":3,"visible_bounds_height":3,"visible_bounds_offset":[0,0.5,0]},"bones":[{"name":"geyser_custom","pivot":[0,8,0],"binding":"c.item_slot == 'head' ? 'head' : q.item_slot_to_bone_name(c.item_slot)"},{"name":"geyser_custom_x","parent":"geyser_custom","pivot":[0,8,0]},{"name":"geyser_custom_y","parent":"geyser_custom_x","pivot":[0,8,0]},{"name":"geyser_custom_z","parent":"geyser_custom_y","pivot":[0,8,0]},{"name":"sword","parent":"geyser_custom_z","pivot":[0,8,0],"cubes":[{"origin":[-4,-16,0],"size":[8,23,0],"uv":{"north":{"uv":[0,0],"uv_size":[8,23]},"south":{"uv":[8,0],"uv_size":[8,23]}}},{"origin":[-1,-11,-1],"size":[2,18,2],"uv":{"north":{"uv":[18,2],"uv_size":[2,18]},"east":{"uv":[16,2],"uv_size":[2,18]},"south":{"uv":[22,2],"uv_size":[2,18]},"west":{"uv":[20,2],"uv_size":[2,18]}}},{"origin":[16.46056,-4.48056,-1.01],"size":[2.02,2.02,2.02],"pivot":[0,14,0],"rotation":[0,0,45],"uv":{"north":{"uv":[30,25],"uv_size":[2,2]},"east":{"uv":[28,25],"uv_size":[2,2]},"south":{"uv":[34,25],"uv_size":[2,2]},"west":{"uv":[32,25],"uv_size":[2,2]},"up":{"uv":[30,23],"uv_size":[2,2]},"down":{"uv":[32,25],"uv_size":[2,-2]}}},{"origin":[-1.7,6.7,-1.4],"size":[3.4,4.6,2.6],"uv":{"north":{"uv":[6,34],"uv_size":[2,4]},"east":{"uv":[4,34],"uv_size":[2,4]},"south":{"uv":[10,34],"uv_size":[2,4]},"west":{"uv":[8,34],"uv_size":[2,4]},"up":{"uv":[6,32],"uv_size":[2,2]},"down":{"uv":[8,34],"uv_size":[2,-2]}}},{"origin":[-1.4,9.25,-2.1],"size":[2.8,1.5,3],"uv":{"north":{"uv":[27,11],"uv_size":[2,1]},"east":{"uv":[24,11],"uv_size":[3,1]},"west":{"uv":[29,11],"uv_size":[3,1]},"up":{"uv":[27,8],"uv_size":[2,3]},"down":{"uv":[29,11],"uv_size":[2,-3]}}},{"origin":[-0.8,7.2,-1.65],"size":[1.6,2.6,2.6],"uv":{"north":{"uv":[30,2],"uv_size":[1,2]},"east":{"uv":[28,2],"uv_size":[2,2]},"west":{"uv":[31,2],"uv_size":[2,2]},"down":{"uv":[31,2],"uv_size":[1,-2]}}},{"origin":[-1.3,5.7,-1.3],"size":[2.6,4.6,2.6],"uv":{"north":{"uv":[26,14],"uv_size":[2,4]},"east":{"uv":[24,14],"uv_size":[2,4]},"south":{"uv":[30,14],"uv_size":[2,4]},"west":{"uv":[28,14],"uv_size":[2,4]},"up":{"uv":[26,12],"uv_size":[2,2]},"down":{"uv":[28,14],"uv_size":[2,-2]}}},{"origin":[-0.6,10.2,-0.6],"size":[1.2,9.2,1.2],"uv":{"north":{"uv":[1,27],"uv_size":[1,9]},"east":{"uv":[0,27],"uv_size":[1,9]},"south":{"uv":[3,27],"uv_size":[1,9]},"west":{"uv":[2,27],"uv_size":[1,9]}}},{"origin":[-0.8,18.3,-0.8],"size":[1.6,1.6,1.6],"uv":{"north":{"uv":[23,1],"uv_size":[1,1]},"east":{"uv":[22,1],"uv_size":[1,1]},"south":{"uv":[25,1],"uv_size":[1,1]},"west":{"uv":[24,1],"uv_size":[1,1]},"up":{"uv":[23,0],"uv_size":[1,1]},"down":{"uv":[24,1],"uv_size":[1,-1]}}},{"origin":[-2,2,-2],"size":[4,2,4],"uv":{"north":{"uv":[20,27],"uv_size":[4,2]},"east":{"uv":[16,27],"uv_size":[4,2]},"south":{"uv":[28,27],"uv_size":[4,2]},"west":{"uv":[24,27],"uv_size":[4,2]},"up":{"uv":[20,23],"uv_size":[4,4]},"down":{"uv":[24,27],"uv_size":[4,-4]}}},{"origin":[1.97731,11.34358,-0.5],"size":[1,2,1],"pivot":[0,14,0],"rotation":[0,0,22.5],"uv":{"north":{"uv":[23,30],"uv_size":[1,2]},"east":{"uv":[22,30],"uv_size":[1,2]},"south":{"uv":[25,30],"uv_size":[1,2]},"west":{"uv":[24,30],"uv_size":[1,2]},"up":{"uv":[23,29],"uv_size":[1,1]}}},{"origin":[-2.97731,11.34358,-0.5],"size":[1,2,1],"pivot":[0,14,0],"rotation":[0,0,-22.5],"uv":{"north":{"uv":[13,27],"uv_size":[1,2]},"east":{"uv":[12,27],"uv_size":[1,2]},"south":{"uv":[15,27],"uv_size":[1,2]},"west":{"uv":[14,27],"uv_size":[1,2]},"up":{"uv":[13,26],"uv_size":[1,1]}}},{"origin":[-11.25,10.45,0],"size":[10,3,0],"pivot":[1,14.5,0],"rotation":[0,0,-22.5],"uv":{"north":{"uv":[10,23],"uv_size":[-10,3]},"south":{"uv":[20,23],"uv_size":[-10,3]}}},{"origin":[-9.45,12.25,-0.7],"size":[4.4,1.4,1.4],"pivot":[1,14.5,0],"rotation":[0,0,-22.5],"uv":{"north":{"uv":[17,30],"uv_size":[-4,1]},"east":{"uv":[18,30],"uv_size":[-1,1]},"south":{"uv":[22,30],"uv_size":[-4,1]},"west":{"uv":[13,30],"uv_size":[-1,1]},"up":{"uv":[17,29],"uv_size":[-4,1]},"down":{"uv":[21,30],"uv_size":[-4,-1]}}},{"origin":[-1.7409,7.85643,-1],"size":[4,2,2],"pivot":[1,13.5,0],"rotation":[0,0,22.5],"uv":{"north":{"uv":[30,6],"uv_size":[-4,2]},"east":{"uv":[32,6],"uv_size":[-2,2]},"south":{"uv":[36,6],"uv_size":[-4,2]},"up":{"uv":[30,4],"uv_size":[-4,2]},"down":{"uv":[34,6],"uv_size":[-4,-2]}}},{"origin":[-2.2591,7.85643,-1],"size":[4,2,2],"pivot":[-1,13.5,0],"rotation":[0,0,-22.5],"uv":{"north":{"uv":[26,6],"uv_size":[4,2]},"south":{"uv":[32,6],"uv_size":[4,2]},"west":{"uv":[30,6],"uv_size":[2,2]},"up":{"uv":[26,4],"uv_size":[4,2]},"down":{"uv":[30,6],"uv_size":[4,-2]}}},{"origin":[1.25,10.45,0],"size":[10,3,0],"pivot":[-1,14.5,0],"rotation":[0,0,22.5],"uv":{"north":{"uv":[0,23],"uv_size":[10,3]},"south":{"uv":[10,23],"uv_size":[10,3]}}},{"origin":[5.05,12.25,-0.7],"size":[4.4,1.4,1.4],"pivot":[-1,14.5,0],"rotation":[0,0,22.5],"uv":{"north":{"uv":[13,30],"uv_size":[4,1]},"east":{"uv":[12,30],"uv_size":[1,1]},"south":{"uv":[18,30],"uv_size":[4,1]},"west":{"uv":[17,30],"uv_size":[1,1]},"up":{"uv":[13,29],"uv_size":[4,1]},"down":{"uv":[17,30],"uv_size":[4,-1]}}}]}]}]}