{"format_version":"1.16.0","minecraft:geometry":[{"description":{"identifier":"geometry.golden_skull","texture_width":32,"texture_height":32,"visible_bounds_width":3,"visible_bounds_height":1.5,"visible_bounds_offset":[0,0.25,0]},"bones":[{"name":"geyser_custom","pivot":[0,8,0],"binding":"c.item_slot == 'head' ? 'head' : q.item_slot_to_bone_name(c.item_slot)"},{"name":"geyser_custom_x","parent":"geyser_custom","pivot":[0,8,0]},{"name":"geyser_custom_y","parent":"geyser_custom_x","pivot":[0,8,0]},{"name":"geyser_custom_z","parent":"geyser_custom_y","pivot":[0,8,0]},{"name":"golden_skull","parent":"geyser_custom_z","pivot":[0,8,0],"cubes":[{"origin":[-4,0,-3],"size":[8,8,7],"uv":{"north":{"uv":[0,0],"uv_size":[8,8]},"east":{"uv":[8,0],"uv_size":[7,8]},"south":{"uv":[0,8],"uv_size":[8,8]},"west":{"uv":[8,8],"uv_size":[7,8]},"up":{"uv":[15,0],"uv_size":[8,7]},"down":{"uv":[15,14],"uv_size":[8,-7]}}},{"origin":[-4,2,-4],"size":[1,6,1],"uv":{"north":{"uv":[12,18],"uv_size":[1,6]},"east":{"uv":[13,18],"uv_size":[1,6]},"west":{"uv":[15,18],"uv_size":[1,6]},"up":{"uv":[14,16],"uv_size":[1,1]},"down":{"uv":[7,22],"uv_size":[1,-1]}}},{"origin":[3,2,-4],"size":[1,6,1],"uv":{"north":{"uv":[16,18],"uv_size":[1,6]},"east":{"uv":[17,18],"uv_size":[1,6]},"west":{"uv":[0,19],"uv_size":[1,6]},"up":{"uv":[19,21],"uv_size":[1,1]},"down":{"uv":[21,20],"uv_size":[1,-1]}}},{"origin":[-3,5,-4],"size":[6,3,1],"uv":{"north":{"uv":[15,14],"uv_size":[6,3]},"up":{"uv":[14,17],"uv_size":[6,1]},"down":{"uv":[6,19],"uv_size":[6,-1]}}},{"origin":[1,2,-4],"size":[2,1,1],"uv":{"north":{"uv":[4,20],"uv_size":[2,1]},"east":{"uv":[20,21],"uv_size":[1,1]},"up":{"uv":[20,17],"uv_size":[2,1]},"down":{"uv":[19,21],"uv_size":[2,-1]}}},{"origin":[-3,2,-4],"size":[2,1,1],"uv":{"north":{"uv":[21,14],"uv_size":[2,1]},"west":{"uv":[2,22],"uv_size":[1,1]},"up":{"uv":[21,16],"uv_size":[2,1]},"down":{"uv":[21,19],"uv_size":[2,-1]}}},{"origin":[-1,3,-4],"size":[2,2,1],"uv":{"north":{"uv":[9,19],"uv_size":[2,2]},"east":{"uv":[8,20],"uv_size":[1,2]},"west":{"uv":[4,21],"uv_size":[1,2]},"down":{"uv":[9,22],"uv_size":[2,-1]}}},{"origin":[-2,0,-4],"size":[4,2,1],"uv":{"north":{"uv":[6,16],"uv_size":[4,2]},"east":{"uv":[2,20],"uv_size":[1,2]},"west":{"uv":[3,20],"uv_size":[1,2]},"up":{"uv":[1,19],"uv_size":[4,1]},"down":{"uv":[5,20],"uv_size":[4,-1]}}}]}]}]}