{"format_version":"1.21.0","minecraft:geometry":[{"description":{"identifier":"geometry.pile_of_bones","texture_width":64,"texture_height":32,"visible_bounds_width":3,"visible_bounds_height":1.5,"visible_bounds_offset":[0,0.25,0]},"bones":[{"name":"geyser_custom","pivot":[0,8,0],"binding":"c.item_slot == 'head' ? 'head' : q.item_slot_to_bone_name(c.item_slot)"},{"name":"geyser_custom_x","parent":"geyser_custom","pivot":[0,8,0]},{"name":"geyser_custom_y","parent":"geyser_custom_x","pivot":[0,8,0]},{"name":"geyser_custom_z","parent":"geyser_custom_y","pivot":[0,8,0]},{"name":"pile_of_bones","parent":"geyser_custom_z","pivot":[0,8,0],"cubes":[{"origin":[-4,0,-2],"size":[8,8,8],"uv":{"north":{"uv":[8,8],"uv_size":[8,8]},"east":{"uv":[0,8],"uv_size":[8,8]},"south":{"uv":[24,8],"uv_size":[8,8]},"west":{"uv":[16,8],"uv_size":[8,8]},"up":{"uv":[8,0],"uv_size":[8,8]},"down":{"uv":[16,8],"uv_size":[8,-8]}}},{"origin":[-8,0,-8],"size":[2,2,6],"pivot":[-7,1,-2],"rotation":[0,-45,0],"uv":{"north":{"uv":[46,16],"uv_size":[-2,2],"uv_rotation":180},"east":{"uv":[40,18],"uv_size":[2,6],"uv_rotation":270},"south":{"uv":[44,18],"uv_size":[-2,-2]},"west":{"uv":[44,18],"uv_size":[2,6],"uv_rotation":90},"up":{"uv":[44,24],"uv_size":[-2,-6],"uv_rotation":180},"down":{"uv":[48,24],"uv_size":[-2,-6]}}},{"origin":[0,0,-5],"size":[7,2,2],"pivot":[0,1,-4],"rotation":[0,22.5,0],"uv":{"north":{"uv":[46,18],"uv_size":[-2,7],"uv_rotation":270},"east":{"uv":[42,18],"uv_size":[2,-2]},"south":{"uv":[42,18],"uv_size":[-2,7],"uv_rotation":90},"west":{"uv":[44,16],"uv_size":[2,2],"uv_rotation":180},"up":{"uv":[42,25],"uv_size":[2,-7],"uv_rotation":90},"down":{"uv":[46,25],"uv_size":[2,-7],"uv_rotation":90}}}]}]}]}