{"format_version":"1.16.0","minecraft:geometry":[{"description":{"identifier":"geometry.safari_hat","texture_width":64,"texture_height":64,"visible_bounds_width":3,"visible_bounds_height":2.5,"visible_bounds_offset":[0,0.75,0]},"bones":[{"name":"geyser_custom","pivot":[0,8,0],"binding":"c.item_slot == 'head' ? 'head' : q.item_slot_to_bone_name(c.item_slot)"},{"name":"geyser_custom_x","parent":"geyser_custom","pivot":[0,8,0]},{"name":"geyser_custom_y","parent":"geyser_custom_x","pivot":[0,8,0]},{"name":"geyser_custom_z","parent":"geyser_custom_y","pivot":[0,8,0]},{"name":"safari_hat","parent":"geyser_custom_z","pivot":[0,8,0],"cubes":[{"origin":[-5,0,-5],"size":[10,4,10],"uv":{"north":{"uv":[10,0],"uv_size":[10,4]},"east":{"uv":[10,4],"uv_size":[10,4]},"south":{"uv":[10,8],"uv_size":[10,4]},"west":{"uv":[10,12],"uv_size":[10,4]},"up":{"uv":[0,0],"uv_size":[10,10]},"down":{"uv":[0,20],"uv_size":[10,-10]}}},{"origin":[5,0,-4],"size":[4,0,8],"uv":{"up":{"uv":[10,16],"uv_size":[4,8]},"down":{"uv":[14,24],"uv_size":[4,-8]}}},{"origin":[-9,0,-4],"size":[4,0,8],"uv":{"up":{"uv":[20,0],"uv_size":[4,8]},"down":{"uv":[20,16],"uv_size":[4,-8]}}},{"origin":[-4,0,-9],"size":[8,0,4],"uv":{"up":{"uv":[18,16],"uv_size":[8,4]},"down":{"uv":[0,24],"uv_size":[8,-4]}}},{"origin":[-4,0,5],"size":[8,0,4],"uv":{"up":{"uv":[18,20],"uv_size":[8,4]},"down":{"uv":[0,28],"uv_size":[8,-4]}}},{"origin":[-5,0,5],"size":[1,0,3],"uv":{"up":{"uv":[11,25],"uv_size":[1,3]},"down":{"uv":[25,14],"uv_size":[1,-3]}}},{"origin":[-6,0,4],"size":[1,0,4],"uv":{"up":{"uv":[24,11],"uv_size":[1,4]},"down":{"uv":[21,28],"uv_size":[1,-4]}}},{"origin":[-7,0,4],"size":[1,0,3],"uv":{"up":{"uv":[12,25],"uv_size":[1,3]},"down":{"uv":[13,28],"uv_size":[1,-3]}}},{"origin":[-8,0,4],"size":[1,0,2],"uv":{"up":{"uv":[26,6],"uv_size":[1,2]},"down":{"uv":[26,13],"uv_size":[1,-2]}}},{"origin":[-8,0,-6],"size":[1,0,2],"uv":{"up":{"uv":[26,16],"uv_size":[1,2]},"down":{"uv":[18,28],"uv_size":[1,-2]}}},{"origin":[-7,0,-7],"size":[1,0,3],"uv":{"up":{"uv":[16,25],"uv_size":[1,3]},"down":{"uv":[17,28],"uv_size":[1,-3]}}},{"origin":[-5,0,-8],"size":[1,0,3],"uv":{"up":{"uv":[14,25],"uv_size":[1,3]},"down":{"uv":[15,28],"uv_size":[1,-3]}}},{"origin":[-6,0,-8],"size":[1,0,4],"uv":{"up":{"uv":[22,24],"uv_size":[1,4]},"down":{"uv":[23,28],"uv_size":[1,-4]}}},{"origin":[4,0,-7],"size":[3,0,1],"uv":{"up":{"uv":[25,14],"uv_size":[3,1]},"down":{"uv":[18,26],"uv_size":[3,-1]}}},{"origin":[4,0,-8],"size":[2,0,1],"uv":{"up":{"uv":[26,13],"uv_size":[2,1]},"down":{"uv":[26,21],"uv_size":[2,-1]}}},{"origin":[5,0,-5],"size":[3,0,1],"uv":{"up":{"uv":[25,8],"uv_size":[3,1]},"down":{"uv":[25,10],"uv_size":[3,-1]}}},{"origin":[4,0,-6],"size":[4,0,1],"uv":{"up":{"uv":[24,15],"uv_size":[4,1]},"down":{"uv":[24,25],"uv_size":[4,-1]}}},{"origin":[7,0,4],"size":[1,0,2],"uv":{"up":{"uv":[26,18],"uv_size":[1,2]},"down":{"uv":[19,28],"uv_size":[1,-2]}}},{"origin":[6,0,4],"size":[1,0,3],"uv":{"up":{"uv":[26,0],"uv_size":[1,3]},"down":{"uv":[26,6],"uv_size":[1,-3]}}},{"origin":[4,0,5],"size":[1,0,3],"uv":{"up":{"uv":[24,25],"uv_size":[1,3]},"down":{"uv":[25,28],"uv_size":[1,-3]}}},{"origin":[5,0,4],"size":[1,0,4],"uv":{"up":{"uv":[25,0],"uv_size":[1,4]},"down":{"uv":[25,8],"uv_size":[1,-4]}}},{"origin":[4.9,-2.99908,1.00038],"size":[0,8,1],"pivot":[5.9,5.00092,-9.99962],"rotation":[-22.5,0,0],"uv":{"east":{"uv":[8,20],"uv_size":[1,10]},"west":{"uv":[9,20],"uv_size":[1,8]}}},{"origin":[-4.9,-3,1],"size":[9.8,0,1],"pivot":[5.9,5,-10],"rotation":[-22.5,0,0],"uv":{"up":{"uv":[24,10],"uv_size":[10,1]},"down":{"uv":[11,25],"uv_size":[10,-1]}}},{"origin":[-4.899,-3,1],"size":[0,8,1],"pivot":[-3.899,5,-10],"rotation":[-22.5,0,0],"uv":{"east":{"uv":[24,0],"uv_size":[1,10]},"west":{"uv":[10,24],"uv_size":[1,8]}}}]}]}]}