{"format_version":"1.16.0","minecraft:geometry":[{"description":{"identifier":"geometry.geyser_custom.geo_383a5a2","texture_width":16,"texture_height":16,"visible_bounds_width":4,"visible_bounds_height":4.5,"visible_bounds_offset":[0,0.75,0]},"bones":[{"name":"geyser_custom","binding":"c.item_slot == 'head' ? 'head' : q.item_slot_to_bone_name(c.item_slot)","pivot":[0,8,0]},{"name":"geyser_custom_x","parent":"geyser_custom","pivot":[0,8,0]},{"name":"geyser_custom_y","parent":"geyser_custom_x","pivot":[0,8,0]},{"name":"geyser_custom_z","parent":"geyser_custom_y","pivot":[0,8,0],"cubes":[]},{"parent":"geyser_custom_z","pivot":[3,22,-3],"rotation":[0,-0,0],"cubes":[{"origin":[-4,22,-4],"size":[8,8,8],"pivot":[3,22,-3],"uv":{"north":{"uv":[1.516,5.016],"uv_size":[0.984,0.984]},"south":{"uv":[6.516,4.516],"uv_size":[0.984,0.984]},"east":{"uv":[6.516,3.516],"uv_size":[0.984,0.984]},"west":{"uv":[6.516,5.516],"uv_size":[0.984,0.984]},"up":{"uv":[6.516,6.516],"uv_size":[0.984,0.984]},"down":{"uv":[0.016,7.734],"uv_size":[0.984,-0.984]}}}],"name":"rot_1"},{"parent":"geyser_custom_z","pivot":[0,0,0],"rotation":[0,-0,0],"cubes":[{"origin":[-8,0.025,-8],"size":[16,15.975,16],"pivot":[0,0,0],"uv":{"north":{"uv":[2.516,0.016],"uv_size":[1.984,1.984]},"south":{"uv":[3.016,6.766],"uv_size":[2.109,1.984]},"east":{"uv":[2.516,2.016],"uv_size":[1.984,1.984]},"west":{"uv":[4.516,0.016],"uv_size":[1.984,1.984]},"up":{"uv":[4.516,2.016],"uv_size":[1.984,1.984]},"down":{"uv":[4.516,5.984],"uv_size":[1.984,-1.984]}}},{"origin":[-10,0,-10],"size":[20,4,20],"pivot":[0,0,0],"uv":{"north":{"uv":[6.516,0.008],"uv_size":[2.484,0.492]},"south":{"uv":[6.516,1.008],"uv_size":[2.484,0.492]},"east":{"uv":[6.516,0.508],"uv_size":[2.484,0.492]},"west":{"uv":[6.516,1.508],"uv_size":[2.484,0.492]},"up":{"uv":[0.016,0.016],"uv_size":[2.484,2.484]},"down":{"uv":[0.016,4.984],"uv_size":[2.484,-2.484]}}}],"name":"rot_2"},{"parent":"geyser_custom_z","pivot":[0,16,0],"rotation":[0,-0,0],"cubes":[{"origin":[-6,16,-7],"size":[12,6,14],"pivot":[0,16,0],"uv":{"north":{"uv":[6.516,2.012],"uv_size":[1.484,0.738]},"south":{"uv":[6.516,2.762],"uv_size":[1.484,0.738]},"east":{"uv":[3.016,6.012],"uv_size":[1.734,0.738]},"west":{"uv":[4.766,6.012],"uv_size":[1.734,0.738]},"up":{"uv":[0.016,5.016],"uv_size":[1.484,1.734]},"down":{"uv":[1.516,7.734],"uv_size":[1.484,-1.734]}}}],"name":"rot_3"}]}]}
