{"format_version":"1.16.0","minecraft:geometry":[{"description":{"identifier":"geometry.geyser_custom.geo_e80478f","texture_width":16,"texture_height":16,"visible_bounds_width":4,"visible_bounds_height":4.5,"visible_bounds_offset":[0,0.75,0]},"bones":[{"name":"geyser_custom","binding":"c.item_slot == 'head' ? 'head' : q.item_slot_to_bone_name(c.item_slot)","pivot":[0,8,0]},{"name":"geyser_custom_x","parent":"geyser_custom","pivot":[0,8,0]},{"name":"geyser_custom_y","parent":"geyser_custom_x","pivot":[0,8,0]},{"name":"geyser_custom_z","parent":"geyser_custom_y","pivot":[0,8,0],"cubes":[]},{"parent":"geyser_custom_z","pivot":[17.2,13.5,-4.5],"rotation":[45,0,0],"cubes":[{"origin":[17.2,11,-7],"size":[0,5,5],"pivot":[17.2,13.5,-4.5],"uv":{"north":{"uv":[14.2222,0.01],"uv_size":[0,0.615]},"south":{"uv":[14.2222,0.01],"uv_size":[0,0.615]},"east":{"uv":[14.7867,0.635],"uv_size":[0.5467,0.615]},"west":{"uv":[14.7867,0.635],"uv_size":[0.5467,0.615]},"up":{"uv":[14.2222,0.01],"uv_size":[0,0.615]},"down":{"uv":[14.2222,0.615],"uv_size":[0,-0.615]}}}],"name":"rot_1"},{"parent":"geyser_custom_z","pivot":[8,16.5,-1.5],"rotation":[0,45,0],"cubes":[{"origin":[5,15,-2],"size":[6,3,3],"pivot":[8,16.5,-1.5],"uv":{"north":{"uv":[7.344,1.006],"uv_size":[0.656,0.369]},"south":{"uv":[7.344,1.381],"uv_size":[0.656,0.369]},"east":{"uv":[8.0053,8.881],"uv_size":[0.328,0.369]},"west":{"uv":[0.0053,9.131],"uv_size":[0.328,0.369]},"up":{"uv":[7.344,1.756],"uv_size":[0.656,0.369]},"down":{"uv":[6.344,8.619],"uv_size":[0.656,-0.369]}}},{"origin":[7,16,-7],"size":[2,1,5],"pivot":[8,16.5,-1.5],"uv":{"north":{"uv":[3.7813,4.127],"uv_size":[0.2187,0.123]},"south":{"uv":[3.1147,9.377],"uv_size":[0.2187,0.123]},"east":{"uv":[8.0089,6.252],"uv_size":[0.5467,0.123]},"west":{"uv":[8.12,0.377],"uv_size":[0.5467,0.123]},"up":{"uv":[4.7813,8.76],"uv_size":[0.2187,0.615]},"down":{"uv":[1.448,9.49],"uv_size":[0.2187,-0.615]}}},{"origin":[7,16,1],"size":[2,1,1],"pivot":[8,16.5,-1.5],"uv":{"north":{"uv":[4.7813,9.377],"uv_size":[0.2187,0.123]},"south":{"uv":[5.2258,9.377],"uv_size":[0.2187,0.123]},"east":{"uv":[0.7796,7.877],"uv_size":[0.1093,0.123]},"west":{"uv":[7.7796,7.377],"uv_size":[0.1093,0.123]},"up":{"uv":[8.3369,5.877],"uv_size":[0.2187,0.123]},"down":{"uv":[8.3369,6.123],"uv_size":[0.2187,-0.123]}}}],"name":"rot_2"},{"parent":"geyser_custom_z","pivot":[17.2,14,-5],"rotation":[22.5,0,0],"cubes":[{"origin":[17.2,11,-7],"size":[0,5,5],"pivot":[17.2,14,-5],"uv":{"north":{"uv":[14.2222,0.01],"uv_size":[0,0.615]},"south":{"uv":[14.2222,0.01],"uv_size":[0,0.615]},"east":{"uv":[14.2311,0.635],"uv_size":[0.5467,0.615]},"west":{"uv":[14.2311,0.635],"uv_size":[0.5467,0.615]},"up":{"uv":[14.2222,0.01],"uv_size":[0,0.615]},"down":{"uv":[14.2222,0.615],"uv_size":[0,-0.615]}}}],"name":"rot_3"},{"parent":"geyser_custom_z","pivot":[3.75,9.45,-1.5],"rotation":[0,22.5,0],"cubes":[{"origin":[2,8.95,-5.25],"size":[1,1,5],"pivot":[3.75,9.45,-1.5],"uv":{"north":{"uv":[2.224,9.252],"uv_size":[0.1093,0.123]},"south":{"uv":[8.3351,8.752],"uv_size":[0.1093,0.123]},"east":{"uv":[8.2311,6.377],"uv_size":[0.5467,0.123]},"west":{"uv":[8.2311,6.502],"uv_size":[0.5467,0.123]},"up":{"uv":[5.0018,7.135],"uv_size":[0.1093,0.615]},"down":{"uv":[0.6684,9.24],"uv_size":[0.1093,-0.615]}}},{"origin":[3,8.95,-5.25],"size":[2,1,1],"pivot":[3.75,9.45,-1.5],"uv":{"north":{"uv":[6.1147,9.377],"uv_size":[0.2187,0.123]},"south":{"uv":[6.3369,9.377],"uv_size":[0.2187,0.123]},"east":{"uv":[7.8907,9.377],"uv_size":[0.1093,0.123]},"west":{"uv":[8.3351,8.877],"uv_size":[0.1093,0.123]},"up":{"uv":[6.5591,9.377],"uv_size":[0.2187,0.123]},"down":{"uv":[6.7813,9.498],"uv_size":[0.2187,-0.123]}}},{"origin":[3,8.95,-3.25],"size":[3,1,8],"pivot":[3.75,9.45,-1.5],"uv":{"north":{"uv":[8.3387,3.127],"uv_size":[0.328,0.123]},"south":{"uv":[8.3387,3.252],"uv_size":[0.328,0.123]},"east":{"uv":[6.9031,7.377],"uv_size":[0.8747,0.123]},"west":{"uv":[7.6809,8.502],"uv_size":[0.8747,0.123]},"up":{"uv":[0.4498,7.641],"uv_size":[0.328,0.984]},"down":{"uv":[6.8942,7.359],"uv_size":[0.328,-0.984]}}},{"origin":[3,9.45,-3.25],"size":[4,0,10],"pivot":[3.75,9.45,-1.5],"uv":{"north":{"uv":[0.0071,0],"uv_size":[0.4373,0]},"south":{"uv":[0.0071,0],"uv_size":[0.4373,0]},"east":{"uv":[0.016,0],"uv_size":[1.0951,0]},"west":{"uv":[0.016,0],"uv_size":[1.0951,0]},"up":{"uv":[0.0071,6.391],"uv_size":[0.4373,1.234]},"down":{"uv":[0.4516,7.609],"uv_size":[0.4373,-1.234]}}}],"name":"rot_4"},{"parent":"geyser_custom_z","pivot":[26,14,1],"rotation":[0,-0,0],"cubes":[{"origin":[7,4,-8],"size":[10,12,0],"pivot":[26,14,1],"uv":{"north":{"uv":[4.016,5.641],"uv_size":[1.0951,1.484]},"south":{"uv":[2.9049,5.766],"uv_size":[1.0951,1.484]},"east":{"uv":[0,0.016],"uv_size":[0,1.484]},"west":{"uv":[0,0.016],"uv_size":[0,1.484]},"up":{"uv":[0.016,0],"uv_size":[1.0951,0]},"down":{"uv":[0.016,0],"uv_size":[1.0951,0]}}}],"name":"rot_5"},{"parent":"geyser_custom_z","pivot":[15,-2,4.6],"rotation":[0,-0,0],"cubes":[{"origin":[13.7,7.025,4.3],"size":[3.6,0.975,3.6],"pivot":[15,-2,4.6],"uv":{"north":{"uv":[1.0071,9.377],"uv_size":[0.4373,0.123]},"south":{"uv":[8.3404,1.377],"uv_size":[0.4373,0.123]},"east":{"uv":[8.3404,1.252],"uv_size":[0.4373,0.123]},"west":{"uv":[8.3404,1.502],"uv_size":[0.4373,0.123]},"up":{"uv":[6.5627,8.633],"uv_size":[0.4373,0.492]},"down":{"uv":[7.0071,9.117],"uv_size":[0.4373,-0.492]}}}],"name":"rot_6"},{"parent":"geyser_custom_z","pivot":[15,0,4.6],"rotation":[0,-0,0],"cubes":[{"origin":[14,0.025,4.6],"size":[3,12.975,3],"pivot":[15,0,4.6],"uv":{"north":{"uv":[5.7831,6.391],"uv_size":[0.328,1.609]},"south":{"uv":[4.0053,7.141],"uv_size":[0.328,1.609]},"east":{"uv":[6.1164,6.391],"uv_size":[0.328,1.609]},"west":{"uv":[4.3387,7.141],"uv_size":[0.328,1.609]},"up":{"uv":[8.0053,2.631],"uv_size":[0.328,0.369]},"down":{"uv":[8.0053,3.369],"uv_size":[0.328,-0.369]}}}],"name":"rot_7"},{"parent":"geyser_custom_z","pivot":[15,1,4.6],"rotation":[0,-0,0],"cubes":[{"origin":[13.7,10.025,4.3],"size":[3.6,0.975,3.6],"pivot":[15,1,4.6],"uv":{"north":{"uv":[8.3404,1.877],"uv_size":[0.4373,0.123]},"south":{"uv":[8.3404,2.627],"uv_size":[0.4373,0.123]},"east":{"uv":[2.2293,9.377],"uv_size":[0.4373,0.123]},"west":{"uv":[8.3404,2.752],"uv_size":[0.4373,0.123]},"up":{"uv":[4.3404,8.758],"uv_size":[0.4373,0.492]},"down":{"uv":[1.0071,9.367],"uv_size":[0.4373,-0.492]}}}],"name":"rot_8"},{"parent":"geyser_custom_z","pivot":[14.5,0,7.6],"rotation":[0,-0,0],"cubes":[{"origin":[13.5,0,3.6],"size":[4,2,5],"pivot":[14.5,0,7.6],"uv":{"north":{"uv":[5.2293,9.129],"uv_size":[0.4373,0.246]},"south":{"uv":[5.6738,9.129],"uv_size":[0.4373,0.246]},"east":{"uv":[7.4533,8.879],"uv_size":[0.5467,0.246]},"west":{"uv":[8.0089,1.004],"uv_size":[0.5467,0.246]},"up":{"uv":[5.4516,8.01],"uv_size":[0.4373,0.615]},"down":{"uv":[5.896,8.615],"uv_size":[0.4373,-0.615]}}}],"name":"rot_9"},{"parent":"geyser_custom_z","pivot":[14,0,-6],"rotation":[0,-0,0],"cubes":[{"origin":[13,0.025,-6],"size":[3,12.975,3],"pivot":[14,0,-6],"uv":{"north":{"uv":[4.672,7.141],"uv_size":[0.328,1.609]},"south":{"uv":[3.2276,7.266],"uv_size":[0.328,1.609]},"east":{"uv":[2.8942,7.266],"uv_size":[0.328,1.609]},"west":{"uv":[3.5609,7.266],"uv_size":[0.328,1.609]},"up":{"uv":[8.0053,5.881],"uv_size":[0.328,0.369]},"down":{"uv":[8.0053,7.994],"uv_size":[0.328,-0.369]}}}],"name":"rot_10"},{"parent":"geyser_custom_z","pivot":[14,0,2],"rotation":[0,-0,0],"cubes":[{"origin":[14.025,4,-3],"size":[1.975,2,8],"pivot":[14,0,2],"uv":{"north":{"uv":[4.5591,9.254],"uv_size":[0.2187,0.246]},"south":{"uv":[8.3369,1.629],"uv_size":[0.2187,0.246]},"east":{"uv":[7.6809,8.254],"uv_size":[0.8747,0.246]},"west":{"uv":[7.4587,8.629],"uv_size":[0.8747,0.246]},"up":{"uv":[3.8924,8.766],"uv_size":[0.2187,0.984]},"down":{"uv":[4.1147,9.734],"uv_size":[0.2187,-0.984]}}}],"name":"rot_11"},{"parent":"geyser_custom_z","pivot":[14,9,-1],"rotation":[0,-0,0],"cubes":[{"origin":[-13,9,6],"size":[2,4,1],"pivot":[14,9,-1],"uv":{"north":{"uv":[7.448,9.133],"uv_size":[0.2187,0.492]},"south":{"uv":[7.6702,9.133],"uv_size":[0.2187,0.492]},"east":{"uv":[2.8907,9.383],"uv_size":[0.1093,0.492]},"west":{"uv":[3.0018,9.383],"uv_size":[0.1093,0.492]},"up":{"uv":[8.3369,7.877],"uv_size":[0.2187,0.123]},"down":{"uv":[8.3369,8.748],"uv_size":[0.2187,-0.123]}}}],"name":"rot_12"},{"parent":"geyser_custom_z","pivot":[14,13,0],"rotation":[0,-0,0],"cubes":[{"origin":[13,12,4],"size":[5,4,4],"pivot":[14,13,0],"uv":{"north":{"uv":[6.4533,7.758],"uv_size":[0.5467,0.492]},"south":{"uv":[7.0089,7.758],"uv_size":[0.5467,0.492]},"east":{"uv":[2.3404,8.508],"uv_size":[0.4373,0.492]},"west":{"uv":[7.5627,2.758],"uv_size":[0.4373,0.492]},"up":{"uv":[7.12,0.008],"uv_size":[0.5467,0.492]},"down":{"uv":[7.12,0.992],"uv_size":[0.5467,-0.492]}}}],"name":"rot_13"},{"parent":"geyser_custom_z","pivot":[13.5,0,-3],"rotation":[0,-0,0],"cubes":[{"origin":[12.5,0,-9],"size":[4,2,9],"pivot":[13.5,0,-3],"uv":{"north":{"uv":[6.1182,9.129],"uv_size":[0.4373,0.246]},"south":{"uv":[6.5627,9.129],"uv_size":[0.4373,0.246]},"east":{"uv":[7.2382,6.879],"uv_size":[0.984,0.246]},"west":{"uv":[7.2382,7.129],"uv_size":[0.984,0.246]},"up":{"uv":[6.6738,1.141],"uv_size":[0.4373,1.109]},"down":{"uv":[6.6738,3.359],"uv_size":[0.4373,-1.109]}}}],"name":"rot_14"},{"parent":"geyser_custom_z","pivot":[0,25,6.1],"rotation":[0,-0,0],"cubes":[{"origin":[-15,24,4.6],"size":[30,2,3],"pivot":[0,25,6.1],"uv":{"north":{"uv":[5.1271,5.379],"uv_size":[3.3173,0.246]},"south":{"uv":[5.1271,5.629],"uv_size":[3.3173,0.246]},"east":{"uv":[0.672,9.254],"uv_size":[0.328,0.246]},"west":{"uv":[1.672,9.254],"uv_size":[0.328,0.246]},"up":{"uv":[5.1271,4.131],"uv_size":[3.3173,0.369]},"down":{"uv":[5.1271,4.869],"uv_size":[3.3173,-0.369]}}}],"name":"rot_15"},{"parent":"geyser_custom_z","pivot":[-12,10,-8],"rotation":[0,-0,0],"cubes":[{"origin":[-17,4,-8],"size":[10,12,0],"pivot":[-12,10,-8],"uv":{"north":{"uv":[2.9049,4.266],"uv_size":[1.0951,1.484]},"south":{"uv":[4.016,4.141],"uv_size":[1.0951,1.484]},"east":{"uv":[0,0.016],"uv_size":[0,1.484]},"west":{"uv":[0,0.016],"uv_size":[0,1.484]},"up":{"uv":[0.016,0],"uv_size":[1.0951,0]},"down":{"uv":[0.016,0],"uv_size":[1.0951,0]}}}],"name":"rot_16"},{"parent":"geyser_custom_z","pivot":[-13.5,0,-3],"rotation":[0,-0,0],"cubes":[{"origin":[-16.5,0,-9],"size":[4,2,9],"pivot":[-13.5,0,-3],"uv":{"north":{"uv":[2.896,9.129],"uv_size":[0.4373,0.246]},"south":{"uv":[8.1182,3.879],"uv_size":[0.4373,0.246]},"east":{"uv":[7.2382,6.379],"uv_size":[0.984,0.246]},"west":{"uv":[7.2382,6.629],"uv_size":[0.984,0.246]},"up":{"uv":[6.4516,6.391],"uv_size":[0.4373,1.109]},"down":{"uv":[6.6738,1.109],"uv_size":[0.4373,-1.109]}}}],"name":"rot_17"},{"parent":"geyser_custom_z","pivot":[-14,0,-6],"rotation":[0,-0,0],"cubes":[{"origin":[-16,0.025,-6],"size":[3,12.975,3],"pivot":[-14,0,-6],"uv":{"north":{"uv":[2.2276,6.391],"uv_size":[0.328,1.609]},"south":{"uv":[5.1164,6.391],"uv_size":[0.328,1.609]},"east":{"uv":[2.5609,6.391],"uv_size":[0.328,1.609]},"west":{"uv":[5.4498,6.391],"uv_size":[0.328,1.609]},"up":{"uv":[8.0053,1.631],"uv_size":[0.328,0.369]},"down":{"uv":[2.3387,9.369],"uv_size":[0.328,-0.369]}}}],"name":"rot_18"},{"parent":"geyser_custom_z","pivot":[-14,0,2],"rotation":[0,-0,0],"cubes":[{"origin":[-16,4,-3],"size":[1.975,2,8],"pivot":[-14,0,2],"uv":{"north":{"uv":[3.5591,9.254],"uv_size":[0.2187,0.246]},"south":{"uv":[4.3369,9.254],"uv_size":[0.2187,0.246]},"east":{"uv":[7.6809,0.504],"uv_size":[0.8747,0.246]},"west":{"uv":[7.6809,0.754],"uv_size":[0.8747,0.246]},"up":{"uv":[0.448,8.641],"uv_size":[0.2187,0.984]},"down":{"uv":[5.0036,9.609],"uv_size":[0.2187,-0.984]}}}],"name":"rot_19"},{"parent":"geyser_custom_z","pivot":[-14,7,-1],"rotation":[0,-0,0],"cubes":[{"origin":[-13,7,-6],"size":[26,2,13],"pivot":[-14,7,-1],"uv":{"north":{"uv":[0.016,5.879],"uv_size":[2.8729,0.246]},"south":{"uv":[5.1271,5.879],"uv_size":[2.8729,0.246]},"east":{"uv":[6.6827,3.879],"uv_size":[1.4284,0.246]},"west":{"uv":[6.4604,7.504],"uv_size":[1.4284,0.246]},"up":{"uv":[0.016,4.266],"uv_size":[2.8729,1.609]},"down":{"uv":[3.7938,1.609],"uv_size":[2.8729,-1.609]}}}],"name":"rot_20"},{"parent":"geyser_custom_z","pivot":[-14,9,-1],"rotation":[0,-0,0],"cubes":[{"origin":[11,9,6],"size":[2,4,1],"pivot":[-14,9,-1],"uv":{"north":{"uv":[7.0036,9.133],"uv_size":[0.2187,0.492]},"south":{"uv":[7.2258,9.133],"uv_size":[0.2187,0.492]},"east":{"uv":[2.6684,9.008],"uv_size":[0.1093,0.492]},"west":{"uv":[0.3351,9.133],"uv_size":[0.1093,0.492]},"up":{"uv":[8.3369,7.627],"uv_size":[0.2187,0.123]},"down":{"uv":[8.3369,7.873],"uv_size":[0.2187,-0.123]}}}],"name":"rot_21"},{"parent":"geyser_custom_z","pivot":[-14,13,-2],"rotation":[0,-0,0],"cubes":[{"origin":[-13,15,5],"size":[26,10,2],"pivot":[-14,13,-2],"uv":{"north":{"uv":[3.7938,1.641],"uv_size":[2.8729,1.234]},"south":{"uv":[3.7938,2.891],"uv_size":[2.8729,1.234]},"east":{"uv":[0.7813,8.016],"uv_size":[0.2187,1.234]},"west":{"uv":[7.1147,1.016],"uv_size":[0.2187,1.234]},"up":{"uv":[0.016,6.129],"uv_size":[2.8729,0.246]},"down":{"uv":[5.1271,6.371],"uv_size":[2.8729,-0.246]}}}],"name":"rot_22"},{"parent":"geyser_custom_z","pivot":[-14,13,-1],"rotation":[0,-0,0],"cubes":[{"origin":[-17,13,-10],"size":[34,2,17],"pivot":[-14,13,-1],"uv":{"north":{"uv":[5.1271,4.879],"uv_size":[3.7618,0.246]},"south":{"uv":[5.1271,5.129],"uv_size":[3.7618,0.246]},"east":{"uv":[6.6827,3.379],"uv_size":[1.8729,0.246]},"west":{"uv":[6.6827,3.629],"uv_size":[1.8729,0.246]},"up":{"uv":[0.016,0.016],"uv_size":[3.7618,2.109]},"down":{"uv":[0.016,4.234],"uv_size":[3.7618,-2.109]}}}],"name":"rot_23"},{"parent":"geyser_custom_z","pivot":[-14,13,0],"rotation":[0,-0,0],"cubes":[{"origin":[-18,12,4],"size":[5,4,4],"pivot":[-14,13,0],"uv":{"north":{"uv":[1.0089,8.008],"uv_size":[0.5467,0.492]},"south":{"uv":[1.5644,8.008],"uv_size":[0.5467,0.492]},"east":{"uv":[7.5627,7.758],"uv_size":[0.4373,0.492]},"west":{"uv":[7.6738,0.008],"uv_size":[0.4373,0.492]},"up":{"uv":[7.12,2.258],"uv_size":[0.5467,0.492]},"down":{"uv":[2.12,8.492],"uv_size":[0.5467,-0.492]}}}],"name":"rot_24"},{"parent":"geyser_custom_z","pivot":[-14.5,0,7.6],"rotation":[0,-0,0],"cubes":[{"origin":[-17.5,0,3.6],"size":[4,2,5],"pivot":[-14.5,0,7.6],"uv":{"north":{"uv":[8.0071,8.004],"uv_size":[0.4373,0.246]},"south":{"uv":[8.1182,2.379],"uv_size":[0.4373,0.246]},"east":{"uv":[2.8978,8.879],"uv_size":[0.5467,0.246]},"west":{"uv":[7.8978,7.379],"uv_size":[0.5467,0.246]},"up":{"uv":[7.1182,2.76],"uv_size":[0.4373,0.615]},"down":{"uv":[5.0071,8.615],"uv_size":[0.4373,-0.615]}}}],"name":"rot_25"},{"parent":"geyser_custom_z","pivot":[-15,-2,4.6],"rotation":[0,-0,0],"cubes":[{"origin":[-17.3,7.025,4.3],"size":[3.6,0.975,3.6],"pivot":[-15,-2,4.6],"uv":{"north":{"uv":[7.5627,3.252],"uv_size":[0.4373,0.123]},"south":{"uv":[8.2293,6.752],"uv_size":[0.4373,0.123]},"east":{"uv":[8.2293,6.627],"uv_size":[0.4373,0.123]},"west":{"uv":[8.2293,6.877],"uv_size":[0.4373,0.123]},"up":{"uv":[7.6738,2.133],"uv_size":[0.4373,0.492]},"down":{"uv":[5.2293,9.117],"uv_size":[0.4373,-0.492]}}}],"name":"rot_26"},{"parent":"geyser_custom_z","pivot":[-15,0,4.6],"rotation":[0,-0,0],"cubes":[{"origin":[-17,0.025,4.6],"size":[3,12.975,3],"pivot":[-15,0,4.6],"uv":{"north":{"uv":[0.8942,6.391],"uv_size":[0.328,1.609]},"south":{"uv":[1.5609,6.391],"uv_size":[0.328,1.609]},"east":{"uv":[1.2276,6.391],"uv_size":[0.328,1.609]},"west":{"uv":[1.8942,6.391],"uv_size":[0.328,1.609]},"up":{"uv":[3.4498,8.881],"uv_size":[0.328,0.369]},"down":{"uv":[8.0053,1.619],"uv_size":[0.328,-0.369]}}}],"name":"rot_27"},{"parent":"geyser_custom_z","pivot":[-15,1,4.6],"rotation":[0,-0,0],"cubes":[{"origin":[-17.3,10.025,4.3],"size":[3.6,0.975,3.6],"pivot":[-15,1,4.6],"uv":{"north":{"uv":[8.2293,7.002],"uv_size":[0.4373,0.123]},"south":{"uv":[8.2293,7.252],"uv_size":[0.4373,0.123]},"east":{"uv":[8.2293,7.127],"uv_size":[0.4373,0.123]},"west":{"uv":[7.896,9.252],"uv_size":[0.4373,0.123]},"up":{"uv":[5.6738,8.633],"uv_size":[0.4373,0.492]},"down":{"uv":[6.1182,9.117],"uv_size":[0.4373,-0.492]}}}],"name":"rot_28"},{"parent":"geyser_custom_z","pivot":[17.2,13.5,-4.5],"rotation":[-22.5,0,0],"cubes":[{"origin":[17.2,11,-7],"size":[0,5,5],"pivot":[17.2,13.5,-4.5],"uv":{"north":{"uv":[14.2222,0.615],"uv_size":[0,-0.615]},"south":{"uv":[14.2222,0.01],"uv_size":[0,0.615]},"east":{"uv":[15.3422,0.635],"uv_size":[0.5467,0.615]},"west":{"uv":[15.3422,0.635],"uv_size":[0.5467,0.615]},"up":{"uv":[14.2222,0.615],"uv_size":[0,-0.615]},"down":{"uv":[14.2222,0.615],"uv_size":[0,-0.615]}}}],"name":"rot_29"},{"parent":"geyser_custom_z","pivot":[-20.4,11.5,5.5],"rotation":[0,0,22.5],"cubes":[{"origin":[-21.9,11,2.5],"size":[3,3,6],"pivot":[-20.4,11.5,5.5],"uv":{"north":{"uv":[8.1164,0.006],"uv_size":[0.328,0.369]},"south":{"uv":[8.1164,2.006],"uv_size":[0.328,0.369]},"east":{"uv":[7.0107,8.256],"uv_size":[0.656,0.369]},"west":{"uv":[1.0107,8.506],"uv_size":[0.656,0.369]},"up":{"uv":[1.672,8.512],"uv_size":[0.328,0.738]},"down":{"uv":[2.0053,9.238],"uv_size":[0.328,-0.738]}}},{"origin":[-20.9,-1,4.5],"size":[1,12,2],"pivot":[-20.4,11.5,5.5],"uv":{"north":{"uv":[3.8907,7.266],"uv_size":[0.1093,1.484]},"south":{"uv":[2.7796,8.016],"uv_size":[0.1093,1.484]},"east":{"uv":[0.0036,7.641],"uv_size":[0.2187,1.484]},"west":{"uv":[0.2258,7.641],"uv_size":[0.2187,1.484]},"up":{"uv":[0.7796,7.629],"uv_size":[0.1093,0.246]},"down":{"uv":[5.0018,7.996],"uv_size":[0.1093,-0.246]}}},{"origin":[-20.9,14,4.5],"size":[1,1,2],"pivot":[-20.4,11.5,5.5],"uv":{"north":{"uv":[7.8907,7.627],"uv_size":[0.1093,0.123]},"south":{"uv":[8.0018,2.002],"uv_size":[0.1093,0.123]},"east":{"uv":[5.448,9.377],"uv_size":[0.2187,0.123]},"west":{"uv":[8.3369,6.127],"uv_size":[0.2187,0.123]},"up":{"uv":[6.3351,8.004],"uv_size":[0.1093,0.246]},"down":{"uv":[3.7796,9.621],"uv_size":[0.1093,-0.246]}}}],"name":"rot_30"},{"parent":"geyser_custom_z","pivot":[-4,9.65,-1.5],"rotation":[0,-45,0],"cubes":[{"origin":[-5,9.05,-4.75],"size":[2,1.2,3],"pivot":[-4,9.65,-1.5],"uv":{"north":{"uv":[5.6702,9.377],"uv_size":[0.2187,0.123]},"south":{"uv":[5.8924,9.377],"uv_size":[0.2187,0.123]},"east":{"uv":[7.3387,2.127],"uv_size":[0.328,0.123]},"west":{"uv":[7.672,2.627],"uv_size":[0.328,0.123]},"up":{"uv":[2.0036,9.256],"uv_size":[0.2187,0.369]},"down":{"uv":[3.3369,9.619],"uv_size":[0.2187,-0.369]}}},{"origin":[-4.5,9.15,-1.75],"size":[1,1,4],"pivot":[-4,9.65,-1.5],"uv":{"north":{"uv":[3.3351,9.127],"uv_size":[0.1093,0.123]},"south":{"uv":[7.8907,9.127],"uv_size":[0.1093,0.123]},"east":{"uv":[8.3404,2.877],"uv_size":[0.4373,0.123]},"west":{"uv":[8.3404,3.002],"uv_size":[0.4373,0.123]},"up":{"uv":[2.6684,8.008],"uv_size":[0.1093,0.492]},"down":{"uv":[3.7796,9.367],"uv_size":[0.1093,-0.492]}}}],"name":"rot_31"}]}]}
