{"format_version": "1.19.0", "minecraft:geometry": [{"description": {"identifier": "geometry.furnace.minecraft_f9hqkl95gm9", "texture_width": 64, "texture_height": 64, "visible_bounds_width": 5, "visible_bounds_height": 5, "visible_bounds_offset": [0, 0.75, 0]}, "bones": [{"name": "furnacemodel", "pivot": [0, 8, 0], "binding": "c.item_slot == 'head' ? 'head' : q.item_slot_to_bone_name(c.item_slot)"}, {"name": "furnacemodel_x", "parent": "furnacemodel", "pivot": [0, 8, 0]}, {"name": "furnacemodel_y", "parent": "furnacemodel_x", "pivot": [0, 8, 0]}, {"name": "furnacemodel_z", "parent": "furnacemodel_y", "pivot": [0, 8, 0], "cubes": [{"rotation": [0, 0, 0], "size": [16.0, 16.0, 16.0], "origin": [-8, 0, -8], "pivot": [8, 0, -8], "uv": {"north": {"uv": [0.0, 0.0], "uv_size": [16.0, 16.0]}, "east": {"uv": [0.0, 0.0], "uv_size": [16.0, 16.0]}, "south": {"uv": [0.0, 0.0], "uv_size": [16.0, 16.0]}, "west": {"uv": [0.0, 0.0], "uv_size": [16.0, 16.0]}, "up": {"uv": [0.0, 32.0], "uv_size": [16.0, 16.0]}, "down": {"uv": [32.0, 16.0], "uv_size": [16.0, -16.0]}}}]}]}]}