{"format_version": "1.19.0", "minecraft:geometry": [{"description": {"identifier": "geometry.furnace.minecraft_foappu701vt", "texture_width": 64, "texture_height": 64, "visible_bounds_width": 5, "visible_bounds_height": 5, "visible_bounds_offset": [0, 0.75, 0]}, "bones": [{"name": "furnacemodel", "pivot": [0, 8, 0], "binding": "c.item_slot == 'head' ? 'head' : q.item_slot_to_bone_name(c.item_slot)"}, {"name": "furnacemodel_x", "parent": "furnacemodel", "pivot": [0, 8, 0]}, {"name": "furnacemodel_y", "parent": "furnacemodel_x", "pivot": [0, 8, 0]}, {"name": "furnacemodel_z", "parent": "furnacemodel_y", "pivot": [0, 8, 0], "cubes": [{"rotation": [0, 0, 0], "size": [8.0, 8.0, 7.0], "origin": [-4, 14, 3], "pivot": [4, 14, 3], "uv": {"north": {"uv": [0.0, 32.0], "uv_size": [8.0, 8.0]}, "east": {"uv": [8.0, 32.0], "uv_size": [7.0, 8.0]}, "south": {"uv": [0.0, 40.0], "uv_size": [8.0, 8.0]}, "west": {"uv": [8.0, 40.0], "uv_size": [7.0, 8.0]}, "up": {"uv": [15.0, 32.0], "uv_size": [8.0, 7.0]}, "down": {"uv": [15.0, 46.0], "uv_size": [8.0, -7.0]}}}, {"rotation": [0, 0, 0], "size": [1.0, 6.0, 1.0], "origin": [-4, 16, 2], "pivot": [4, 14, 1], "uv": {"north": {"uv": [12.0, 50.0], "uv_size": [1.0, 6.0]}, "east": {"uv": [13.0, 50.0], "uv_size": [1.0, 6.0]}, "south": {"uv": [14.0, 50.0], "uv_size": [1.0, 6.0]}, "west": {"uv": [15.0, 50.0], "uv_size": [1.0, 6.0]}, "up": {"uv": [14.0, 48.0], "uv_size": [1.0, 1.0]}, "down": {"uv": [7.0, 54.0], "uv_size": [1.0, -1.0]}}}, {"rotation": [0, 0, 0], "size": [1.0, 6.0, 1.0], "origin": [3, 16, 2], "pivot": [11, 14, 1], "uv": {"north": {"uv": [16.0, 50.0], "uv_size": [1.0, 6.0]}, "east": {"uv": [17.0, 50.0], "uv_size": [1.0, 6.0]}, "south": {"uv": [18.0, 50.0], "uv_size": [1.0, 6.0]}, "west": {"uv": [0.0, 51.0], "uv_size": [1.0, 6.0]}, "up": {"uv": [19.0, 53.0], "uv_size": [1.0, 1.0]}, "down": {"uv": [21.0, 52.0], "uv_size": [1.0, -1.0]}}}, {"rotation": [0, 0, 0], "size": [6.0, 3.0, 1.0], "origin": [-3, 19, 2], "pivot": [10, 14, 1], "uv": {"north": {"uv": [15.0, 46.0], "uv_size": [6.0, 3.0]}, "east": {"uv": [11.0, 51.0], "uv_size": [1.0, 3.0]}, "south": {"uv": [0.0, 48.0], "uv_size": [6.0, 3.0]}, "west": {"uv": [1.0, 52.0], "uv_size": [1.0, 3.0]}, "up": {"uv": [14.0, 49.0], "uv_size": [6.0, 1.0]}, "down": {"uv": [6.0, 51.0], "uv_size": [6.0, -1.0]}}}, {"rotation": [0, 0, 0], "size": [2.0, 1.0, 1.0], "origin": [1, 16, 2], "pivot": [10, 11, 1], "uv": {"north": {"uv": [4.0, 52.0], "uv_size": [2.0, 1.0]}, "east": {"uv": [20.0, 53.0], "uv_size": [1.0, 1.0]}, "south": {"uv": [6.0, 52.0], "uv_size": [2.0, 1.0]}, "west": {"uv": [21.0, 52.0], "uv_size": [1.0, 1.0]}, "up": {"uv": [20.0, 49.0], "uv_size": [2.0, 1.0]}, "down": {"uv": [19.0, 53.0], "uv_size": [2.0, -1.0]}}}, {"rotation": [0, 0, 0], "size": [2.0, 1.0, 1.0], "origin": [-3, 16, 2], "pivot": [6, 11, 1], "uv": {"north": {"uv": [21.0, 46.0], "uv_size": [2.0, 1.0]}, "east": {"uv": [21.0, 53.0], "uv_size": [1.0, 1.0]}, "south": {"uv": [21.0, 47.0], "uv_size": [2.0, 1.0]}, "west": {"uv": [2.0, 54.0], "uv_size": [1.0, 1.0]}, "up": {"uv": [21.0, 48.0], "uv_size": [2.0, 1.0]}, "down": {"uv": [21.0, 51.0], "uv_size": [2.0, -1.0]}}}, {"rotation": [0, 0, 0], "size": [2.0, 2.0, 1.0], "origin": [-1, 17, 2], "pivot": [10, 12, 1], "uv": {"north": {"uv": [9.0, 51.0], "uv_size": [2.0, 2.0]}, "east": {"uv": [8.0, 52.0], "uv_size": [1.0, 2.0]}, "south": {"uv": [19.0, 50.0], "uv_size": [2.0, 2.0]}, "west": {"uv": [4.0, 53.0], "uv_size": [1.0, 2.0]}, "up": {"uv": [5.0, 53.0], "uv_size": [2.0, 1.0]}, "down": {"uv": [9.0, 54.0], "uv_size": [2.0, -1.0]}}}, {"rotation": [0, 0, 0], "size": [4.0, 2.0, 1.0], "origin": [-2, 14, 2], "pivot": [4, 12, 1], "uv": {"north": {"uv": [6.0, 48.0], "uv_size": [4.0, 2.0]}, "east": {"uv": [2.0, 52.0], "uv_size": [1.0, 2.0]}, "south": {"uv": [10.0, 48.0], "uv_size": [4.0, 2.0]}, "west": {"uv": [3.0, 52.0], "uv_size": [1.0, 2.0]}, "up": {"uv": [1.0, 51.0], "uv_size": [4.0, 1.0]}, "down": {"uv": [5.0, 52.0], "uv_size": [4.0, -1.0]}}}, {"rotation": [0, 0, 0], "size": [8.0, 12.0, 4.0], "origin": [-4, 2, 4], "pivot": [0, 7, 6], "uv": {"north": {"uv": [20.0, 20.0], "uv_size": [8.0, 12.0]}, "east": {"uv": [16.0, 20.0], "uv_size": [4.0, 12.0]}, "south": {"uv": [32.0, 20.0], "uv_size": [8.0, 12.0]}, "west": {"uv": [28.0, 20.0], "uv_size": [4.0, 12.0]}, "up": {"uv": [20.0, 16.0], "uv_size": [8.0, 4.0]}, "down": {"uv": [28.0, 20.0], "uv_size": [8.0, -4.0]}}}, {"rotation": [0, 0, 0], "size": [2.0, 12.0, 2.0], "origin": [4, 2, 5], "pivot": [0, 7, 6], "uv": {"north": {"uv": [44.0, 18.0], "uv_size": [-2.0, 12.0]}, "east": {"uv": [46.0, 18.0], "uv_size": [-2.0, 12.0]}, "south": {"uv": [48.0, 18.0], "uv_size": [-2.0, 12.0]}, "west": {"uv": [42.0, 18.0], "uv_size": [-2.0, 12.0]}, "up": {"uv": [44.0, 16.0], "uv_size": [-2.0, 2.0]}, "down": {"uv": [46.0, 18.0], "uv_size": [-2.0, -2.0]}}}, {"rotation": [0, 0, 0], "size": [2.0, 12.0, 2.0], "origin": [-6, 2, 5], "pivot": [0, 7, 6], "uv": {"north": {"uv": [42.0, 18.0], "uv_size": [2.0, 12.0]}, "east": {"uv": [40.0, 18.0], "uv_size": [2.0, 12.0]}, "south": {"uv": [46.0, 18.0], "uv_size": [2.0, 12.0]}, "west": {"uv": [44.0, 18.0], "uv_size": [2.0, 12.0]}, "up": {"uv": [42.0, 16.0], "uv_size": [2.0, 2.0]}, "down": {"uv": [44.0, 18.0], "uv_size": [2.0, -2.0]}}}, {"rotation": [0, -22.5, 0], "size": [2.0, 2.0, 12.0], "origin": [1, 0, -7], "pivot": [0, 1, 5], "uv": {"north": {"uv": [4.0, 16.0], "uv_size": [2.0, 2.0], "uv_rotation": 180}, "east": {"uv": [6.0, 18.0], "uv_size": [-2.0, 12.0], "uv_rotation": 270}, "south": {"uv": [2.0, 18.0], "uv_size": [2.0, -2.0]}, "west": {"uv": [2.0, 18.0], "uv_size": [-2.0, 12.0], "uv_rotation": 90}, "up": {"uv": [2.0, 30.0], "uv_size": [2.0, -12.0], "uv_rotation": 180}, "down": {"uv": [6.0, 30.0], "uv_size": [2.0, -12.0]}}}, {"rotation": [0, 0, 0], "size": [2.0, 2.0, 12.0], "origin": [-3, 0, -7], "pivot": [0, 1, 5], "uv": {"north": {"uv": [6.0, 16.0], "uv_size": [-2.0, 2.0], "uv_rotation": 180}, "east": {"uv": [0.0, 18.0], "uv_size": [2.0, 12.0], "uv_rotation": 270}, "south": {"uv": [4.0, 18.0], "uv_size": [-2.0, -2.0]}, "west": {"uv": [4.0, 18.0], "uv_size": [2.0, 12.0], "uv_rotation": 90}, "up": {"uv": [4.0, 30.0], "uv_size": [-2.0, -12.0], "uv_rotation": 180}, "down": {"uv": [8.0, 30.0], "uv_size": [-2.0, -12.0]}}}]}]}]}