{"format_version":"1.8.0","animations":{"animation.geyser_custom.geo_e80478f.thirdperson_main_hand":{"loop":true,"bones":{"geyser_custom_x":{"scale":[0.5,0.5,0.5]},"geyser_custom":{"rotation":[90,0,0],"position":[0,13,-3]}}},"animation.geyser_custom.geo_e80478f.thirdperson_off_hand":{"loop":true,"bones":{"geyser_custom_x":{"scale":[0.5,0.5,0.5]},"geyser_custom":{"rotation":[90,0,0],"position":[0,13,-3]}}},"animation.geyser_custom.geo_e80478f.head":{"loop":true,"bones":{"geyser_custom_x":{"position":[-0,-19.84375,0],"scale":[1.0625,1.0625,1.0625]},"geyser_custom":{"position":[0,19.9,0]}}},"animation.geyser_custom.geo_e80478f.firstperson_main_hand":{"loop":true,"bones":{"geyser_custom":{"rotation":[90,60,-40],"position":[4,10,4],"scale":1.5},"geyser_custom_x":{"rotation":[-0,0,0],"scale":[0.3,0.3,0.3]},"geyser_custom_y":{"rotation":[0,-135,0]},"geyser_custom_z":{"rotation":[0,0,0]}}},"animation.geyser_custom.geo_e80478f.firstperson_off_hand":{"loop":true,"bones":{"geyser_custom":{"rotation":[90,60,-40],"position":[4,10,4],"scale":1.5},"geyser_custom_x":{"rotation":[-0,0,0],"scale":[0.3,0.3,0.3]},"geyser_custom_y":{"rotation":[0,-135,0]},"geyser_custom_z":{"rotation":[0,0,0]}}}}}
