{"format_version":"1.8.0","animations":{"animation.geyser_custom.thirdperson_hand":{"loop":true,"bones":{"geyser_custom":{"rotation":[90,0,0],"position":[0,13,-3]},"geyser_custom_x":{"rotation":["v.main_hand ? -v.thirdperson_mainhand_rot_x : (v.thirdperson_hand_same ? -v.thirdperson_mainhand_rot_x : -v.thirdperson_offhand_rot_x)",0,0],"position":["v.main_hand ? -v.thirdperson_mainhand_pos_x : (v.thirdperson_hand_same ? v.thirdperson_mainhand_pos_x : v.thirdperson_offhand_pos_x)","v.main_hand ? v.thirdperson_mainhand_pos_y : (v.thirdperson_hand_same ? v.thirdperson_mainhand_pos_y : v.thirdperson_offhand_pos_y)","v.main_hand ? v.thirdperson_mainhand_pos_z : (v.thirdperson_hand_same ? v.thirdperson_mainhand_pos_z : v.thirdperson_offhand_pos_z)"],"scale":"v.main_hand ? v.thirdperson_mainhand_scale : (v.thirdperson_hand_same ? v.thirdperson_mainhand_scale : v.thirdperson_offhand_scale)"},"geyser_custom_y":{"rotation":[0,"v.main_hand ? -v.thirdperson_mainhand_rot_y : (v.thirdperson_hand_same ? v.thirdperson_mainhand_rot_y : v.thirdperson_offhand_rot_y)",0]},"geyser_custom_z":{"rotation":[0,0,"v.main_hand ? v.thirdperson_mainhand_rot_z : (v.thirdperson_hand_same ? -v.thirdperson_mainhand_rot_z : -v.thirdperson_offhand_rot_z)"]}}},"animation.geyser_custom.firstperson_hand":{"loop":true,"bones":{"geyser_custom":{"rotation":["v.main_hand ? 90 : 180","v.main_hand ? 60 : 0","v.main_hand ? -40 : 180"],"position":["v.main_hand ? 0 : -18.5","v.main_hand ? 15 : 18.3","v.main_hand ? 2 : 15"],"scale":"v.main_hand ? 1.4 : 1.2"},"geyser_custom_x":{"rotation":["v.main_hand ? -v.firstperson_mainhand_rot_x : (v.firstperson_hand_same ? -v.firstperson_mainhand_rot_x : -v.firstperson_offhand_rot_x)",0,0],"position":["v.main_hand ? -v.firstperson_mainhand_pos_x : (v.firstperson_hand_same ? v.firstperson_mainhand_pos_x : v.firstperson_offhand_pos_x)","v.main_hand ? v.firstperson_mainhand_pos_y : (v.firstperson_hand_same ? v.firstperson_mainhand_pos_y : v.firstperson_offhand_pos_y)","v.main_hand ? v.firstperson_mainhand_pos_z : (v.firstperson_hand_same ? v.firstperson_mainhand_pos_z : v.firstperson_offhand_pos_z)"],"scale":"v.main_hand ? v.firstperson_mainhand_scale : (v.firstperson_hand_same ? v.firstperson_mainhand_scale : v.firstperson_offhand_scale)"},"geyser_custom_y":{"rotation":[0,"v.main_hand ? -v.firstperson_mainhand_rot_y : (v.firstperson_hand_same ? v.firstperson_mainhand_rot_y : v.firstperson_offhand_rot_y)",0]},"geyser_custom_z":{"rotation":[0,0,"v.main_hand ? v.firstperson_mainhand_rot_z : (v.firstperson_hand_same ? -v.firstperson_mainhand_rot_z : -v.firstperson_offhand_rot_z)"]}}},"animation.geyser_custom.firstperson_hand_blocking":{"loop":true,"bones":{"geyser_custom":{"rotation":["v.main_hand ? 90 : 180","v.main_hand ? 60 : 0","v.main_hand ? -40 : 180"],"position":["v.main_hand ? 0 : -18.5","v.main_hand ? 15 : 18.3","v.main_hand ? 2 : 15"],"scale":"v.main_hand ? 1.4 : 1.2"},"geyser_custom_x":{"rotation":["v.main_hand ? -v.firstperson_blocking_rot_x : (!v.is_blocking_main_hand ? (v.firstperson_hand_same ? -v.firstperson_blocking_rot_x : -v.firstperson_offhand_blocking_rot_x) : (v.firstperson_hand_same ? -v.firstperson_mainhand_rot_x : -v.firstperson_offhand_rot_x))",0,0],"position":["v.main_hand ? -v.firstperson_blocking_pos_x : (!v.is_blocking_main_hand ? (v.firstperson_hand_same ? v.firstperson_blocking_pos_x : v.firstperson_offhand_blocking_pos_x) : (v.firstperson_hand_same ? v.firstperson_mainhand_pos_x : v.firstperson_offhand_pos_x))","v.main_hand ? v.firstperson_blocking_pos_y : (!v.is_blocking_main_hand ? (v.firstperson_hand_same ? v.firstperson_blocking_pos_y : v.firstperson_offhand_blocking_pos_y) : (v.firstperson_hand_same ? v.firstperson_mainhand_pos_y : v.firstperson_offhand_pos_y))","v.main_hand ? v.firstperson_blocking_pos_z : (!v.is_blocking_main_hand ? (v.firstperson_hand_same ? v.firstperson_blocking_pos_z : v.firstperson_offhand_blocking_pos_z) : (v.firstperson_hand_same ? v.firstperson_mainhand_pos_z : v.firstperson_offhand_pos_z))"],"scale":"v.main_hand ? v.firstperson_blocking_scale : (!v.is_blocking_main_hand ? (v.firstperson_hand_same ? v.firstperson_blocking_scale : v.firstperson_offhand_blocking_scale) : (v.firstperson_hand_same ? v.firstperson_mainhand_scale : v.firstperson_offhand_scale))"},"geyser_custom_y":{"rotation":[0,"v.main_hand ? -v.firstperson_blocking_rot_y : (!v.is_blocking_main_hand ? (v.firstperson_hand_same ? v.firstperson_blocking_rot_y : v.firstperson_offhand_blocking_rot_y) : (v.firstperson_hand_same ? v.firstperson_mainhand_rot_y : v.firstperson_offhand_rot_y))",0]},"geyser_custom_z":{"rotation":[0,0,"v.main_hand ? v.firstperson_blocking_rot_z : (!v.is_blocking_main_hand ? (v.firstperson_hand_same ? -v.firstperson_blocking_rot_z : -v.firstperson_offhand_blocking_rot_z) : (v.firstperson_hand_same ? -v.firstperson_mainhand_rot_z : -v.firstperson_offhand_rot_z))"]}}},"animation.geyser_custom.custom_bow.wield_first_person_pull_pos":{"loop":true,"bones":{"geyser_custom":{"rotation":[135,60,-15],"position":[-4.5,19.5,-5.5],"scale":1.4},"geyser_custom_x":{"rotation":["-v.firstperson_pull_rot_x",0,0],"position":["-v.firstperson_pull_pos_x","v.firstperson_pull_pos_y","v.firstperson_pull_pos_z"],"scale":"v.firstperson_pull_scale"},"geyser_custom_y":{"rotation":[0,"-v.firstperson_pull_rot_y",0]},"geyser_custom_z":{"rotation":[0,0,"v.firstperson_pull_rot_z"]}}},"animation.geyser_custom.custom_crossbow.wield_first_person_pull_pos":{"loop":true,"bones":{"geyser_custom":{"rotation":[65,60,-71],"position":[0,22.5,-12.25],"scale":1.4},"geyser_custom_x":{"rotation":["-v.firstperson_pull_rot_x",0,0],"position":["-v.firstperson_pull_pos_x","v.firstperson_pull_pos_y","v.firstperson_pull_pos_z"],"scale":"v.firstperson_pull_scale"},"geyser_custom_y":{"rotation":[0,"-v.firstperson_pull_rot_y",0]},"geyser_custom_z":{"rotation":[0,0,"v.firstperson_pull_rot_z"]}}},"animation.geyser_custom.custom_crossbow.firstperson_main_hand_charged":{"loop":true,"bones":{"geyser_custom":{"rotation":[65,60,-71],"position":[0,22.5,-12.25],"scale":1.4},"geyser_custom_x":{"rotation":["-v.firstperson_charged_rot_x",0,0],"position":["-v.firstperson_charged_pos_x","v.firstperson_charged_pos_y","v.firstperson_charged_pos_z"],"scale":"v.firstperson_charged_scale"},"geyser_custom_y":{"rotation":[0,"-v.firstperson_charged_rot_y",0]},"geyser_custom_z":{"rotation":[0,0,"v.firstperson_charged_rot_z"]}}},"animation.geyser_custom.thirdperson_head":{"loop":true,"bones":{"geyser_custom":{"position":[0,19.9,0]},"geyser_custom_x":{"rotation":["-v.thirdperson_head_rot_x",0,0],"position":["-v.thirdperson_head_pos_x*0.625","v.thirdperson_head_pos_y*0.625","v.thirdperson_head_pos_z*0.625"],"scale":"(v.thirdperson_head_scale==1  ? 0.625 : v.thirdperson_head_scale*0.625)"},"geyser_custom_y":{"rotation":[0,"-v.thirdperson_head_rot_y",0]},"geyser_custom_z":{"rotation":[0,0,"v.thirdperson_head_rot_z"]}}},"animation.geyser_custom.golden_skull_offset":{"loop":true,"bones":{"golden_skull":{"position":[0,14,6]}}},"animation.geyser_custom.custom_bow.wield_first_person_pull":{"loop":true,"bones":{"geyser_custom_x":{"position":[0," 0 + ( q.is_using_item&&q.main_hand_item_use_duration>0.0f ? math.sin( (q.life_time) * 1000.0 * 1.3) * 0.1 - math.sin(q.life_time * 45.0) * 0.5 : 0.0)",0]}}},"animation.player.first_person.attack_rotation":{"loop":true,"bones":{"rightarm":{"position":["math.clamp(-15.5 * math.sin(variable.first_person_rotation_factor * variable.attack_time * 112.0), -7.0, 999.0) * math.sin(variable.first_person_rotation_factor * variable.attack_time * 112.0)","math.sin(variable.first_person_rotation_factor * (1.0 - variable.attack_time) * (1.0 - variable.attack_time) * 200.0) * 7.5 - variable.first_person_rotation_factor * variable.attack_time * 15.0 + variable.short_arm_offset_right","math.sin(variable.first_person_rotation_factor * variable.attack_time * 120.0) * 1.75"],"rotation":["math.sin(variable.first_person_rotation_factor * (1.0 - variable.attack_time) * (1.0 - variable.attack_time) * 280.0) * (q.equipped_item_is_attachable('main_hand') ? -30.0 : -60.0)","math.sin(variable.first_person_rotation_factor * (1.0 - variable.attack_time) * (1.0 - variable.attack_time) * 280.0) * (q.equipped_item_is_attachable('main_hand') ?  75.0 :  40.0)","math.sin(variable.first_person_rotation_factor * (1.0 - variable.attack_time) * (1.0 - variable.attack_time) * 280.0) * (q.equipped_item_is_attachable('main_hand') ? -25.0 :  20.0)"]}}}}}