{"format_version": "1.19.0", "minecraft:geometry": [{"description": {"identifier": "geometry.furnace.minecraft_f1fb9h1oyst", "texture_width": 32, "texture_height": 32, "visible_bounds_width": 5, "visible_bounds_height": 5, "visible_bounds_offset": [0, 0.75, 0]}, "bones": [{"name": "furnacemodel", "pivot": [0, 8, 0], "binding": "c.item_slot == 'head' ? 'head' : q.item_slot_to_bone_name(c.item_slot)"}, {"name": "furnacemodel_x", "parent": "furnacemodel", "pivot": [0, 8, 0]}, {"name": "furnacemodel_y", "parent": "furnacemodel_x", "pivot": [0, 8, 0]}, {"name": "furnacemodel_z", "parent": "furnacemodel_y", "pivot": [0, 8, 0], "cubes": [{"rotation": [0, 0, 0], "size": [8.0, 7.0, 8.0], "origin": [-4, 2, -4], "pivot": [8, 1, -8], "uv": {"north": {"uv": [0.0, 18.0], "uv_size": [8.0, 7.0]}, "east": {"uv": [8.0, 18.0], "uv_size": [-8.0, 7.0]}, "south": {"uv": [0.0, 18.0], "uv_size": [8.0, 7.0]}, "west": {"uv": [8.0, 18.0], "uv_size": [-8.0, 7.0]}, "up": {"uv": [16.0, 8.0], "uv_size": [8.0, 8.0]}, "down": {"uv": [16.0, 24.0], "uv_size": [8.0, -8.0]}}}, {"rotation": [0, 0, 0], "size": [9.0, 8.0, 9.0], "origin": [-4.5, 1.5, -4.5], "pivot": [7.5, 0.5, -7.5], "uv": {"north": {"uv": [9.0, 0.0], "uv_size": [9.0, 8.0]}, "east": {"uv": [18.0, 0.0], "uv_size": [-9.0, 8.0]}, "south": {"uv": [9.0, 0.0], "uv_size": [9.0, 8.0]}, "west": {"uv": [18.0, 0.0], "uv_size": [-9.0, 8.0]}, "up": {"uv": [0.0, 0.0], "uv_size": [9.0, 9.0]}, "down": {"uv": [0.0, 18.0], "uv_size": [9.0, -9.0]}}}, {"rotation": [0, 0, 0], "size": [4.0, 2.0, 4.0], "origin": [-2, 0, -2], "pivot": [8, 0, -8], "uv": {"north": {"uv": [24.0, 17.0], "uv_size": [4.0, 2.0]}, "east": {"uv": [24.0, 17.0], "uv_size": [4.0, 2.0]}, "south": {"uv": [24.0, 17.0], "uv_size": [4.0, 2.0]}, "west": {"uv": [24.0, 17.0], "uv_size": [4.0, 2.0]}, "up": {"uv": [24.0, 13.0], "uv_size": [4.0, 4.0]}, "down": {"uv": [15.0, 28.0], "uv_size": [4.0, -4.0]}}}, {"rotation": [22.5, 0, 0], "size": [7.0, 6.0, 0.0], "origin": [-3.5, 0, -3.5], "pivot": [0.5, 0, -3.5], "uv": {"north": {"uv": [24.0, 7.0], "uv_size": [7.0, 6.0]}, "east": {"uv": [0.0, 0.0], "uv_size": [0.0, 6.0]}, "south": {"uv": [24.0, 7.0], "uv_size": [7.0, 6.0]}, "west": {"uv": [0.0, 0.0], "uv_size": [0.0, 6.0]}, "up": {"uv": [0.0, 0.0], "uv_size": [7.0, 0.0]}, "down": {"uv": [7.0, 0.0], "uv_size": [-7.0, 0.0]}}}, {"rotation": [-22.5, 0, 0], "size": [7.0, 6.0, 0.0], "origin": [-3.5, 0, 3.5], "pivot": [0.5, 0, 3.5], "uv": {"north": {"uv": [31.0, 7.0], "uv_size": [-7.0, 6.0]}, "east": {"uv": [0.0, 0.0], "uv_size": [0.0, 6.0]}, "south": {"uv": [31.0, 7.0], "uv_size": [-7.0, 6.0]}, "west": {"uv": [0.0, 0.0], "uv_size": [0.0, 6.0]}, "up": {"uv": [7.0, 0.0], "uv_size": [-7.0, 0.0]}, "down": {"uv": [7.0, 0.0], "uv_size": [-7.0, 0.0]}}}, {"rotation": [0, 0, 22.5], "size": [0.0, 6.0, 7.0], "origin": [4.38976, 1.68591, -3.5], "pivot": [0.5, 2.66103, 0], "uv": {"north": {"uv": [0.0, 0.0], "uv_size": [0.0, 6.0]}, "east": {"uv": [31.0, 7.0], "uv_size": [-7.0, 6.0]}, "south": {"uv": [0.0, 0.0], "uv_size": [0.0, 6.0]}, "west": {"uv": [31.0, 7.0], "uv_size": [-7.0, 6.0]}, "up": {"uv": [7.0, 0.0], "uv_size": [-7.0, 0.0]}, "down": {"uv": [7.0, 0.0], "uv_size": [-7.0, 0.0]}}}, {"rotation": [0, 0, -22.5], "size": [0.0, 6.0, 7.0], "origin": [-4.389760000000001, 1.68591, -3.5], "pivot": [-0.5, 2.66103, 0], "uv": {"north": {"uv": [0.0, 0.0], "uv_size": [0.0, 6.0]}, "east": {"uv": [24.0, 7.0], "uv_size": [7.0, 6.0]}, "south": {"uv": [0.0, 0.0], "uv_size": [0.0, 6.0]}, "west": {"uv": [24.0, 7.0], "uv_size": [7.0, 6.0]}, "up": {"uv": [7.0, 0.0], "uv_size": [-7.0, 0.0]}, "down": {"uv": [7.0, 0.0], "uv_size": [-7.0, 0.0]}}}, {"rotation": [0, 0, 0], "size": [7.0, 5.0, 7.0], "origin": [-3.5, -0.25, -3.5], "pivot": [7.5, 0, -8.5], "uv": {"north": {"uv": [9.0, 13.0], "uv_size": [7.0, 5.0]}, "east": {"uv": [16.0, 13.0], "uv_size": [-7.0, 5.0]}, "south": {"uv": [9.0, 13.0], "uv_size": [7.0, 5.0]}, "west": {"uv": [16.0, 13.0], "uv_size": [-7.0, 5.0]}, "up": {"uv": [18.0, 0.0], "uv_size": [7.0, 7.0]}, "down": {"uv": [8.0, 25.0], "uv_size": [7.0, -7.0]}}}]}]}]}