{"format_version": "1.19.0", "minecraft:geometry": [{"description": {"identifier": "geometry.furnace.minecraft_foprkwz399g", "texture_width": 128, "texture_height": 128, "visible_bounds_width": 5, "visible_bounds_height": 5, "visible_bounds_offset": [0, 0.75, 0]}, "bones": [{"name": "furnacemodel", "pivot": [0, 8, 0], "binding": "c.item_slot == 'head' ? 'head' : q.item_slot_to_bone_name(c.item_slot)"}, {"name": "furnacemodel_x", "parent": "furnacemodel", "pivot": [0, 8, 0]}, {"name": "furnacemodel_y", "parent": "furnacemodel_x", "pivot": [0, 8, 0]}, {"name": "furnacemodel_z", "parent": "furnacemodel_y", "pivot": [0, 8, 0], "cubes": [{"rotation": [0, 0, 0], "size": [2.0, 23.0, 2.0], "origin": [-1, -2, -2], "pivot": [1, -2, -2], "uv": {"north": {"uv": [15.0, 53.0], "uv_size": [2.0, 23.0]}, "east": {"uv": [17.0, 53.0], "uv_size": [2.0, 23.0]}, "south": {"uv": [44.0, 55.0], "uv_size": [2.0, 23.0]}, "west": {"uv": [46.0, 55.0], "uv_size": [2.0, 23.0]}, "up": {"uv": [38.0, 48.0], "uv_size": [2.0, 2.0]}, "down": {"uv": [31.0, 70.0], "uv_size": [2.0, -2.0]}}}, {"rotation": [0, 0, 0], "size": [2.3999999999999995, 3.0, 2.3999999999999995], "origin": [-1.1999999999999993, 0, -2.2], "pivot": [1, -2, -2], "uv": {"north": {"uv": [12.0, 68.0], "uv_size": [2.0, 3.0]}, "east": {"uv": [68.0, 15.0], "uv_size": [2.0, 3.0]}, "south": {"uv": [68.0, 18.0], "uv_size": [2.0, 3.0]}, "west": {"uv": [19.0, 68.0], "uv_size": [2.0, 3.0]}, "up": {"uv": [68.0, 33.0], "uv_size": [2.0, 2.0]}, "down": {"uv": [68.0, 47.0], "uv_size": [2.0, -2.0]}}}, {"rotation": [0, 0, 0], "size": [9.0, 2.0, 2.0], "origin": [-10, 15, -2], "pivot": [1, 0, -2], "uv": {"north": {"uv": [64.0, 2.0], "uv_size": [9.0, 2.0]}, "east": {"uv": [68.0, 47.0], "uv_size": [2.0, 2.0]}, "south": {"uv": [58.0, 64.0], "uv_size": [9.0, 2.0]}, "west": {"uv": [68.0, 49.0], "uv_size": [2.0, 2.0]}, "up": {"uv": [0.0, 65.0], "uv_size": [9.0, 2.0]}, "down": {"uv": [66.0, 40.0], "uv_size": [9.0, -2.0]}}}, {"rotation": [0, 0, 0], "size": [9.0, 14.0, 6.0], "origin": [-4.5, 5, -4], "pivot": [0.5, -4, -2], "uv": {"north": {"uv": [24.0, 19.0], "uv_size": [9.0, 14.0]}, "east": {"uv": [29.0, 43.0], "uv_size": [6.0, 14.0]}, "south": {"uv": [0.0, 32.0], "uv_size": [9.0, 14.0]}, "west": {"uv": [44.0, 11.0], "uv_size": [6.0, 14.0]}, "up": {"uv": [0.0, 46.0], "uv_size": [9.0, 6.0]}, "down": {"uv": [46.0, 6.0], "uv_size": [9.0, -6.0]}}}, {"rotation": [0, 0, 0], "size": [9.0, 0.0, 6.0], "origin": [-4.5, 8, -4], "pivot": [0.5, -4, -2], "uv": {"north": {"uv": [0.0, 0.0], "uv_size": [9.0, 0.0]}, "east": {"uv": [0.0, 0.0], "uv_size": [6.0, 0.0]}, "south": {"uv": [0.0, 0.0], "uv_size": [9.0, 0.0]}, "west": {"uv": [0.0, 0.0], "uv_size": [6.0, 0.0]}, "up": {"uv": [50.0, 6.0], "uv_size": [9.0, 6.0]}, "down": {"uv": [50.0, 18.0], "uv_size": [9.0, -6.0]}}}, {"rotation": [0, 0, 0], "size": [3.0, 5.999999999999998, 4.050000000000001], "origin": [-14.5, 12.025, -3.0250000000000004], "pivot": [-9.5, -2.975, -1], "uv": {"north": {"uv": [26.0, 44.0], "uv_size": [3.0, 6.0]}, "east": {"uv": [39.0, 61.0], "uv_size": [4.0, 6.0]}, "south": {"uv": [31.0, 62.0], "uv_size": [3.0, 6.0]}, "west": {"uv": [54.0, 61.0], "uv_size": [4.0, 6.0]}, "up": {"uv": [37.0, 29.0], "uv_size": [3.0, 4.0]}, "down": {"uv": [38.0, 71.0], "uv_size": [3.0, -4.0]}}}, {"rotation": [0, 0, 0], "size": [9.0, 4.0, 4.0], "origin": [-13.5, 14, -3], "pivot": [-8.5, -2, -1], "uv": {"north": {"uv": [59.0, 11.0], "uv_size": [9.0, 4.0]}, "east": {"uv": [33.0, 29.0], "uv_size": [4.0, 4.0]}, "south": {"uv": [59.0, 15.0], "uv_size": [9.0, 4.0]}, "west": {"uv": [44.0, 25.0], "uv_size": [4.0, 4.0]}, "up": {"uv": [59.0, 19.0], "uv_size": [9.0, 4.0]}, "down": {"uv": [59.0, 27.0], "uv_size": [9.0, -4.0]}}}, {"rotation": [0, 0, 0], "size": [3.0, 5.999999999999998, 4.050000000000001], "origin": [11.5, 12.025, -3.0250000000000004], "pivot": [9.5, -2.975, -1], "uv": {"north": {"uv": [48.0, 65.0], "uv_size": [3.0, 6.0]}, "east": {"uv": [19.0, 62.0], "uv_size": [4.0, 6.0]}, "south": {"uv": [51.0, 65.0], "uv_size": [3.0, 6.0]}, "west": {"uv": [23.0, 62.0], "uv_size": [4.0, 6.0]}, "up": {"uv": [41.0, 67.0], "uv_size": [3.0, 4.0]}, "down": {"uv": [54.0, 71.0], "uv_size": [3.0, -4.0]}}}, {"rotation": [0, 0, 0], "size": [9.0, 4.0, 4.0], "origin": [4.5, 14, -3], "pivot": [8.5, -2, -1], "uv": {"north": {"uv": [59.0, 27.0], "uv_size": [9.0, 4.0]}, "east": {"uv": [50.0, 46.0], "uv_size": [4.0, 4.0]}, "south": {"uv": [59.0, 31.0], "uv_size": [9.0, 4.0]}, "west": {"uv": [34.0, 66.0], "uv_size": [4.0, 4.0]}, "up": {"uv": [59.0, 51.0], "uv_size": [9.0, 4.0]}, "down": {"uv": [59.0, 59.0], "uv_size": [9.0, -4.0]}}}, {"rotation": [0, 0, 0], "size": [9.399999999999999, 5.0, 6.3999999999999995], "origin": [-4.699999999999999, 3.125, -4.2], "pivot": [0.5, -5.875, -2], "uv": {"north": {"uv": [55.0, 0.0], "uv_size": [9.0, 5.0]}, "east": {"uv": [48.0, 55.0], "uv_size": [6.0, 5.0]}, "south": {"uv": [35.0, 56.0], "uv_size": [9.0, 5.0]}, "west": {"uv": [28.0, 57.0], "uv_size": [6.0, 5.0]}, "up": {"uv": [50.0, 18.0], "uv_size": [9.0, 6.0]}, "down": {"uv": [50.0, 30.0], "uv_size": [9.0, -6.0]}}}, {"rotation": [0, 0, 0], "size": [-9.399999999999999, -5.0, -6.3999999999999995], "origin": [4.7, 8.125, 2.1999999999999993], "pivot": [8.9, 12.125, -6.4], "uv": {"north": {"uv": [19.0, 57.0], "uv_size": [9.0, 5.0]}, "east": {"uv": [60.0, 38.0], "uv_size": [6.0, 5.0]}, "south": {"uv": [0.0, 58.0], "uv_size": [9.0, 5.0]}, "west": {"uv": [48.0, 60.0], "uv_size": [6.0, 5.0]}, "up": {"uv": [50.0, 30.0], "uv_size": [9.0, 6.0]}, "down": {"uv": [35.0, 56.0], "uv_size": [9.0, -6.0]}}}, {"rotation": [0, 0, 0], "size": [12.0, 3.0, 13.0], "origin": [-6, 27, -8], "pivot": [1, 6, -2], "uv": {"north": {"uv": [59.0, 59.0], "uv_size": [12.0, 3.0]}, "east": {"uv": [59.0, 5.0], "uv_size": [13.0, 3.0]}, "south": {"uv": [60.0, 35.0], "uv_size": [12.0, 3.0]}, "west": {"uv": [59.0, 8.0], "uv_size": [13.0, 3.0]}, "up": {"uv": [0.0, 19.0], "uv_size": [12.0, 13.0]}, "down": {"uv": [12.0, 32.0], "uv_size": [12.0, -13.0]}}}, {"rotation": [0, 0, 0], "size": [18.0, 0.0, 19.0], "origin": [-9, 27.025, -11], "pivot": [1, 6.025, -2], "uv": {"north": {"uv": [0.0, 0.0], "uv_size": [18.0, 0.0]}, "east": {"uv": [0.0, 0.0], "uv_size": [19.0, 0.0]}, "south": {"uv": [0.0, 0.0], "uv_size": [18.0, 0.0]}, "west": {"uv": [0.0, 0.0], "uv_size": [19.0, 0.0]}, "up": {"uv": [0.0, 0.0], "uv_size": [18.0, 19.0]}, "down": {"uv": [18.0, 19.0], "uv_size": [18.0, -19.0]}}}, {"rotation": [0, 0, 0], "size": [10.0, 2.0, 11.0], "origin": [-5, 30, -7], "pivot": [1, 6, -2], "uv": {"north": {"uv": [0.0, 63.0], "uv_size": [10.0, 2.0]}, "east": {"uv": [60.0, 43.0], "uv_size": [11.0, 2.0]}, "south": {"uv": [64.0, 0.0], "uv_size": [10.0, 2.0]}, "west": {"uv": [58.0, 62.0], "uv_size": [11.0, 2.0]}, "up": {"uv": [9.0, 32.0], "uv_size": [10.0, 11.0]}, "down": {"uv": [19.0, 44.0], "uv_size": [10.0, -11.0]}}}, {"rotation": [0, 0, 0], "size": [10.0, 10.0, 11.0], "origin": [-5, 19, -7], "pivot": [1, 5, -2], "uv": {"north": {"uv": [40.0, 40.0], "uv_size": [10.0, 10.0]}, "east": {"uv": [33.0, 19.0], "uv_size": [11.0, 10.0]}, "south": {"uv": [9.0, 43.0], "uv_size": [10.0, 10.0]}, "west": {"uv": [29.0, 33.0], "uv_size": [11.0, 10.0]}, "up": {"uv": [36.0, 0.0], "uv_size": [10.0, 11.0]}, "down": {"uv": [40.0, 40.0], "uv_size": [10.0, -11.0]}}}, {"rotation": [0, 22.5, 0], "size": [4.0, 0.0, 5.0], "origin": [-15.5, 18.075, -4], "pivot": [-13.5, 18.075, -1.5], "uv": {"north": {"uv": [0.0, 0.0], "uv_size": [4.0, 0.0]}, "east": {"uv": [0.0, 0.0], "uv_size": [5.0, 0.0]}, "south": {"uv": [0.0, 0.0], "uv_size": [4.0, 0.0]}, "west": {"uv": [0.0, 0.0], "uv_size": [5.0, 0.0]}, "up": {"uv": [46.0, 6.0], "uv_size": [4.0, 5.0]}, "down": {"uv": [27.0, 67.0], "uv_size": [4.0, -5.0]}}}, {"rotation": [0, -22.5, 0], "size": [4.0, 0.0, 5.0], "origin": [-9.5, 18.075, -4], "pivot": [-7.5, 18.075, -1.5], "uv": {"north": {"uv": [0.0, 0.0], "uv_size": [4.0, 0.0]}, "east": {"uv": [0.0, 0.0], "uv_size": [5.0, 0.0]}, "south": {"uv": [0.0, 0.0], "uv_size": [4.0, 0.0]}, "west": {"uv": [0.0, 0.0], "uv_size": [5.0, 0.0]}, "up": {"uv": [10.0, 63.0], "uv_size": [4.0, 5.0]}, "down": {"uv": [64.0, 50.0], "uv_size": [4.0, -5.0]}}}, {"rotation": [0, 0, 0], "size": [2.0, 1.0, 2.0], "origin": [-13.5, 18.1, -2], "pivot": [-12.5, 18.1, -2], "uv": {"north": {"uv": [19.0, 32.0], "uv_size": [2.0, 1.0]}, "east": {"uv": [21.0, 32.0], "uv_size": [2.0, 1.0]}, "south": {"uv": [0.0, 52.0], "uv_size": [2.0, 1.0]}, "west": {"uv": [2.0, 52.0], "uv_size": [2.0, 1.0]}, "up": {"uv": [68.0, 51.0], "uv_size": [2.0, 2.0]}, "down": {"uv": [68.0, 55.0], "uv_size": [2.0, -2.0]}}}, {"rotation": [0, 0, 0], "size": [2.0, 1.0, 2.0], "origin": [-9.5, 18.1, -2], "pivot": [-8.5, 18.1, -2], "uv": {"north": {"uv": [4.0, 52.0], "uv_size": [2.0, 1.0]}, "east": {"uv": [6.0, 52.0], "uv_size": [2.0, 1.0]}, "south": {"uv": [55.0, 5.0], "uv_size": [2.0, 1.0]}, "west": {"uv": [57.0, 5.0], "uv_size": [2.0, 1.0]}, "up": {"uv": [68.0, 55.0], "uv_size": [2.0, 2.0]}, "down": {"uv": [68.0, 59.0], "uv_size": [2.0, -2.0]}}}, {"rotation": [0, 0, 0], "size": [1.0, 3.0, 1.0], "origin": [-13, 19.1, -1], "pivot": [-11, 20.1, -2], "uv": {"north": {"uv": [43.0, 11.0], "uv_size": [1.0, 3.0]}, "east": {"uv": [43.0, 14.0], "uv_size": [1.0, 3.0]}, "south": {"uv": [34.0, 57.0], "uv_size": [1.0, 3.0]}, "west": {"uv": [9.0, 58.0], "uv_size": [1.0, 3.0]}, "up": {"uv": [23.0, 32.0], "uv_size": [1.0, 1.0]}, "down": {"uv": [43.0, 18.0], "uv_size": [1.0, -1.0]}}}, {"rotation": [0, 0, 0], "size": [1.0, 3.0, 1.0], "origin": [-9, 19.1, -1], "pivot": [-7, 20.1, -2], "uv": {"north": {"uv": [43.0, 61.0], "uv_size": [1.0, 3.0]}, "east": {"uv": [14.0, 63.0], "uv_size": [1.0, 3.0]}, "south": {"uv": [43.0, 64.0], "uv_size": [1.0, 3.0]}, "west": {"uv": [9.0, 65.0], "uv_size": [1.0, 3.0]}, "up": {"uv": [43.0, 18.0], "uv_size": [1.0, 1.0]}, "down": {"uv": [8.0, 53.0], "uv_size": [1.0, -1.0]}}}, {"rotation": [0, -22.5, 0], "size": [0.0, 5.0, 10.0], "origin": [-15, 22.9097, -6.04329], "pivot": [-15, 25.4097, -1.0432899999999998], "uv": {"north": {"uv": [0.0, 0.0], "uv_size": [0.0, 5.0]}, "east": {"uv": [50.0, 36.0], "uv_size": [10.0, 5.0]}, "south": {"uv": [0.0, 0.0], "uv_size": [0.0, 5.0]}, "west": {"uv": [50.0, 41.0], "uv_size": [10.0, 5.0]}, "up": {"uv": [0.0, 0.0], "uv_size": [0.0, 10.0]}, "down": {"uv": [0.0, 10.0], "uv_size": [0.0, -10.0]}}}, {"rotation": [0, 22.5, 0], "size": [0.0, 5.0, 10.0], "origin": [-6, 22.9097, -6.04329], "pivot": [-6, 25.4097, -1.0432899999999998], "uv": {"north": {"uv": [0.0, 0.0], "uv_size": [0.0, 5.0]}, "east": {"uv": [44.0, 50.0], "uv_size": [10.0, 5.0]}, "south": {"uv": [0.0, 0.0], "uv_size": [0.0, 5.0]}, "west": {"uv": [19.0, 52.0], "uv_size": [10.0, 5.0]}, "up": {"uv": [0.0, 0.0], "uv_size": [0.0, 10.0]}, "down": {"uv": [0.0, 10.0], "uv_size": [0.0, -10.0]}}}, {"rotation": [-22.5, 0, 0], "size": [5.200000000000001, 5.0, 10.0], "origin": [-13.100000000000001, 21.9097, -6.04329], "pivot": [-10.5, 24.4097, -1.0432899999999998], "uv": {"north": {"uv": [35.0, 43.0], "uv_size": [5.0, 5.0]}, "east": {"uv": [0.0, 53.0], "uv_size": [10.0, 5.0]}, "south": {"uv": [34.0, 61.0], "uv_size": [5.0, 5.0]}, "west": {"uv": [54.0, 46.0], "uv_size": [10.0, 5.0]}, "up": {"uv": [10.0, 53.0], "uv_size": [5.0, 10.0]}, "down": {"uv": [54.0, 61.0], "uv_size": [5.0, -10.0]}}}, {"rotation": [-22.5, 0, 0], "size": [3.200000000000003, 2.0, 2.0], "origin": [-12.100000000000001, 23.9097, 3.9567099999999993], "pivot": [-10.5, 24.4097, -1.0432899999999998], "uv": {"north": {"uv": [35.0, 48.0], "uv_size": [3.0, 2.0]}, "east": {"uv": [69.0, 62.0], "uv_size": [2.0, 2.0]}, "south": {"uv": [26.0, 50.0], "uv_size": [3.0, 2.0]}, "west": {"uv": [70.0, 11.0], "uv_size": [2.0, 2.0]}, "up": {"uv": [67.0, 64.0], "uv_size": [3.0, 2.0]}, "down": {"uv": [21.0, 70.0], "uv_size": [3.0, -2.0]}}}, {"rotation": [-22.5, 0, 0], "size": [7.200000000000001, 0.0, 8.000000000000002], "origin": [-14.100000000000001, 24.9097, 3.9567099999999993], "pivot": [-10.5, 25.4097, -1.0432899999999998], "uv": {"north": {"uv": [0.0, 0.0], "uv_size": [7.0, 0.0]}, "east": {"uv": [0.0, 0.0], "uv_size": [8.0, 0.0]}, "south": {"uv": [0.0, 0.0], "uv_size": [7.0, 0.0]}, "west": {"uv": [0.0, 0.0], "uv_size": [8.0, 0.0]}, "up": {"uv": [36.0, 11.0], "uv_size": [7.0, 8.0]}, "down": {"uv": [19.0, 52.0], "uv_size": [7.0, -8.0]}}}, {"rotation": [0, 0, 0], "size": [4.200000000000003, 4.0, 4.0], "origin": [-12.600000000000001, 23.9097, -8.04329], "pivot": [-11, 25.4097, -3.04329], "uv": {"north": {"uv": [58.0, 66.0], "uv_size": [4.0, 4.0]}, "east": {"uv": [62.0, 66.0], "uv_size": [4.0, 4.0]}, "south": {"uv": [66.0, 66.0], "uv_size": [4.0, 4.0]}, "west": {"uv": [0.0, 67.0], "uv_size": [4.0, 4.0]}, "up": {"uv": [4.0, 67.0], "uv_size": [4.0, 4.0]}, "down": {"uv": [27.0, 71.0], "uv_size": [4.0, -4.0]}}}, {"rotation": [0, 0, 0], "size": [0.0, 2.0, 3.0], "origin": [-12.600000000000001, 27.9097, -8.04329], "pivot": [-13.2, 25.4097, -3.04329], "uv": {"north": {"uv": [0.0, 0.0], "uv_size": [0.0, 2.0]}, "east": {"uv": [68.0, 21.0], "uv_size": [3.0, 2.0]}, "south": {"uv": [0.0, 0.0], "uv_size": [0.0, 2.0]}, "west": {"uv": [68.0, 23.0], "uv_size": [3.0, 2.0]}, "up": {"uv": [0.0, 0.0], "uv_size": [0.0, 3.0]}, "down": {"uv": [0.0, 3.0], "uv_size": [0.0, -3.0]}}}, {"rotation": [0, 0, 0], "size": [0.0, 2.0, 3.0], "origin": [-8.399999999999999, 27.9097, -8.04329], "pivot": [-9, 25.4097, -3.04329], "uv": {"north": {"uv": [0.0, 0.0], "uv_size": [0.0, 2.0]}, "east": {"uv": [24.0, 68.0], "uv_size": [3.0, 2.0]}, "south": {"uv": [0.0, 0.0], "uv_size": [0.0, 2.0]}, "west": {"uv": [68.0, 25.0], "uv_size": [3.0, 2.0]}, "up": {"uv": [0.0, 0.0], "uv_size": [0.0, 3.0]}, "down": {"uv": [0.0, 3.0], "uv_size": [0.0, -3.0]}}}, {"rotation": [0, 0, 0], "size": [2.200000000000003, 3.0, 4.0], "origin": [-11.600000000000001, 23.9097, -12.043289999999999], "pivot": [-11, 25.4097, -3.04329], "uv": {"north": {"uv": [68.0, 27.0], "uv_size": [2.0, 3.0]}, "east": {"uv": [66.0, 40.0], "uv_size": [4.0, 3.0]}, "south": {"uv": [68.0, 30.0], "uv_size": [2.0, 3.0]}, "west": {"uv": [8.0, 68.0], "uv_size": [4.0, 3.0]}, "up": {"uv": [48.0, 25.0], "uv_size": [2.0, 4.0]}, "down": {"uv": [68.0, 15.0], "uv_size": [2.0, -4.0]}}}]}]}]}