{"format_version": "1.8.0", "animations": {"animation.furnace.minecraft_fmts4gvj3k5.thirdperson_main_hand": {"loop": true, "bones": {"furnacemodel": {"rotation": [90, 0, 0], "position": [0, 13, -3]}, "furnacemodel_x": {"rotation": [-60, 0, 0], "position": [0.0, 3.0, 0.0], "scale": [0.5, 0.5, 0.5]}, "furnacemodel_y": {"rotation": [0, 0, 0]}, "furnacemodel_z": {"rotation": [0, 0, 0]}}}, "animation.furnace.minecraft_fmts4gvj3k5.thirdperson_off_hand": {"loop": true, "bones": {"furnacemodel": {"rotation": [90, 0, 0], "position": [0, 13, -3]}, "furnacemodel_x": {"rotation": [-60, 0, 0], "position": [0.0, 3.0, 0.0], "scale": [0.5, 0.5, 0.5]}, "furnacemodel_y": {"rotation": [0, 0, 0]}, "furnacemodel_z": {"rotation": [0, 0, 0]}}}, "animation.furnace.minecraft_fmts4gvj3k5.head": {"loop": true, "bones": {"furnacemodel": {"position": [0, 19.9, 0]}, "furnacemodel_x": {"rotation": [0, 0, 0], "position": [0.0, -18.75, 0.0], "scale": [1.0, 1.0, 1.0]}, "furnacemodel_y": {"rotation": [0, 0, 0]}, "furnacemodel_z": {"rotation": [0, 0, 0]}}}, "animation.furnace.minecraft_fmts4gvj3k5.firstperson_main_hand": {"loop": true, "bones": {"furnacemodel": {"rotation": [90, 60, -40], "position": [4, 10, 4], "scale": 1.5}, "furnacemodel_x": {"rotation": [0, 0, 0], "position": [0.0, 2.5, 0.0], "scale": [0.45, 0.45, 0.45]}, "furnacemodel_y": {"rotation": [0, -50, 0]}, "furnacemodel_z": {"rotation": [0, 0, 0]}}}, "animation.furnace.minecraft_fmts4gvj3k5.firstperson_off_hand": {"loop": true, "bones": {"furnacemodel": {"rotation": [0, 180, 0], "position": [-16, 24, 14], "scale": 0.8}, "furnacemodel_x": {"rotation": [0, 0, 0], "position": [0.0, 2.5, 0.0], "scale": [0.45, 0.45, 0.45]}, "furnacemodel_y": {"rotation": [0, 50, 0]}, "furnacemodel_z": {"rotation": [0, 0, 0]}}}}}