{"format_version": "1.10.0", "minecraft:attachable": {"description": {"identifier": "geyser_custom:minecraft_fclc2fcci83", "materials": {"default": "entity_alphatest_one_sided", "enchanted": "entity_alphatest_one_sided_glint"}, "textures": {"default": "textures/furnace_items/qnxzvmrcr9", "enchanted": "textures/misc/enchanted_item_glint"}, "geometry": {"default": "geometry.furnace.minecraft_fclc2fcci83"}, "scripts": {"pre_animation": ["v.main_hand = c.item_slot == 'main_hand';", "v.off_hand = c.item_slot == 'off_hand';", "v.head = c.item_slot == 'head';"], "animate": [{"thirdperson_main_hand": "v.main_hand && !c.is_first_person"}, {"thirdperson_off_hand": "v.off_hand && !c.is_first_person"}, {"thirdperson_head": "v.head && !c.is_first_person"}, {"firstperson_main_hand": "v.main_hand && c.is_first_person"}, {"firstperson_off_hand": "v.off_hand && c.is_first_person"}, {"firstperson_head": "c.is_first_person && v.head"}]}, "animations": {"thirdperson_main_hand": "animation.furnace.minecraft_fclc2fcci83.thirdperson_main_hand", "thirdperson_off_hand": "animation.furnace.minecraft_fclc2fcci83.thirdperson_off_hand", "thirdperson_head": "animation.furnace.minecraft_fclc2fcci83.head", "firstperson_main_hand": "animation.furnace.minecraft_fclc2fcci83.firstperson_main_hand", "firstperson_off_hand": "animation.furnace.minecraft_fclc2fcci83.firstperson_off_hand", "firstperson_head": "animation.furnace.disable"}, "render_controllers": ["controller.render.item_default"]}}}