{"format_version": "1.19.0", "minecraft:geometry": [{"description": {"identifier": "geometry.furnace.minecraft_fzx6l7qrrtl", "texture_width": 16, "texture_height": 16, "visible_bounds_width": 5, "visible_bounds_height": 5, "visible_bounds_offset": [0, 0.75, 0]}, "bones": [{"name": "furnacemodel", "pivot": [0, 8, 0], "binding": "c.item_slot == 'head' ? 'head' : q.item_slot_to_bone_name(c.item_slot)"}, {"name": "furnacemodel_x", "parent": "furnacemodel", "pivot": [0, 8, 0]}, {"name": "furnacemodel_y", "parent": "furnacemodel_x", "pivot": [0, 8, 0]}, {"name": "furnacemodel_z", "parent": "furnacemodel_y", "pivot": [0, 8, 0], "cubes": [{"rotation": [0, 0, -22.5], "size": [0.0, 11.0, 12.0], "origin": [-3.1546699999999994, -0.74466, -6], "pivot": [-3.1546699999999994, 4.75534, 0], "uv": {"north": {"uv": [0.0, 0.0], "uv_size": [0.0, 11.0]}, "east": {"uv": [0.0, 0.0], "uv_size": [12.0, 11.0]}, "south": {"uv": [0.0, 0.0], "uv_size": [0.0, 11.0]}, "west": {"uv": [12.0, 0.0], "uv_size": [-12.0, 11.0]}, "up": {"uv": [0.0, 0.0], "uv_size": [12.0, 0.0], "uv_rotation": 270}, "down": {"uv": [0.0, 0.0], "uv_size": [12.0, 0.0], "uv_rotation": 90}}}, {"rotation": [0, 0, -22.5], "size": [0.0, 11.0, 12.0], "origin": [-1.7311700000000005, -0.55726, -6], "pivot": [-3.1546699999999994, 4.75534, 0], "uv": {"north": {"uv": [0.0, 0.0], "uv_size": [0.0, 11.0]}, "east": {"uv": [0.0, 0.0], "uv_size": [12.0, 11.0]}, "south": {"uv": [0.0, 0.0], "uv_size": [0.0, 11.0]}, "west": {"uv": [12.0, 0.0], "uv_size": [-12.0, 11.0]}, "up": {"uv": [0.0, 0.0], "uv_size": [12.0, 0.0], "uv_rotation": 270}, "down": {"uv": [0.0, 0.0], "uv_size": [12.0, 0.0], "uv_rotation": 90}}}, {"rotation": [0, 0, 22.5], "size": [0.0, 11.0, 12.0], "origin": [3.1546700000000003, -0.74466, -6], "pivot": [3.1546700000000003, 4.75534, 0], "uv": {"north": {"uv": [0.0, 0.0], "uv_size": [0.0, 11.0]}, "east": {"uv": [0.0, 0.0], "uv_size": [12.0, 11.0]}, "south": {"uv": [0.0, 0.0], "uv_size": [0.0, 11.0]}, "west": {"uv": [12.0, 0.0], "uv_size": [-12.0, 11.0]}, "up": {"uv": [0.0, 0.0], "uv_size": [12.0, 0.0], "uv_rotation": 270}, "down": {"uv": [0.0, 0.0], "uv_size": [12.0, 0.0], "uv_rotation": 90}}}, {"rotation": [0, 0, 22.5], "size": [0.0, 11.0, 12.0], "origin": [1.7311699999999997, -0.55726, -6], "pivot": [3.1546700000000003, 4.75534, 0], "uv": {"north": {"uv": [0.0, 0.0], "uv_size": [0.0, 11.0]}, "east": {"uv": [0.0, 0.0], "uv_size": [12.0, 11.0]}, "south": {"uv": [0.0, 0.0], "uv_size": [0.0, 11.0]}, "west": {"uv": [12.0, 0.0], "uv_size": [-12.0, 11.0]}, "up": {"uv": [0.0, 0.0], "uv_size": [12.0, 0.0], "uv_rotation": 270}, "down": {"uv": [0.0, 0.0], "uv_size": [12.0, 0.0], "uv_rotation": 90}}}, {"rotation": [22.5, 0, 0], "size": [12.0, 11.0, 0.0], "origin": [-6, -0.00617, -1.7207299999999996], "pivot": [0, 4.97121, 0], "uv": {"north": {"uv": [12.0, 0.0], "uv_size": [-12.0, 11.0]}, "east": {"uv": [0.0, 0.0], "uv_size": [0.0, 11.0]}, "south": {"uv": [0.0, 0.0], "uv_size": [12.0, 11.0]}, "west": {"uv": [0.0, 0.0], "uv_size": [0.0, 11.0]}, "up": {"uv": [0.0, 0.0], "uv_size": [12.0, 0.0]}, "down": {"uv": [0.0, 0.0], "uv_size": [12.0, 0.0]}}}, {"rotation": [22.5, 0, 0], "size": [12.0, 11.0, 0.0], "origin": [-6, 0.60878, -2.9503399999999997], "pivot": [0, 4.97121, 0], "uv": {"north": {"uv": [12.0, 0.0], "uv_size": [-12.0, 11.0]}, "east": {"uv": [0.0, 0.0], "uv_size": [0.0, 11.0]}, "south": {"uv": [0.0, 0.0], "uv_size": [12.0, 11.0]}, "west": {"uv": [0.0, 0.0], "uv_size": [0.0, 11.0]}, "up": {"uv": [0.0, 0.0], "uv_size": [12.0, 0.0]}, "down": {"uv": [0.0, 0.0], "uv_size": [12.0, 0.0]}}}, {"rotation": [-22.5, 0, 0], "size": [12.0, 11.0, 0.0], "origin": [-6, -0.00617, 1.7207299999999996], "pivot": [0, 4.97121, 0], "uv": {"north": {"uv": [12.0, 0.0], "uv_size": [-12.0, 11.0]}, "east": {"uv": [0.0, 0.0], "uv_size": [0.0, 11.0]}, "south": {"uv": [0.0, 0.0], "uv_size": [12.0, 11.0]}, "west": {"uv": [0.0, 0.0], "uv_size": [0.0, 11.0]}, "up": {"uv": [0.0, 0.0], "uv_size": [12.0, 0.0]}, "down": {"uv": [0.0, 0.0], "uv_size": [12.0, 0.0]}}}, {"rotation": [-22.5, 0, 0], "size": [12.0, 11.0, 0.0], "origin": [-6, 0.60878, 2.9503400000000006], "pivot": [0, 4.97121, 0], "uv": {"north": {"uv": [12.0, 0.0], "uv_size": [-12.0, 11.0]}, "east": {"uv": [0.0, 0.0], "uv_size": [0.0, 11.0]}, "south": {"uv": [0.0, 0.0], "uv_size": [12.0, 11.0]}, "west": {"uv": [0.0, 0.0], "uv_size": [0.0, 11.0]}, "up": {"uv": [0.0, 0.0], "uv_size": [12.0, 0.0]}, "down": {"uv": [0.0, 0.0], "uv_size": [12.0, 0.0]}}}, {"rotation": [0, 0, 0], "size": [2.0, 3.0, 2.0], "origin": [-1, 0, -1], "pivot": [8, 0, -8], "uv": {"north": {"uv": [14.0, 13.0], "uv_size": [2.0, 3.0]}, "east": {"uv": [14.0, 13.0], "uv_size": [2.0, 3.0]}, "south": {"uv": [14.0, 13.0], "uv_size": [2.0, 3.0]}, "west": {"uv": [14.0, 13.0], "uv_size": [2.0, 3.0]}, "up": {"uv": [16.0, 15.0], "uv_size": [-2.0, -2.0]}, "down": {"uv": [16.0, 15.0], "uv_size": [-2.0, -2.0]}}}]}]}]}