{"format_version": "1.19.0", "minecraft:geometry": [{"description": {"identifier": "geometry.furnace.minecraft_f6duxhe1ock", "texture_width": 16, "texture_height": 16, "visible_bounds_width": 5, "visible_bounds_height": 5, "visible_bounds_offset": [0, 0.75, 0]}, "bones": [{"name": "furnacemodel", "pivot": [0, 8, 0], "binding": "c.item_slot == 'head' ? 'head' : q.item_slot_to_bone_name(c.item_slot)"}, {"name": "furnacemodel_x", "parent": "furnacemodel", "pivot": [0, 8, 0]}, {"name": "furnacemodel_y", "parent": "furnacemodel_x", "pivot": [0, 8, 0]}, {"name": "furnacemodel_z", "parent": "furnacemodel_y", "pivot": [0, 8, 0], "cubes": [{"rotation": [0, 45, 0], "size": [12.0, 11.0, 0.0], "origin": [-6, 0, 0], "pivot": [0, 3, 0], "uv": {"north": {"uv": [12.0, 0.0], "uv_size": [-12.0, 11.0]}, "east": {"uv": [0.0, 0.0], "uv_size": [0.0, 11.0]}, "south": {"uv": [0.0, 0.0], "uv_size": [12.0, 11.0]}, "west": {"uv": [0.0, 0.0], "uv_size": [0.0, 11.0]}, "up": {"uv": [0.0, 0.0], "uv_size": [12.0, 0.0]}, "down": {"uv": [0.0, 0.0], "uv_size": [12.0, 0.0]}}}, {"rotation": [0, 45, 0], "size": [0.0, 11.0, 12.0], "origin": [0, 0, -6], "pivot": [0, 3, 0], "uv": {"north": {"uv": [0.0, 0.0], "uv_size": [0.0, 11.0]}, "east": {"uv": [0.0, 0.0], "uv_size": [12.0, 11.0]}, "south": {"uv": [0.0, 0.0], "uv_size": [0.0, 11.0]}, "west": {"uv": [12.0, 0.0], "uv_size": [-12.0, 11.0]}, "up": {"uv": [0.0, 0.0], "uv_size": [12.0, 0.0], "uv_rotation": 90}, "down": {"uv": [0.0, 0.0], "uv_size": [12.0, 0.0], "uv_rotation": 270}}}]}]}]}