{
  "$compass_unicode": "豈",
  "$compass_bg_unicode": "",
  "$infobar_unicode": "",
  "$dungeons_unicode": "☠",
  
  "$scoreboard_numbers": false,
  
  "$unicode_menu_stats": "",
  "$unicode_menu_adventure_crate": "",
  "$unicode_menu_hero_crate": "",
  "$unicode_menu_legendary_crate": "",
  "$unicode_confirm_purchase_auction": "",
  "$unicode_start_auction": "",
  "$unicode_bidding": "",
  "$unicode_menu_main": "",
  "$unicode_auctions_browse": "",
  "$unicode_my_auctions": "",
  "$unicode_expired_auctions": "",
  "$unicode_auctions_search": "",
  "$unicode_menu_adventure_pass": "",
  "$unicode_menu_adventure_pass_premium": "",
  "$unicode_ultra_perks": "",
  "$unicode_hero_perks": "",
  "$unicode_legend_perks": "",
  "$unicode_rank_purchased": "",
  "$unicode_menu_profile": "",
  "$unicode_player_rank": "",
  "$unicode_ultra_rank": "",
  "$unicode_hero_rank": "",
  "$unicode_legend_rank": "",
  "$unicode_helper_rank": "",
  "$unicode_moderator_rank": "",
  "$unicode_admin_rank": "",
  "$unicode_owner_rank": "",
  "$unicode_menu_skills": "",
  "$unicode_menu_ranking": "",
  "$unicode_menu_xp_sources": "",
  "$unicode_menu_abilities": "",
  "$unicode_menu_level_progress": "",
  "$unicode_forge_menu": "",
  "$unicode_custom_items": "",
  "$unicode_reputation": "",
  "$unicode_accesories": "",
  "$unicode_reputation_slayer": "",
  "$unicode_reputation_miners": "",
  "$unicode_reputation_ranches": "",
  "$unicode_menu_daily_rewards": "",
  "$unicode_menu_sell_items": "",
  "$unicode_menu_buy_items": "",
  "$unicode_menu_ancient_traveler": "",
  "$unicode_menu_quests": "",
  "$unicode_menu_dungeons": "",
  "$unicode_menu_badges": "",
  "$unicode_menu_links": "",
  "$unicode_menu_jobs": "",
  "$unicode_menu_kits": "",
  "$unicode_menu_guide": "",
  "$unicode_menu_crates": "",
  "$unicode_menu_premium_store": "",
  "$unicode_menu_premium_store_confirm_purchase": "",
  "$unicode_mineshaft": "",
  "$unicode_dracula": "",
  "$unicode_desert": "",
  "$unicode_category_mining": "",
  "$unicode_category_minerals": "",
  "$unicode_category_farming": "",
  "$unicode_category_mob_drops": "",
  "$unicode_category_combat": "",
  "$unicode_category_food": "",
  "$unicode_category_special": "",
  "$unicode_page_1": "",
  "$unicode_page_2": "",
  "$unicode_page_3": "",
  
  "$6row_chest_guis": "($ctitle / $unicode_menu_main or $ctitle / $unicode_auctions_browse or $ctitle / $unicode_my_auctions or $ctitle / $unicode_expired_auctions or $ctitle / $unicode_auctions_search or $ctitle / $unicode_menu_xp_sources or $ctitle / $unicode_menu_level_progress or $ctitle / $unicode_custom_items or $ctitle / $unicode_cooking)",
  "$5row_chest_guis": "($ctitle / $unicode_menu_adventure_pass or $ctitle / $unicode_menu_adventure_pass_premium or $ctitle / $unicode_ultra_perks or $ctitle / $unicode_hero_perks or $ctitle / $unicode_legend_perks or $ctitle / $unicode_menu_profile or $ctitle / $unicode_menu_skills or $ctitle / $unicode_menu_ranking or $ctitle / $unicode_forge_menu or $ctitle / $unicode_reputation or $ctitle / $unicode_reputation_slayer or $ctitle / $unicode_reputation_miners or $ctitle / $unicode_reputation_ranches or $ctitle / $unicode_menu_daily_rewards or $ctitle / $unicode_menu_sell_items or $ctitle / $unicode_menu_buy_items or $ctitle / $unicode_menu_ancient_traveler or $ctitle / $unicode_menu_quests or $ctitle / $unicode_menu_dungeons or $ctitle / $unicode_menu_badges or $ctitle / $unicode_menu_links or $ctitle / $unicode_menu_jobs or $ctitle / $unicode_menu_kits or $ctitle / $unicode_menu_guide or $ctitle / $unicode_menu_crates or $ctitle / $unicode_menu_premium_store or $ctitle / $unicode_menu_premium_store_confirm_purchase)",
  "$4row_chest_guis": "($ctitle / $unicode_menu_abilities or $ctitle / $unicode_artifacts)",
  "$3row_chest_guis": "($ctitle / $unicode_menu_stats or $ctitle / $unicode_menu_adventure_crate or $ctitle / $unicode_menu_hero_crate or $ctitle / $unicode_menu_legendary_crate or $ctitle / $unicode_confirm_purchase_auction or $ctitle / $unicode_start_auction or $ctitle / $unicode_bidding or $ctitle / $unicode_accesories)",
  "$2row_chest_guis": "($ctitle / 'chest.row.2')",
  "$1row_chest_guis": "($ctitle / 'chest.row.1')",
  
  "$compact_close_guis": "($ctitle / $unicode_menu_main or $ctitle / $unicode_confirm_purchase_auction or $ctitle / $unicode_start_auction or $ctitle / $unicode_bidding)",
  "$close_size2_guis": "($ctitle / $unicode_auctions_browse or $ctitle / $unicode_my_auctions or $ctitle / $unicode_expired_auctions or $ctitle / $unicode_auctions_search or $ctitle / $unicode_custom_items or $ctitle / $unicode_menu_adventure_crate or $ctitle / $unicode_menu_hero_crate or $ctitle / $unicode_menu_legendary_crate)",
  
  "$unicode_dashboard": "",
  "$unicode_dash_general": "",
  "$unicode_dash_sounds": "",
  "$unicode_dash_visuals": "",
  "$unicode_dash_world": "",
  "$unicode_dash_setup": "",
  "$unicode_dash_activate": "",
  "$unicode_dash_dependencies": "",
  "$unicode_dash_performance": "",
  "$unicode_dash_update": "",
  "$unicode_dash_update1": "",
  "$unicode_dash_update2": "",
  "$unicode_dash_update3": "",
  "$unicode_dash_update4": "",
  "$unicode_dash_update5": "",
  "$unicode_dash_update6": "",
  "$unicode_dash_update7": "",
  "$unicode_dash_completed": "",
  "$unicode_dash_paused": "",
  "$unicode_dash_offline": "",
  "$unicode_dash_settings": "",
  "$unicode_artifacts": "",
  "$unicode_cooking": "",

  // https://corecoding.com/utilities/rgb-or-hex-to-float.php //
  "$pause_color": [0.341, 0.663, 0.243],
  "$pause_btn_text_color": [1, 1, 1],
  
  
  
  ////*/ Logo Options /*////
  /* Texture */
  "$pause_logo_texture": "textures/ui/title",
  /* Size */
  "$pause_logo_size": ["100%", 40],
  /* Offset */
  "$pause_logo_offset": [0, -5],
  
  /* Pause Quit Button Text: Change to "pauseScreen.quit" to use the text used in the texts folder (for multi languages) */
  "$pause_quit_btn_text": "pauseScreen.quit",
  
  /* Skin Panel On by Default | Options: true or false */
  "$skin_panel_on_default": false
}