{
    "boss_health_panel": {
      "$compass_unicode|default": "豈",
      "$compass_bg_unicode|default": "",
      "$infobar_unicode|default": "",
      "$legacy_dungeons_unicode|default": "☠",
      "$wilderness_dungeons_unicode|default": "⛏",
      "$archery|default": "Archery",
      "$fighting|default": "Fighting",
      "$defense|default": "Defense",
      "$endurance|default": "Endurance",
      "$farming|default": "Farming",
      "$foraging|default": "Foraging",
      "$mining|default": "Mining",
      "$fishing|default": "Fishing",
      "$excavation|default": "Excavation",
      "$agility|default": "Agility",
      "$alchemy|default": "Alchemy",
      "$enchanting|default": "Enchanting",
      "$sorcery|default": "Sorcery",
      "$healing|default": "Healing",
      "$forging|default": "Forging",
      "$dashboard_license_1|default": "Please authorize your license with",
      "$dashboard_license_2|default": "Attempting to connect to authorization server",
      "modifications": [
        {
          "array_name": "controls",
          "operation": "insert_back",
          "value": [
            {
              "compass_panel@compass_panel": {
                "bindings": [
                  {
                    "binding_name": "#bossName",
                    "binding_type": "collection",
                    "binding_collection_name": "boss_bars"
                  },
                  {
                    "binding_type": "view",
                    "source_property_name": "(not((#bossName - $compass_unicode) = #bossName))",
                    "target_property_name": "#visible"
                  }
                ]
              }
            }
          ]
        }
      ]
    },
    "boss_health_panel/progress_bar_for_collections": {
      "bindings": [
        {
          "binding_name": "#bossName",
          "binding_type": "collection",
          "binding_collection_name": "boss_bars"
        },
        {
          "binding_type": "view",
          "source_property_name": "((#bossName - $compass_unicode - $infobar_unicode - $legacy_dungeons_unicode - $wilderness_dungeons_unicode - $archery - $fighting - $defense - $archery - $endurance - $farming - $foraging - $mining - $fishing - $excavation - $agility - $alchemy - $enchanting - $sorcery - $healing - $forging - $dashboard_license_1 - $dashboard_license_2) = #bossName)",
          "target_property_name": "#visible"
        }
      ]
    },
    "boss_health_panel/boss_name": {
      "bindings": [
        {
          "binding_name": "#bossName",
          "binding_type": "collection",
          "binding_collection_name": "boss_bars"
        },
        {
          "binding_type": "view",
          "source_property_name": "((#bossName - $compass_unicode) = #bossName)",
          "target_property_name": "#visible"
        }
      ]
    },
    "compass_panel": {
      "type": "label",
      "text": "$compass_bg_unicode",
      "anchor_from": "top_middle",
      "anchor_to": "top_middle",
      "shadow": true,
      "alpha": 2,
      "controls": [
        {
          "compass_text": {
            "type": "label",
            "color": "$boss_name_text_color",
            "text": "#compass_text",
            "shadow": true,
            "layer": 2,
            "bindings": [
              {
                "binding_name": "#bossName",
                "binding_type": "collection",
                "binding_collection_name": "boss_bars"
              },
              {
                "binding_type": "view",
                "source_property_name": "(#bossName - $compass_unicode)",
                "target_property_name": "#compass_text"
              }
            ]
          }
        }
      ]
    }
  }