{
    "pause_screen": {
      "$pause_color|default": [
        1,
        1,
        1
      ],
      "$pause_btn_text_color|default": "$light_button_default_text_color",
      "$skin_panel_on_default|default": false
    },
    "menu_the_rest_panel": {
      "controls": [
        {
          "menu_button_control_panel@pause.menu_button_control_panel": {}
        }
      ]
    },
    "menu_button_control_panel": {
      "type": "stack_panel",
      "size": [
        "80%",
        "100%c"
      ],
      "orientation": "vertical",
      "controls": [
        {
          "title@pause.logo_panel": {}
        },
        {
          "menu_button_control@pause.menu_button_control": {}
        }
      ]
    },
    "logo_panel@pause.column_frame": {
      "size": [
        "100%",
        0
      ],
      "$pause_logo_texture|default": "textures/ui/title",
      "$pause_logo_size|default": [
        "100%",
        40
      ],
      "$pause_logo_offset|default": [
        0,
        -5
      ],
      "controls": [
        {
          "logo": {
            "type": "image",
            "texture": "$pause_logo_texture",
            "size": "$pause_logo_size",
            "anchor_from": "bottom_middle",
            "anchor_to": "bottom_middle",
            "offset": "$pause_logo_offset"
          }
        }
      ]
    },
    "the_icon_panel/stacked_column": {
      "$hide_info_bindings": [
        {
          "binding_type": "view",
          "source_control_name": "hide_info_panel",
          "source_property_name": "(not #toggle_state)",
          "target_property_name": "#visible"
        }
      ],
      "$hide_info_bindings2": [
        {
          "binding_name": "#achievements_visible",
          "binding_name_override": "#visible"
        },
        {
          "binding_type": "view",
          "source_control_name": "hide_info_panel",
          "source_property_name": "(not #toggle_state)",
          "target_property_name": "#visible"
        }
      ],
      "modifications": [
        {
          "array_name": "controls",
          "operation": "insert_back",
          "value": [
            {
              "info_panel_toggle_btn@pause.column_frame": {
                "size": [
                  28,
                  32
                ],
                "controls": [
                  {
                    "info_panel_toggle@pause.info_panel_toggle": {}
                  }
                ]
              }
            },
            {
              "info_panel_toggle_padding": {
                "type": "panel",
                "size": [
                  "2%",
                  0
                ]
              }
            },
            {
              "skin_panel_toggle_btn@pause.column_frame": {
                "size": [
                  28,
                  32
                ],
                "bindings": "$hide_info_bindings",
                "controls": [
                  {
                    "skin_panel_toggle@pause.skin_panel_toggle": {}
                  }
                ]
              }
            }
          ]
        }
      ]
    },
    "the_icon_panel/stacked_column/side_padding": {
      "bindings": "$hide_info_bindings"
    },
    "the_icon_panel/stacked_column/feedback_btn": {
      "ignored": true
    },
    "the_icon_panel/stacked_column/feedback_padding": {
      "ignored": true
    },
    "the_icon_panel/stacked_column/achievements_btn": {
      "ignored": true
    },
    "the_icon_panel/stacked_column/achievements_padding": {
      "ignored": true
    },
    "the_icon_panel/stacked_column/profile_btn_padding_left": {
      "ignored": true
    },
    "the_icon_panel/stacked_column/profile_btn": {
      "ignored": true
    },
    "the_icon_panel/stacked_column/profile_btn_padding_right": {
      "ignored": true
    },
    "the_icon_panel/stacked_column/take_screenshot_btn": {
      "$default_button_image_color": "$pause_color",
      "$light_border_default_color": [
        0,
        0,
        0
      ],
      "bindings": [
        {
          "binding_type": "view",
          "source_control_name": "hide_info_panel",
          "source_property_name": "(#screenshot_button_visible or not #toggle_state)",
          "target_property_name": "#visible"
        }
      ]
    },
    "info_panel_close_btn@common.close_button_image": {
      "$close_button_texture": "textures/ui/close_button_default",
      "size": [
        "100%",
        "100%"
      ]
    },
    "info_panel_close_btn_hover@common.close_button_image": {
      "$close_button_texture": "textures/ui/close_button_default_light",
      "size": [
        "100%",
        "100%"
      ],
      "color": "$pause_color"
    },
    "menu_background": {
      "color": "$pause_color"
    },
    "pause_button_template": {
      "size": [
        "100%",
        19
      ],
      "$default_button_image_color": "$pause_color",
      "$default_text_color": "$pause_btn_text_color",
      "focus_change_left": ""
    },
    "skin_panel_interior": {
      "$default_button_image_color": "$pause_color",
      "$default_text_color": "$pause_btn_text_color"
    },
    "pause_button_template2@pause_button_template": {
      "size": [
        "50%-1px",
        19
      ]
    },
    "store_button": {
      "focus_change_right": "$pressed_button_name"
    },
    "button_stack": {
      "type": "stack_panel",
      "size": [
        "100%",
        19
      ],
      "orientation": "horizontal",
      "$btn_store|default": false,
      "$btn_profile|default": false,
      "controls": [
        {
          "btn1@pause.pause_button_template2": {
            "$button_text": "$btn_text1",
            "$pressed_button_name": "$pressed_btn_name1",
            "focus_change_left": "$pressed_button_name"
          }
        },
        {
          "padding@pause.horizontal_padding": {}
        },
        {
          "btn2@pause.pause_button_template2": {
            "$button_text": "$btn_text2",
            "$pressed_button_name": "$pressed_btn_name2",
            "focus_change_right": "$pressed_button_name",
            "ignored": "$btn_store"
          }
        },
        {
          "store_btn_panel@store_button_panel": {
            "size": [
              "50%-1px",
              19
            ],
            "$pressed_button_name": "button.menu_store",
            "visible": "$btn_store"
          }
        }
      ]
    },
    "achievements_profile@button_stack": {
      "$btn_text1": "menu.achievements",
      "$pressed_btn_name1": "button.menu_achievements",
      "$btn_text2": "menu.profile",
      "$pressed_btn_name2": "button.menu_profile"
    },
    "feedback_invite@button_stack": {
      "$btn_text1": "options.group.feedback",
      "$pressed_btn_name1": "button.feedback_button_pressed",
      "$btn_text2": "pauseScreen.invite",
      "$pressed_btn_name2": "button.menu_invite_players"
    },
    "settings_marketplace@button_stack": {
      "$btn_text1": "menu.settings",
      "$pressed_btn_name1": "button.menu_settings",
      "$btn_store": true
    },
    "menu_background/button_panel": {
      "$pause_quit_btn_text|default": "pauseScreen.quit",
      "controls": [
        {
          "return_to_game_button@pause.return_to_game_button": {}
        },
        {
          "return@pause.vertical_padding": {}
        },
        {
          "achievements_profile@pause.achievements_profile": {}
        },
        {
          "achievements@pause.vertical_padding": {}
        },
        {
          "feedback_invite@pause.feedback_invite": {}
        },
        {
          "settings@pause.vertical_padding": {}
        },
        {
          "settings_marketplace@pause.settings_marketplace": {}
        },
        {
          "server@pause.vertical_padding": {
            "ignored": "$is_secondary_client",
            "bindings": [
              {
                "binding_name": "#store_button_visible",
                "binding_name_override": "#visible",
                "binding_type": "global"
              }
            ]
          }
        },
        {
          "quit_button@pause.quit_button": {
            "$button_text": "$pause_quit_btn_text"
          }
        }
      ]
    },
    "info_panel_toggle@common_toggles.light_content_toggle": {
      "$light_border_toggle_default_color": [
        0,
        0,
        0
      ],
      "$default_texture_color": "$pause_color",
      "$default_checked_texture_color": "$pause_color",
      "$toggle_name": "hide_info_panel",
      "$toggle_view_binding_name": "hide_info_panel",
      "$button_content": "pause.toggle_icon",
      "$texture": "textures/ui/infobulb",
      "size": [
        24,
        24
      ],
      "layer": 11,
      "$checked_control": "pause.info_panel_close_btn",
      "$checked_hover_control": "pause.info_panel_close_btn_hover"
    },
    "skin_panel_toggle@info_panel_toggle": {
      "$toggle_name": "hide_skin_panel",
      "$toggle_view_binding_name": "hide_skin_panel",
      "$button_content": "pause.toggle_icon",
      "$texture": "textures/ui/icon_hangar",
      "$unchecked_control": "common_toggles.toggle_unchecked",
      "$checked_control": "common_toggles.toggle_checked",
      "$unchecked_hover_control": "common_toggles.toggle_unchecked_hover",
      "$checked_hover_control": "common_toggles.toggle_checked_hover",
      "variables": [
        {
          "requires": "($skin_panel_on_default = true)",
          "$unchecked_control": "common_toggles.toggle_checked",
          "$checked_control": "common_toggles.toggle_unchecked",
          "$unchecked_hover_control": "common_toggles.toggle_checked_hover",
          "$checked_hover_control": "common_toggles.toggle_unchecked_hover"
        }
      ]
    },
    "toggle_icon@feedback_icon": {
      "texture": "$texture"
    },
    "skin_panel": {
      "$toggle_state|default": "#toggle_state",
      "variables": [
        {
          "requires": "($skin_panel_on_default = true)",
          "$toggle_state": "(not #toggle_state)"
        }
      ],
      "bindings": [
        {
          "binding_type": "view",
          "source_control_name": "hide_skin_panel",
          "source_property_name": "$toggle_state",
          "target_property_name": "#visible"
        }
      ]
    },
    "the_rest_panel@pause.column_frame": {
      "size": [
        "100%",
        "fill"
      ],
      "layer": 1,
      "controls": [
        {
          "pause_menu@pause.menu_the_rest_panel": {}
        },
        {
          "skin_panel@pause.skin_panel": {
            "layer": 1,
            "anchor_from": "right_middle",
            "anchor_to": "right_middle",
            "offset": [
              -10,
              0
            ]
          }
        }
      ],
      "bindings": [
        {
          "binding_type": "view",
          "source_control_name": "hide_info_panel",
          "source_property_name": "(not #toggle_state)",
          "target_property_name": "#visible"
        }
      ]
    },
    "info_panel": {
      "layer": 11,
      "anchor_from": "center",
      "anchor_to": "center"
    },
    "info_panel_bg": {
      "type": "image",
      "size": [
        "100%",
        "100%"
      ],
      "texture": "textures/ui/control",
      "alpha": 0.8
    },
    "info_panel_content": {
      "type": "panel",
      "size": [
        "100%",
        "100%"
      ],
      "layer": 10,
      "controls": [
        {
          "info_panel_bg@pause.info_panel_bg": {}
        },
        {
          "info_panel@pause.info_panel": {}
        }
      ],
      "bindings": [
        {
          "binding_type": "view",
          "source_control_name": "hide_info_panel",
          "source_property_name": "#toggle_state",
          "target_property_name": "#visible"
        }
      ]
    },
    "pause_screen_content": {
      "controls": [
        {
          "pause_screen_main_panels@pause.pause_screen_main_panels": {}
        },
        {
          "info_panel@pause.info_panel_content": {}
        },
        {
          "gamepad_helpers@pause.gamepad_helpers": {}
        },
        {
          "keyboard_helpers@pause.keyboard_helpers": {}
        }
      ]
    },
    "pause_screen_main_panels": {
      "controls": [
        {
          "menu@pause.pause_screen_menu": {}
        }
      ]
    },
    "pause_screen_menu": {
      "type": "stack_panel",
      "size": [
        "fill",
        "100%"
      ],
      "controls": [
        {
          "filler@pause.filler_panel": {
            "size": [
              "100%",
              60
            ],
            "bindings": [
              {
                "binding_type": "view",
                "source_control_name": "hide_info_panel",
                "source_property_name": "(not #toggle_state)",
                "target_property_name": "#visible"
              }
            ]
          }
        },
        {
          "the_rest_panel@pause.the_rest_panel": {}
        },
        {
          "the_icon_panel@pause.the_icon_panel": {}
        }
      ]
    }
  }