{"format_version": "1.19.0", "minecraft:geometry": [{"description": {"identifier": "geometry.furnace.minecraft_fclc2fcci83", "texture_width": 64, "texture_height": 64, "visible_bounds_width": 5, "visible_bounds_height": 5, "visible_bounds_offset": [0, 0.75, 0]}, "bones": [{"name": "furnacemodel", "pivot": [0, 8, 0], "binding": "c.item_slot == 'head' ? 'head' : q.item_slot_to_bone_name(c.item_slot)"}, {"name": "furnacemodel_x", "parent": "furnacemodel", "pivot": [0, 8, 0]}, {"name": "furnacemodel_y", "parent": "furnacemodel_x", "pivot": [0, 8, 0]}, {"name": "furnacemodel_z", "parent": "furnacemodel_y", "pivot": [0, 8, 0], "cubes": [{"rotation": [0, -45, 0], "size": [0.0, 16.0, 13.0], "origin": [0, 0, -6.5], "pivot": [0, 8, 0], "uv": {"east": {"uv": [0.0, 0.0], "uv_size": [26.0, 32.0]}, "west": {"uv": [26.0, 0.0], "uv_size": [26.0, 32.0]}}}, {"rotation": [0, -45, 0], "size": [13.0, 16.0, 0.0], "origin": [-6.5, 0, 0], "pivot": [0, 8, 0], "uv": {"north": {"uv": [0.0, 32.0], "uv_size": [26.0, 32.0]}, "south": {"uv": [26.0, 32.0], "uv_size": [26.0, 32.0]}}}, {"rotation": [22.5, 0, 0], "size": [3.0, 3.0, 3.0], "origin": [-2, 3, 0.40000000000000036], "pivot": [-0.5, 4.5, 2.9000000000000004], "uv": {"north": {"uv": [58.0, 36.0], "uv_size": [-6.0, -6.0], "uv_rotation": 180}, "east": {"uv": [58.0, 6.0], "uv_size": [-6.0, 6.0], "uv_rotation": 270}, "south": {"uv": [58.0, 24.0], "uv_size": [-6.0, 6.0]}, "west": {"uv": [58.0, 18.0], "uv_size": [-6.0, 6.0], "uv_rotation": 90}, "up": {"uv": [52.0, 18.0], "uv_size": [6.0, -6.0], "uv_rotation": 180}, "down": {"uv": [52.0, 6.0], "uv_size": [6.0, -6.0]}}}, {"rotation": [-22.5, 0, 0], "size": [3.0, 3.0, 3.0], "origin": [-2, 6, -3.4000000000000004], "pivot": [-0.5, 7.5, -2.9000000000000004], "uv": {"north": {"uv": [52.0, 24.0], "uv_size": [6.0, 6.0]}, "east": {"uv": [58.0, 12.0], "uv_size": [-6.0, -6.0], "uv_rotation": 270}, "south": {"uv": [52.0, 36.0], "uv_size": [6.0, -6.0], "uv_rotation": 180}, "west": {"uv": [58.0, 24.0], "uv_size": [-6.0, -6.0], "uv_rotation": 90}, "up": {"uv": [52.0, 12.0], "uv_size": [6.0, 6.0], "uv_rotation": 180}, "down": {"uv": [52.0, 0.0], "uv_size": [6.0, 6.0]}}}]}]}]}