{"format_version": "1.19.0", "minecraft:geometry": [{"description": {"identifier": "geometry.furnace.minecraft_fb1607canp1", "texture_width": 32, "texture_height": 32, "visible_bounds_width": 5, "visible_bounds_height": 5, "visible_bounds_offset": [0, 0.75, 0]}, "bones": [{"name": "furnacemodel", "pivot": [0, 8, 0], "binding": "c.item_slot == 'head' ? 'head' : q.item_slot_to_bone_name(c.item_slot)"}, {"name": "furnacemodel_x", "parent": "furnacemodel", "pivot": [0, 8, 0]}, {"name": "furnacemodel_y", "parent": "furnacemodel_x", "pivot": [0, 8, 0]}, {"name": "furnacemodel_z", "parent": "furnacemodel_y", "pivot": [0, 8, 0], "cubes": [{"rotation": [0, -45, 0], "size": [0.0, 16.0, 13.0], "origin": [0, 0, -6.5], "pivot": [0, 8, 0], "uv": {"east": {"uv": [0.0, 0.0], "uv_size": [13.0, 16.0]}, "west": {"uv": [13.0, 0.0], "uv_size": [13.0, 16.0]}}}, {"rotation": [0, -45, 0], "size": [13.0, 16.0, 0.0], "origin": [-6.5, 0, 0], "pivot": [0, 8, 0], "uv": {"north": {"uv": [0.0, 16.0], "uv_size": [13.0, 16.0]}, "south": {"uv": [13.0, 16.0], "uv_size": [13.0, 16.0]}}}]}]}]}