{"format_version": "1.19.0", "minecraft:geometry": [{"description": {"identifier": "geometry.furnace.minecraft_fo2i5wq10td", "texture_width": 64, "texture_height": 64, "visible_bounds_width": 5, "visible_bounds_height": 5, "visible_bounds_offset": [0, 0.75, 0]}, "bones": [{"name": "furnacemodel", "pivot": [0, 8, 0], "binding": "c.item_slot == 'head' ? 'head' : q.item_slot_to_bone_name(c.item_slot)"}, {"name": "furnacemodel_x", "parent": "furnacemodel", "pivot": [0, 8, 0]}, {"name": "furnacemodel_y", "parent": "furnacemodel_x", "pivot": [0, 8, 0]}, {"name": "furnacemodel_z", "parent": "furnacemodel_y", "pivot": [0, 8, 0], "cubes": [{"rotation": [0, -45, 0], "size": [21.0, 32.0, 0.0], "origin": [-10.5, 0, 0], "pivot": [0, 8, 0], "uv": {"north": {"uv": [0.0, 0.0], "uv_size": [21.0, 32.0]}, "south": {"uv": [21.0, 0.0], "uv_size": [21.0, 32.0]}}}, {"rotation": [0, -45, 0], "size": [0.0, 32.0, 21.0], "origin": [0, 0, -10.5], "pivot": [0, 8, 0], "uv": {"east": {"uv": [0.0, 32.0], "uv_size": [21.0, 32.0]}, "west": {"uv": [21.0, 32.0], "uv_size": [21.0, 32.0]}}}, {"rotation": [22.5, 0, 0], "size": [3.0, 6.0, 3.0], "origin": [-2, 7, -4], "pivot": [-0.5, 9.5, -2.5], "uv": {"north": {"uv": [42.0, 0.0], "uv_size": [3.0, 6.0]}, "east": {"uv": [42.0, 6.0], "uv_size": [3.0, 6.0]}, "south": {"uv": [42.0, 12.0], "uv_size": [3.0, 6.0]}, "west": {"uv": [42.0, 18.0], "uv_size": [3.0, 6.0]}, "up": {"uv": [48.0, 24.0], "uv_size": [3.0, 3.0]}, "down": {"uv": [48.0, 30.0], "uv_size": [3.0, -3.0]}}}, {"rotation": [-22.5, 0, 0], "size": [3.0, 6.0, 3.0], "origin": [-2, 11.07612, 0.6173199999999994], "pivot": [-0.5, 13.57612, 2.1173199999999994], "uv": {"north": {"uv": [42.0, 24.0], "uv_size": [3.0, 6.0]}, "east": {"uv": [42.0, 30.0], "uv_size": [3.0, 6.0]}, "south": {"uv": [42.0, 36.0], "uv_size": [3.0, 6.0]}, "west": {"uv": [42.0, 42.0], "uv_size": [3.0, 6.0]}, "up": {"uv": [48.0, 30.0], "uv_size": [3.0, 3.0]}, "down": {"uv": [48.0, 36.0], "uv_size": [3.0, -3.0]}}}, {"rotation": [0, 0, -45], "size": [3.0, 6.0, 3.0], "origin": [-4.300000000000001, 4, -1], "pivot": [-2.8000000000000007, 6.5, 0.5], "uv": {"north": {"uv": [45.0, 0.0], "uv_size": [3.0, 6.0]}, "east": {"uv": [45.0, 6.0], "uv_size": [3.0, 6.0]}, "south": {"uv": [45.0, 12.0], "uv_size": [3.0, 6.0]}, "west": {"uv": [45.0, 18.0], "uv_size": [3.0, 6.0]}, "up": {"uv": [48.0, 36.0], "uv_size": [3.0, 3.0]}, "down": {"uv": [48.0, 42.0], "uv_size": [3.0, -3.0]}}}, {"rotation": [0, 0, 45], "size": [3.0, 6.0, 3.0], "origin": [0, 16, -2.0999999999999996], "pivot": [1.5, 18.5, -0.5999999999999996], "uv": {"north": {"uv": [45.0, 24.0], "uv_size": [3.0, 6.0]}, "east": {"uv": [45.0, 30.0], "uv_size": [3.0, 6.0]}, "south": {"uv": [45.0, 36.0], "uv_size": [3.0, 6.0]}, "west": {"uv": [45.0, 42.0], "uv_size": [3.0, 6.0]}, "up": {"uv": [42.0, 48.0], "uv_size": [3.0, 3.0]}, "down": {"uv": [48.0, 45.0], "uv_size": [3.0, -3.0]}}}, {"rotation": [0, 0, -22.5], "size": [3.0, 6.0, 3.0], "origin": [-4, 21, -1.0999999999999996], "pivot": [-2.5, 23.5, 0.40000000000000036], "uv": {"north": {"uv": [48.0, 0.0], "uv_size": [3.0, 6.0]}, "east": {"uv": [48.0, 6.0], "uv_size": [3.0, 6.0]}, "south": {"uv": [48.0, 12.0], "uv_size": [3.0, 6.0]}, "west": {"uv": [48.0, 18.0], "uv_size": [3.0, 6.0]}, "up": {"uv": [45.0, 48.0], "uv_size": [3.0, 3.0]}, "down": {"uv": [48.0, 48.0], "uv_size": [3.0, -3.0]}}}]}]}]}