{"format_version": "1.19.0", "minecraft:geometry": [{"description": {"identifier": "geometry.furnace.minecraft_f441ydvdfnp", "texture_width": 32, "texture_height": 32, "visible_bounds_width": 5, "visible_bounds_height": 5, "visible_bounds_offset": [0, 0.75, 0]}, "bones": [{"name": "furnacemodel", "pivot": [0, 8, 0], "binding": "c.item_slot == 'head' ? 'head' : q.item_slot_to_bone_name(c.item_slot)"}, {"name": "furnacemodel_x", "parent": "furnacemodel", "pivot": [0, 8, 0]}, {"name": "furnacemodel_y", "parent": "furnacemodel_x", "pivot": [0, 8, 0]}, {"name": "furnacemodel_z", "parent": "furnacemodel_y", "pivot": [0, 8, 0], "cubes": [{"rotation": [0, -45, 0], "size": [13.0, 16.0, 0.0], "origin": [-7.975239999999999, 0, -0.6110600000000002], "pivot": [-0.8641799999999993, 4.92654, 0], "uv": {"north": {"uv": [0.0, 16.0], "uv_size": [13.0, 16.0]}, "south": {"uv": [13.0, 16.0], "uv_size": [13.0, 16.0]}}}, {"rotation": [0, 45, 0], "size": [13.0, 16.0, 0.0], "origin": [-6.7531099999999995, 0, -0.6110600000000002], "pivot": [-0.8641799999999993, 4.92654, 0], "uv": {"north": {"uv": [0.0, 0.0], "uv_size": [13.0, 16.0]}, "south": {"uv": [13.0, 0.0], "uv_size": [13.0, 16.0]}}}, {"rotation": [0, 0, 22.5], "size": [4.0, 0.0, 3.0], "origin": [-4.65381, 2.35516, -2.5347799999999996], "pivot": [-1.8641799999999993, 4.92654, 0], "uv": {"north": {"uv": [0.0, 0.0], "uv_size": [4.0, 0.0]}, "east": {"uv": [0.0, 0.0], "uv_size": [3.0, 0.0]}, "south": {"uv": [0.0, 0.0], "uv_size": [4.0, 0.0]}, "west": {"uv": [0.0, 0.0], "uv_size": [3.0, 0.0]}, "up": {"uv": [26.0, 0.0], "uv_size": [4.0, 3.0]}, "down": {"uv": [26.0, 6.0], "uv_size": [4.0, -3.0]}}}, {"rotation": [22.5, 0, 0], "size": [3.0, 0.0, 4.000000000000001], "origin": [-2.40817, 3.53879, -1.45479], "pivot": [-0.8641799999999993, 4.92654, 0], "uv": {"north": {"uv": [0.0, 0.0], "uv_size": [3.0, 0.0]}, "east": {"uv": [0.0, 0.0], "uv_size": [4.0, 0.0]}, "south": {"uv": [0.0, 0.0], "uv_size": [3.0, 0.0]}, "west": {"uv": [0.0, 0.0], "uv_size": [4.0, 0.0]}, "up": {"uv": [26.0, 12.0], "uv_size": [3.0, 4.0]}, "down": {"uv": [26.0, 20.0], "uv_size": [3.0, -4.0]}}}, {"rotation": [0, 0, -22.5], "size": [3.999999999999999, 0.0, 3.0], "origin": [-2.4572199999999995, 1.43128, -2.5347799999999996], "pivot": [-0.8641799999999993, 4.92654, 0], "uv": {"north": {"uv": [0.0, 0.0], "uv_size": [4.0, 0.0]}, "east": {"uv": [0.0, 0.0], "uv_size": [3.0, 0.0]}, "south": {"uv": [0.0, 0.0], "uv_size": [4.0, 0.0]}, "west": {"uv": [0.0, 0.0], "uv_size": [3.0, 0.0]}, "up": {"uv": [30.0, 0.0], "uv_size": [-4.0, 3.0]}, "down": {"uv": [30.0, 3.0], "uv_size": [-4.0, -3.0]}}}, {"rotation": [0, 45, 0], "size": [1.0, 1.0, 1.0], "origin": [-0.09999999999999964, 2, 5.5], "pivot": [-3.3000000000000007, 3.5, 1.9000000000000004], "uv": {"north": {"uv": [26.0, 20.0], "uv_size": [1.0, 1.0]}, "east": {"uv": [26.0, 21.0], "uv_size": [1.0, 1.0]}, "south": {"uv": [26.0, 22.0], "uv_size": [1.0, 1.0]}, "west": {"uv": [26.0, 23.0], "uv_size": [1.0, 1.0]}, "up": {"uv": [26.0, 24.0], "uv_size": [1.0, 1.0]}, "down": {"uv": [26.0, 26.0], "uv_size": [1.0, -1.0]}}}, {"rotation": [0, 45, 0], "size": [1.0, 1.0, 1.0], "origin": [-0.09999999999999964, 2, -3.5], "pivot": [-3.3000000000000007, 3.5, 1.9000000000000004], "uv": {"north": {"uv": [26.0, 26.0], "uv_size": [1.0, 1.0]}, "east": {"uv": [27.0, 20.0], "uv_size": [1.0, 1.0]}, "south": {"uv": [27.0, 21.0], "uv_size": [1.0, 1.0]}, "west": {"uv": [27.0, 22.0], "uv_size": [1.0, 1.0]}, "up": {"uv": [27.0, 23.0], "uv_size": [1.0, 1.0]}, "down": {"uv": [27.0, 25.0], "uv_size": [1.0, -1.0]}}}, {"rotation": [0, -22.5, 0], "size": [0.9999999999999991, 1.0, 1.0], "origin": [-0.6485299999999992, 2, -3.68112], "pivot": [-4.148529999999999, 2.5, -4.18112], "uv": {"north": {"uv": [28.0, 22.0], "uv_size": [1.0, 1.0]}, "east": {"uv": [28.0, 23.0], "uv_size": [1.0, 1.0]}, "south": {"uv": [28.0, 24.0], "uv_size": [1.0, 1.0]}, "west": {"uv": [28.0, 25.0], "uv_size": [1.0, 1.0]}, "up": {"uv": [26.0, 28.0], "uv_size": [1.0, 1.0]}, "down": {"uv": [28.0, 27.0], "uv_size": [1.0, -1.0]}}}, {"rotation": [0, 0, 0], "size": [1.0, 1.0, 1.0], "origin": [-3.7485300000000006, 3.2, 1.0188799999999993], "pivot": [-4.148529999999999, 2.5, -4.18112], "uv": {"north": {"uv": [27.0, 25.0], "uv_size": [1.0, 1.0]}, "east": {"uv": [26.0, 27.0], "uv_size": [1.0, 1.0]}, "south": {"uv": [27.0, 26.0], "uv_size": [1.0, 1.0]}, "west": {"uv": [27.0, 27.0], "uv_size": [1.0, 1.0]}, "up": {"uv": [28.0, 20.0], "uv_size": [1.0, 1.0]}, "down": {"uv": [28.0, 22.0], "uv_size": [1.0, -1.0]}}}]}]}]}