{
  "resource_pack_name": "geyser_custom",
  "texture_name": "atlas.items",
  "texture_data": {
            "minecraft_folysan8yr0": {
            "textures": "textures/minecraft/custom/items/recipe_book"
        },
            "minecraft_foprkwz399g": {
            "textures": "textures/minecraft/custom/decoration/scarecrow"
        },
        "minecraft_fheim2sbwxg": {
            "textures": "textures/minecraft/custom/devices/cooking_pot/green_check_mark"
        },
                "minecraft_fhn47koq61k": {
            "textures": "textures/minecraft/custom/devices/cooking_pot/cooking_0"
        },
                "minecraft_fb55wl06wlk": {
            "textures": "textures/minecraft/custom/devices/cooking_pot/cooking_1"
        },
        "minecraft_fvxfi3h6v2q": {
            "textures": "textures/minecraft/custom/devices/cooking_pot/cooking_7"
        },
                "minecraft_fl2c1uuixbk": {
            "textures": "textures/minecraft/custom/devices/cooking_pot/cooking_2"
        },
        "minecraft_f3rjdl4ozuy": {
            "textures": "textures/minecraft/custom/devices/cooking_pot/cooking_3"
        },
        "minecraft_f21zm19sghh": {
            "textures": "textures/minecraft/custom/devices/cooking_pot/empty"
        },
        "minecraft_fjm9fft4exe": {
            "textures": "textures/minecraft/custom/devices/cooking_pot/cooking_4"
        },
                "minecraft_fmts4gvj3k5": {
            "textures": "textures/minecraft/custom/devices/cooking_pot/cooking_6"
        },
            "minecraft_frqw6s07lgk": {
            "textures": "textures/minecraft/custom/items/crops/chili_seeds"
        },
        "minecraft_fspyoe9i01i": {
            "textures": "textures/minecraft/custom/items/crops/corn"
        },
        "minecraft_f99yr199v89": {
            "textures": "textures/minecraft/custom/items/crops/lettuce_seeds"
        },
                "minecraft_fcaf4g0w05m": {
            "textures": "textures/minecraft/custom/items/crops/chili"
        },
                "minecraft_fvd721c2qe6": {
            "textures": "textures/minecraft/custom/items/crops/corn_seeds"
        },
                "minecraft_f9buqc61g8x": {
            "textures": "textures/minecraft/custom/items/crops/tomato_seeds"
        },
                "minecraft_f47k8bzzs2s": {
            "textures": "textures/minecraft/custom/items/crops/tomato"
        },
                "minecraft_fn3ilgf9dmq": {
            "textures": "textures/minecraft/custom/items/crops/lettuce"
        },
                "minecraft_fvsjkoslxu2": {
            "textures": "textures/minecraft/custom/devices/crops/corn/stage_0"
        },
        "minecraft_f6duxhe1ock": {
            "textures": "textures/minecraft/custom/devices/crops/lettuce/stage_1"
        },
                "minecraft_fu1abxy9ryp": {
            "textures": "textures/minecraft/custom/devices/cooking_pot/dish"
        },
        "minecraft_f4surjigxkz": {
            "textures": "textures/minecraft/custom/devices/crops/lettuce/stage_0"
        },
        "minecraft_fzx6l7qrrtl": {
            "textures": "textures/minecraft/custom/devices/crops/lettuce/stage_2"
        },
        "minecraft_fo2i5wq10td": {
            "textures": "textures/minecraft/custom/devices/crops/corn/stage_3"
        },
        "minecraft_fabzavryop7": {
            "textures": "textures/minecraft/custom/devices/cooking_pot/cooking_5"
        },
        "minecraft_fx30avspr52": {
            "textures": "textures/minecraft/custom/devices/crops/tomato/stage_3"
        },
        "minecraft_fspt9rymvxs": {
            "textures": "textures/minecraft/custom/devices/planter/planter"
        },
        "minecraft_ftur27iei94": {
            "textures": "textures/minecraft/custom/devices/crops/chili/stage_0"
        },
        "minecraft_f11ypdoy1q6": {
            "textures": "textures/minecraft/custom/devices/crops/tomato/stage_2"
        },
        "minecraft_fu9ejii1gh9": {
            "textures": "textures/minecraft/custom/items/dracula_sword"
        },
        "minecraft_fbp5v3dd7dr": {
            "textures": "textures/minecraft/custom/devices/crops/chili/stage_1"
        },

        "minecraft_f1fb9h1oyst": {
            "textures": "textures/minecraft/custom/devices/crops/lettuce/stage_3"
        },
                "minecraft_f441ydvdfnp": {
            "textures": "textures/minecraft/custom/devices/crops/tomato/stage_1"
        },
        "minecraft_fb1607canp1": {
            "textures": "textures/minecraft/custom/devices/crops/corn/stage_1"
        },
        "minecraft_fclc2fcci83": {
            "textures": "textures/minecraft/custom/devices/crops/corn/stage_2"
        },
        "minecraft_f9ze2lqiont": {
            "textures": "textures/minecraft/custom/devices/crops/chili/stage_2"
        },
                "minecraft_fj2jxrfllus": {
            "textures": "textures/minecraft/custom/devices/crops/tomato/stage_0"
        },
                "minecraft_fqnrfav97rg": {
            "textures": "textures/minecraft/custom/devices/crops/chili/stage_3"
        },
        "minecraft_fnkbppmptbx": {
            "textures": "textures/minecraft/custom/items/food/cooked_buffalo_meat"
        },
        "minecraft_f2zerdn62y7": {
            "textures": "textures/minecraft/custom/items/food/berry_smoothie"
        },
        "minecraft_f7c04qkep46": {
            "textures": "textures/minecraft/custom/items/food/sunberry_juice"
        },
                "minecraft_fja486u640m": {
            "textures": "textures/minecraft/custom/items/food/buffalo_meat"
        },
        "minecraft_fzc3zuca34d": {
            "textures": "textures/minecraft/custom/items/food/hot_cocoa"
        },
                "minecraft_fw8s9pz2qse": {
            "textures": "textures/minecraft/custom/items/food/omelette"
        },
        "minecraft_ftf0szzg3g8": {
            "textures": "textures/minecraft/custom/items/food/subway"
        },
                "minecraft_fgr41c1r0rp": {
            "textures": "textures/minecraft/custom/items/food/cooked_corn"
        },
                "minecraft_fmq885sabun": {
            "textures": "textures/minecraft/custom/items/food/taco"
        },
                "minecraft_fyylluaw69r": {
            "textures": "textures/minecraft/custom/items/food/chicken_salad"
        },
                "minecraft_fipylu4ph3k": {
            "textures": "textures/minecraft/custom/items/food/burger"
        },
                "minecraft_fqrjlpcnzbw": {
            "textures": "textures/minecraft/custom/items/food/blt_sandwich"
        },
                "minecraft_f28gd2dkv11": {
            "textures": "textures/minecraft/custom/items/food/chocolate_bar"
        },
    "ambients": {
      "textures": "textures/items/custom/ambients"
    },
    "ambients_off": {
      "textures": "textures/items/custom/ambients_off"
    },
    "animate_block_placement": {
      "textures": "textures/items/custom/animate_block_placement"
    },
    "animate_block_placement_off": {
      "textures": "textures/items/custom/animate_block_placement_off"
    },
    "minecraft_f6e4btk0sl9": {
      "textures": "textures/minecraft/custom/items/old_scroll"
    },
    "accessories": {
      "textures": "textures/guis/custom_items/accessories"
    },
    "materials": {
      "textures": "textures/guis/custom_items/materials"
    },
    "tools": {
      "textures": "textures/guis/custom_items/tools"
    },
    "gmdl_7a4e2a2": {
      "textures": "textures/items/workshop"
    },
    "gmdl_149bbad": {
      "textures": "textures/items/workshop"
    },
    "gmdl_6329ed6": {
      "textures": "textures/items/spider_totem"
    },
    "adventure_crate": {
      "textures": "textures/items/custom/adventure_crate"
    },
    "manage_auctions_icon": {
      "textures": "textures/items/custom/manage_auctions_icon"
    },
    "hero_crate": {
      "textures": "textures/items/custom/hero_crate"
    },
    "legendary_crate": {
      "textures": "textures/items/custom/legendary_crate"
    },
    "adventure_backpack": {
      "textures": "textures/items/custom/adventure_backpack_icon"
    },
    "amethyst_axe": {
      "textures": "textures/items/custom/amethyst_axe"
    },
    "amethyst_hoe": {
      "textures": "textures/items/custom/amethyst_hoe"
    },
    "amethyst_pickaxe": {
      "textures": "textures/items/custom/amethyst_pickaxe"
    },
    "amethyst_shovel": {
      "textures": "textures/items/custom/amethyst_shovel"
    },
    "amethyst_sword": {
      "textures": "textures/items/custom/amethyst_sword"
    },
    "ankh_charm": {
      "textures": "textures/items/custom/ankh_charm"
    },
    "ankh_scepter": {
      "textures": "textures/items/custom/ankh_scepter_icon"
    },
    "bamboo_fishing_rod": {
      "textures": "textures/items/custom/bamboo_fishing_rod"
    },
    "blood_vial": {
      "textures": "textures/items/custom/blood_vial"
    },
    "blue_crystal": {
      "textures": "textures/items/custom/blue_crystal"
    },
    "bone_necklace": {
      "textures": "textures/items/custom/bone_necklace"
    },
    "bone_sword": {
      "textures": "textures/items/custom/bone_sword"
    },
    "caravan_key": {
      "textures": "textures/items/custom/caravan_key"
    },
    "catching_net": {
      "textures": "textures/items/custom/catching_net"
    },
    "cloak_of_wrath": {
      "textures": "textures/items/custom/cloak_of_wrath"
    },
    "copper_axe": {
      "textures": "textures/items/custom/copper_axe"
    },
    "copper_hoe": {
      "textures": "textures/items/custom/copper_hoe"
    },
    "copper_pickaxe": {
      "textures": "textures/items/custom/copper_pickaxe"
    },
    "copper_shovel": {
      "textures": "textures/items/custom/copper_shovel"
    },
    "copper_sword": {
      "textures": "textures/items/custom/copper_sword"
    },
    "crocodile_sword": {
      "textures": "textures/items/custom/crocodile_sword"
    },
    "crocodile_tooth": {
      "textures": "textures/items/custom/crocodile_tooth"
    },
    "crystal_amulet": {
      "textures": "textures/items/custom/crystal_amulet"
    },
    "dark_magic_necklace": {
      "textures": "textures/items/custom/dark_magic_necklace"
    },
    "desert_key": {
      "textures": "textures/items/custom/desert_key"
    },
    "diving_mask": {
      "textures": "textures/items/custom/diving_mask"
    },
    "dracula_key": {
      "textures": "textures/items/custom/dracula_key"
    },
    "dracula_sword": {
      "textures": "textures/items/custom/dracula_sword_icon"
    },
    "dragonscale": {
      "textures": "textures/items/custom/dragonscale"
    },
    "dragonscale_axe": {
      "textures": "textures/items/custom/dragonscale_axe"
    },
    "dragonscale_boots": {
      "textures": "textures/items/custom/dragonscale_boots"
    },
    "dragonscale_chestplate": {
      "textures": "textures/items/custom/dragonscale_chestplate"
    },
    "dragonscale_helmet": {
      "textures": "textures/items/custom/dragonscale_helmet"
    },
    "dragonscale_leggings": {
      "textures": "textures/items/custom/dragonscale_leggings"
    },
    "dragonscale_sword": {
      "textures": "textures/items/custom/dragonscale_sword"
    },
    "dungeon_entrance_locked": {
      "textures": "textures/items/custom/dungeon_entrance_locked"
    },
    "dynamite": {
      "textures": "textures/items/custom/dynamite_icon"
    },
    "emerald_axe": {
      "textures": "textures/items/custom/emerald_axe"
    },
    "emerald_hoe": {
      "textures": "textures/items/custom/emerald_hoe"
    },
    "emerald_outline": {
      "textures": "textures/items/custom/emerald_outline"
    },
    "emerald_pickaxe": {
      "textures": "textures/items/custom/emerald_pickaxe"
    },
    "emerald_shovel": {
      "textures": "textures/items/custom/emerald_shovel"
    },
    "emerald_sword": {
      "textures": "textures/items/custom/emerald_sword"
    },
    "ender_gauntlet": {
      "textures": "textures/items/custom/ender_gauntlet"
    },
    "forge_schematic": {
      "textures": "textures/items/custom/forge_schematic"
    },
    "flashlight": {
      "textures": "textures/items/custom/flashlight"
    },
    "gold_pouch": {
      "textures": "textures/items/custom/gold_pouch"
    },
    "golden_skull": {
      "textures": "textures/items/custom/golden_skull_icon"
    },
    "gold_tooth": {
      "textures": "textures/items/custom/gold_tooth"
    },
    "golem_heart": {
      "textures": "textures/items/custom/golem_heart"
    },
    "green_crystal": {
      "textures": "textures/items/custom/green_crystal"
    },
    "hermes_boots": {
      "textures": "textures/items/custom/hermes_boots"
    },
    "home_teleportation_scroll": {
      "textures": "textures/items/custom/home_teleportation_scroll"
    },
    "horseshoe": {
      "textures": "textures/items/custom/horseshoe"
    },
    "jungle_amulet": {
      "textures": "textures/items/custom/jungle_amulet"
    },
    "jungle_key": {
      "textures": "textures/items/custom/jungle_key"
    },
    "knight_shield": {
      "textures": "textures/items/custom/knight_shield"
    },
    "lightning_boots": {
      "textures": "textures/items/custom/lightning_boots"
    },
    "magic_bracelet": {
      "textures": "textures/items/custom/magic_bracelet"
    },
    "magma_boots": {
      "textures": "textures/items/custom/magma_boots"
    },
    "miner_helmet": {
      "textures": "textures/items/custom/miner_helmet"
    },
    "miner_helmet_lamp": {
      "textures": "textures/items/custom/miner_helmet_lamp"
    },
    "cursed_pickaxe": {
      "textures": "textures/items/custom/cursed_pickaxe_icon"
    },
    "molten_dice": {
      "textures": "textures/items/custom/molten_dice"
    },
    "ninja_cloak": {
      "textures": "textures/items/custom/ninja_cloak"
    },
    "philosopher_stone": {
      "textures": "textures/items/custom/philosopher_stone"
    },
    "pink_crystal": {
      "textures": "textures/items/custom/pink_crystal"
    },
    "portal_stone": {
      "textures": "textures/items/custom/portal_stone"
    },
    "random_teleportation_scroll": {
      "textures": "textures/items/custom/random_teleportation_scroll"
    },
    "reward_ready": {
      "textures": "textures/items/custom/reward_ready"
    },
    "rocket_boots": {
      "textures": "textures/items/custom/rocket_boots"
    },
    "safari_hat": {
      "textures": "textures/items/custom/safari_hat_icon"
    },
    "sculk_shield": {
      "textures": "textures/items/custom/sculk_shield"
    },
    "shackle": {
      "textures": "textures/items/custom/shackle"
    },
    "shiver_bracelet": {
      "textures": "textures/items/custom/shiver_bracelet"
    },
    "siege_crossbow": {
      "textures": "textures/items/custom/siege_crossbow/siege_crossbow_standby"
    },
    "silver_bracelet": {
      "textures": "textures/items/custom/silver_bracelet"
    },
    "silver_chain": {
      "textures": "textures/items/custom/silver_chain"
    },
    "skeleton_key": {
      "textures": "textures/items/custom/skeleton_key"
    },
    "speed_ring": {
      "textures": "textures/items/custom/speed_ring"
    },
    "spider_venom": {
      "textures": "textures/items/custom/spider_venom"
    },
    "sunstone_ring": {
      "textures": "textures/items/custom/sunstone_ring"
    },
    "talisman_of_vitality": {
      "textures": "textures/items/custom/talisman_of_vitality"
    },
    "traveler_backpack": {
      "textures": "textures/items/custom/traveler_backpack_icon"
    },
    "unidentified_armor": {
      "textures": "textures/items/custom/unidentified_armor"
    },
    "unidentified_artifact": {
      "textures": "textures/items/custom/unidentified_artifact"
    },
    "unidentified_weapon": {
      "textures": "textures/items/custom/unidentified_weapon"
    },
    "vampire_signet": {
      "textures": "textures/items/custom/vampire_signet"
    },
    "vitality_ring": {
      "textures": "textures/items/custom/vitality_ring"
    },
    "wanted_poster": {
      "textures": "textures/items/custom/wanted_poster"
    },
    "wither_crown": {
      "textures": "textures/items/custom/wither_crown"
    },
    "wool_scarf": {
      "textures": "textures/items/custom/wool_scarf"
    },
    "yellow_crystal": {
      "textures": "textures/items/custom/yellow_crystal"
    },
    "zephyr_veil": {
      "textures": "textures/items/custom/zephyr_veil"
    },
    "zombie_brain": {
      "textures": "textures/items/custom/zombie_brain"
    },
    "hero_backpack": {
      "textures": "textures/items/custom/hero_backpack_icon"
    },
    "back_button": {
      "textures": "textures/items/custom/back_button"
    },
    "book": {
      "textures": "textures/items/custom/book"
    },
    "button_air": {
      "textures": "textures/items/custom/button_air"
    },
    "claim_button": {
      "textures": "textures/items/custom/claim_button"
    },
    "claim_button_unavailable": {
      "textures": "textures/items/custom/claim_button_unavailable"
    },
    "claim_button2": {
      "textures": "textures/items/custom/claim_button2"
    },
    "claimed": {
      "textures": "textures/items/custom/claimed"
    },
    "claimed_button": {
      "textures": "textures/items/custom/claimed_button"
    },
    "close_button": {
      "textures": "textures/items/custom/close_button"
    },
    "gems_icon": {
      "textures": "textures/items/custom/gems_icon"
    },
    "gems_item": {
      "textures": "textures/items/custom/gems_item"
    },
    "gold_icon": {
      "textures": "textures/items/custom/gold_icon"
    },
    "gold_item": {
      "textures": "textures/items/custom/gold_item"
    },
    "hourglass_icon": {
      "textures": "textures/items/custom/hourglass_icon"
    },
    "info_icon": {
      "textures": "textures/items/custom/info_icon"
    },
    "lands_button": {
      "textures": "textures/items/custom/lands_button"
    },
    "left_button": {
      "textures": "textures/items/custom/left_button"
    },
    "level_0": {
      "textures": "textures/guis/reputation/level/0"
    },
    "level_1": {
      "textures": "textures/guis/reputation/level/1"
    },
    "level_2": {
      "textures": "textures/guis/reputation/level/2"
    },
    "level_3": {
      "textures": "textures/guis/reputation/level/3"
    },
    "level_4": {
      "textures": "textures/guis/reputation/level/4"
    },
    "level_5": {
      "textures": "textures/guis/reputation/level/5"
    },
    "level_6": {
      "textures": "textures/guis/reputation/level/6"
    },
    "level_7": {
      "textures": "textures/guis/reputation/level/7"
    },
    "level_8": {
      "textures": "textures/guis/reputation/level/8"
    },
    "level_9": {
      "textures": "textures/guis/reputation/level/9"
    },
    "level_10": {
      "textures": "textures/guis/reputation/level/10"
    },
    "level_11": {
      "textures": "textures/guis/reputation/level/11"
    },
    "level_12": {
      "textures": "textures/guis/reputation/level/12"
    },
    "level_13": {
      "textures": "textures/guis/reputation/level/13"
    },
    "level_14": {
      "textures": "textures/guis/reputation/level/14"
    },
    "level_15": {
      "textures": "textures/guis/reputation/level/15"
    },
    "level_16": {
      "textures": "textures/guis/reputation/level/16"
    },
    "level_17": {
      "textures": "textures/guis/reputation/level/17"
    },
    "level_18": {
      "textures": "textures/guis/reputation/level/18"
    },
    "level_19": {
      "textures": "textures/guis/reputation/level/19"
    },
    "level_20": {
      "textures": "textures/guis/reputation/level/20"
    },
    "level_21": {
      "textures": "textures/guis/reputation/level/21"
    },
    "level_22": {
      "textures": "textures/guis/reputation/level/22"
    },
    "level_23": {
      "textures": "textures/guis/reputation/level/23"
    },
    "level_24": {
      "textures": "textures/guis/reputation/level/24"
    },
    "level_25": {
      "textures": "textures/guis/reputation/level/25"
    },
    "level_26": {
      "textures": "textures/guis/reputation/level/26"
    },
    "level_27": {
      "textures": "textures/guis/reputation/level/27"
    },
    "level_28": {
      "textures": "textures/guis/reputation/level/28"
    },
    "level_29": {
      "textures": "textures/guis/reputation/level/29"
    },
    "level_30": {
      "textures": "textures/guis/reputation/level/30"
    },
    "level_31": {
      "textures": "textures/guis/reputation/level/31"
    },
    "level_32": {
      "textures": "textures/guis/reputation/level/32"
    },
    "level_33": {
      "textures": "textures/guis/reputation/level/33"
    },
    "level_34": {
      "textures": "textures/guis/reputation/level/34"
    },
    "level_35": {
      "textures": "textures/guis/reputation/level/35"
    },
    "level_36": {
      "textures": "textures/guis/reputation/level/36"
    },
    "level_37": {
      "textures": "textures/guis/reputation/level/37"
    },
    "level_38": {
      "textures": "textures/guis/reputation/level/38"
    },
    "level_39": {
      "textures": "textures/guis/reputation/level/39"
    },
    "level_40": {
      "textures": "textures/guis/reputation/level/40"
    },
    "level_41": {
      "textures": "textures/guis/reputation/level/41"
    },
    "level_42": {
      "textures": "textures/guis/reputation/level/42"
    },
    "level_43": {
      "textures": "textures/guis/reputation/level/43"
    },
    "level_44": {
      "textures": "textures/guis/reputation/level/44"
    },
    "level_45": {
      "textures": "textures/guis/reputation/level/45"
    },
    "links_button": {
      "textures": "textures/items/custom/links_button"
    },
    "lock": {
      "textures": "textures/items/custom/lock"
    },
    "open_button": {
      "textures": "textures/items/custom/open_button"
    },
    "page_1": {
      "textures": "textures/items/custom/page_1"
    },
    "page_2": {
      "textures": "textures/items/custom/page_2"
    },
    "page_3": {
      "textures": "textures/items/custom/page_3"
    },
    "purchase_button": {
      "textures": "textures/items/custom/purchase_button"
    },
    "questionmark": {
      "textures": "textures/items/custom/questionmark"
    },
    "right_button": {
      "textures": "textures/items/custom/right_button"
    },
    "search_button": {
      "textures": "textures/items/custom/search_button"
    },
    "sort_button": {
      "textures": "textures/items/custom/sort_button"
    },
    "star_icon": {
      "textures": "textures/items/custom/star_icon"
    },
    "crafting_coal": {
      "textures": "textures/items/custom/crafting_coal"
    },
    "crafting_copper": {
      "textures": "textures/items/custom/crafting_copper"
    },
    "crafting_diamond": {
      "textures": "textures/items/custom/crafting_diamond"
    },
    "crafting_emerald": {
      "textures": "textures/items/custom/crafting_emerald"
    },
    "crafting_gold": {
      "textures": "textures/items/custom/crafting_gold"
    },
    "crafting_iron": {
      "textures": "textures/items/custom/crafting_iron"
    },
    "crafting_netherite": {
      "textures": "textures/items/custom/crafting_netherite"
    },
    "crafting_stone": {
      "textures": "textures/items/custom/crafting_stone"
    },
    "crafting_wooden": {
      "textures": "textures/items/custom/crafting_wooden"
    },
    "hunting_coal": {
      "textures": "textures/items/custom/hunting_coal"
    },
    "hunting_copper": {
      "textures": "textures/items/custom/hunting_copper"
    },
    "hunting_diamond": {
      "textures": "textures/items/custom/hunting_diamond"
    },
    "hunting_emerald": {
      "textures": "textures/items/custom/hunting_emerald"
    },
    "hunting_gold": {
      "textures": "textures/items/custom/hunting_gold"
    },
    "hunting_iron": {
      "textures": "textures/items/custom/hunting_iron"
    },
    "hunting_netherite": {
      "textures": "textures/items/custom/hunting_netherite"
    },
    "hunting_stone": {
      "textures": "textures/items/custom/hunting_stone"
    },
    "hunting_wooden": {
      "textures": "textures/items/custom/hunting_wooden"
    },
    "mining_coal": {
      "textures": "textures/items/custom/mining_coal"
    },
    "mining_copper": {
      "textures": "textures/items/custom/mining_copper"
    },
    "mining_diamond": {
      "textures": "textures/items/custom/mining_diamond"
    },
    "mining_emerald": {
      "textures": "textures/items/custom/mining_emerald"
    },
    "mining_gold": {
      "textures": "textures/items/custom/mining_gold"
    },
    "mining_iron": {
      "textures": "textures/items/custom/mining_iron"
    },
    "mining_netherite": {
      "textures": "textures/items/custom/mining_netherite"
    },
    "mining_stone": {
      "textures": "textures/items/custom/mining_stone"
    },
    "mining_wooden": {
      "textures": "textures/items/custom/mining_wooden"
    },
    "new_badge": {
      "textures": "textures/items/custom/new_badge"
    },
    "survival_coal": {
      "textures": "textures/items/custom/survival_coal"
    },
    "survival_copper": {
      "textures": "textures/items/custom/survival_copper"
    },
    "survival_diamond": {
      "textures": "textures/items/custom/survival_diamond"
    },
    "survival_emerald": {
      "textures": "textures/items/custom/survival_emerald"
    },
    "survival_gold": {
      "textures": "textures/items/custom/survival_gold"
    },
    "survival_iron": {
      "textures": "textures/items/custom/survival_iron"
    },
    "survival_netherite": {
      "textures": "textures/items/custom/survival_netherite"
    },
    "survival_stone": {
      "textures": "textures/items/custom/survival_stone"
    },
    "survival_wooden": {
      "textures": "textures/items/custom/survival_wooden"
    },
    "unknown_badge": {
      "textures": "textures/items/custom/unknown_badge"
    },
    "wooden_chest": {
      "textures": "textures/items/custom/wooden_chest"
    },
    "wooden_chest_ready": {
      "textures": "textures/items/custom/wooden_chest_ready"
    },
    "wooden_chest_opened": {
      "textures": "textures/items/custom/wooden_chest_opened"
    },
    "wooden_chest_waiting": {
      "textures": "textures/items/custom/wooden_chest_waiting"
    },
    "caving_coal": {
      "textures": "textures/items/custom/caving_coal"
    },
    "caving_copper": {
      "textures": "textures/items/custom/caving_copper"
    },
    "caving_diamond": {
      "textures": "textures/items/custom/caving_diamond"
    },
    "caving_emerald": {
      "textures": "textures/items/custom/caving_emerald"
    },
    "caving_gold": {
      "textures": "textures/items/custom/caving_gold"
    },
    "caving_iron": {
      "textures": "textures/items/custom/caving_iron"
    },
    "caving_netherite": {
      "textures": "textures/items/custom/caving_netherite"
    },
    "caving_stone": {
      "textures": "textures/items/custom/caving_stone"
    },
    "caving_wooden": {
      "textures": "textures/items/custom/caving_wooden"
    },
    "quest_completed": {
      "textures": "textures/items/custom/quest_completed"
    },
    "quest_icon": {
      "textures": "textures/items/custom/quest_icon"
    },
    "quest_in_progress": {
      "textures": "textures/items/custom/quest_in_progress"
    },
    "quest_locked": {
      "textures": "textures/items/custom/quest_locked"
    },
    "private_messages": {
      "textures": "textures/items/custom/private_messages"
    },
    "private_messages_off": {
      "textures": "textures/items/custom/private_messages_off"
    },
    "sidebar": {
      "textures": "textures/items/custom/sidebar"
    },
    "sidebar_off": {
      "textures": "textures/items/custom/sidebar_off"
    },
    "tpa_requests": {
      "textures": "textures/items/custom/tpa_requests"
    },
    "tpa_requests_off": {
      "textures": "textures/items/custom/tpa_requests_off"
    },
    "auto_tool": {
      "textures": "textures/items/custom/auto_tool"
    },
    "auto_tool_off": {
      "textures": "textures/items/custom/auto_tool_off"
    },
    "auto_tp_accept": {
      "textures": "textures/items/custom/auto_tp_accept"
    },
    "auto_tp_accept_off": {
      "textures": "textures/items/custom/auto_tp_accept_off"
    },
    "bossbar": {
      "textures": "textures/items/custom/bossbar"
    },
    "bossbar_off": {
      "textures": "textures/items/custom/bossbar_off"
    },
    "bp_pickup": {
      "textures": "textures/items/custom/bp_pickup"
    },
    "bp_pickup_off": {
      "textures": "textures/items/custom/bp_pickup_off"
    },
    "lumberjack": {
      "textures": "textures/items/custom/lumberjack"
    },
    "lumberjack_off": {
      "textures": "textures/items/custom/lumberjack_off"
    },
    "website": {
      "textures": "textures/items/custom/website"
    },
    "wisdom": {
      "textures": "textures/items/custom/wisdom"
    },
    "adventure_pass_booster": {
      "textures": "textures/items/custom/adventure_pass_booster"
    },
    "adventure_pass_icon": {
      "textures": "textures/items/custom/adventure_pass_icon"
    },
    "adventure_pass_xp_icon": {
      "textures": "textures/items/custom/adventure_pass_xp_icon"
    },
    "afk": {
      "textures": "textures/items/custom/afk"
    },
    "boss_icon": {
      "textures": "textures/items/custom/boss_icon"
    },
    "clock": {
      "textures": "textures/items/custom/clock"
    },
    "compass": {
      "textures": "textures/items/custom/compass"
    },
    "compass_background": {
      "textures": "textures/items/custom/compass_background"
    },
    "home": {
      "textures": "textures/items/custom/home"
    },
    "lightning_icon": {
      "textures": "textures/items/custom/lightning_icon"
    },
    "luck": {
      "textures": "textures/items/custom/luck"
    },
    "luck_booster": {
      "textures": "textures/items/custom/luck_booster"
    },
    "protection_booster": {
      "textures": "textures/items/custom/protection_booster"
    },
    "1": {
      "textures": "textures/items/custom/1"
    },
    "10": {
      "textures": "textures/items/custom/10"
    },
    "32": {
      "textures": "textures/items/custom/32"
    },
    "64": {
      "textures": "textures/items/custom/64"
    },
    "100": {
      "textures": "textures/items/custom/100"
    },
    "bids_button": {
      "textures": "textures/items/custom/bids_button"
    },
    "refresh": {
      "textures": "textures/items/custom/refresh"
    },
    "enter_amount": {
      "textures": "textures/items/custom/enter_amount"
    },
    "close": {
      "textures": "textures/items/custom/close"
    },
    "categories": {
      "textures": "textures/items/custom/categories"
    },
    "browser_button": {
      "textures": "textures/items/custom/browser_button"
    },
    "crafter": {
      "textures": "textures/items/custom/crafter"
    },
    "builder": {
      "textures": "textures/items/custom/builder"
    },
    "explorer": {
      "textures": "textures/items/custom/explorer"
    },
    "chart_icon": {
      "textures": "textures/items/custom/chart_icon"
    },
    "forging": {
      "textures": "textures/items/custom/forging"
    },
    "healing": {
      "textures": "textures/items/custom/healing"
    },
    "health": {
      "textures": "textures/items/custom/health"
    },
    "level_claim": {
      "textures": "textures/items/custom/level_claim"
    },
    "level_locked": {
      "textures": "textures/items/custom/level_locked"
    },
    "level_progress": {
      "textures": "textures/items/custom/level_progress"
    },
    "level_unlocked": {
      "textures": "textures/items/custom/level_unlocked"
    },
    "mining": {
      "textures": "textures/items/custom/mining"
    },
    "regeneration": {
      "textures": "textures/items/custom/regeneration"
    },
    "sorcery": {
      "textures": "textures/items/custom/sorcery"
    },
    "stats": {
      "textures": "textures/items/custom/stats"
    },
    "strength": {
      "textures": "textures/items/custom/strength"
    },
    "toughness": {
      "textures": "textures/items/custom/toughness"
    },
    "xp_sources": {
      "textures": "textures/items/custom/xp_sources"
    },
    "abilities": {
      "textures": "textures/items/custom/abilities"
    },
    "agility": {
      "textures": "textures/items/custom/agility"
    },
    "alchemy": {
      "textures": "textures/items/custom/alchemy"
    },
    "archery": {
      "textures": "textures/items/custom/archery"
    },
    "defense": {
      "textures": "textures/items/custom/defense"
    },
    "enchanting": {
      "textures": "textures/items/custom/enchanting"
    },
    "endurance": {
      "textures": "textures/items/custom/endurance"
    },
    "excavation": {
      "textures": "textures/items/custom/excavation"
    },
    "farming": {
      "textures": "textures/items/custom/farming"
    },
    "fighting": {
      "textures": "textures/items/custom/fighting"
    },
    "fishing": {
      "textures": "textures/items/custom/fishing"
    },
    "foraging": {
      "textures": "textures/items/custom/foraging"
    },
    "filled": {
      "textures": "textures/items/custom/filled"
    },
    "gems_button": {
      "textures": "textures/items/custom/gems_button"
    },
    "progress_splitter_start": {
      "textures": "textures/minecraft/custom/dashboard/progress_splitter_start"
    },
    "progress_bar": {
      "textures": "textures/minecraft/custom/dashboard/progress_bar"
    },
    "progress_bar_start": {
      "textures": "textures/minecraft/custom/dashboard/progress_bar_start"
    },
    "progress_splitter": {
      "textures": "textures/minecraft/custom/dashboard/progress_splitter"
    },
    "progress_16": {
      "textures": "textures/minecraft/custom/dashboard/progress_16"
    },
    "progress_12": {
      "textures": "textures/minecraft/custom/dashboard/progress_12"
    },
    "enabled": {
      "textures": "textures/minecraft/custom/dashboard/enabled"
    },
    "middle": {
      "textures": "textures/minecraft/custom/dashboard/middle"
    },
    "edit_text": {
      "textures": "textures/minecraft/custom/dashboard/edit_text"
    },
    "start": {
      "textures": "textures/minecraft/custom/dashboard/start"
    },
    "stop": {
      "textures": "textures/minecraft/custom/dashboard/stop"
    },
    "disabled": {
      "textures": "textures/minecraft/custom/dashboard/disabled"
    },
    "progress_14": {
      "textures": "textures/minecraft/custom/dashboard/progress_14"
    },
    "minecraft_ftxkjh9ua66": {
      "textures": "textures/minecraft/custom/items/chitin_crossbow/chitin_crossbow_standby"
    },
    "minecraft_ft0on2lt356": {
      "textures": "textures/minecraft/custom/items/arachnite_shell"
    },
    "minecraft_fdjk6dig6fu": {
      "textures": "textures/minecraft/custom/items/broken_cobweb_parachute"
    },
    "minecraft_f9zq067qlbc": {
      "textures": "textures/minecraft/custom/items/broken_eight_eyed_mask"
    },
    "minecraft_fn58c84gyls": {
      "textures": "textures/minecraft/custom/items/broken_webwoven_cloak"
    },
    "minecraft_fsr3g3yn96d": {
      "textures": "textures/minecraft/custom/items/eight_eyed_mask"
    },
    "minecraft_fks91q2s03g": {
      "textures": "textures/minecraft/custom/items/fine_thread"
    },
    "minecraft_ftu2mvehb64": {
      "textures": "textures/minecraft/custom/items/silkscourge_arrow"
    },
    "minecraft_fadgp0ffl6p": {
      "textures": "textures/minecraft/custom/items/silkscourge_vial"
    },
    "minecraft_f0jd68dfdvk": {
      "textures": "textures/minecraft/custom/items/venomous_fang_dagger"
    },
    "minecraft_fo27ai83h76": {
      "textures": "textures/minecraft/custom/items/webwoven_cloak"
    },
    "minecraft_fcpjhrwc7xw": {
      "textures": "textures/minecraft/custom/decoration/skeleton_sit"
    },
    "minecraft_fzsb2l0rrby": {
      "textures": "textures/minecraft/custom/decoration/skeleton_lay"
    },
    "minecraft_foappu701vt": {
      "textures": "textures/minecraft/custom/decoration/skeleton_sit_golden_skull"
    },
    "minecraft_f7cukmb7c7t": {
      "textures": "textures/minecraft/custom/decoration/skeleton_sit_note"
    },
    "minecraft_fyot91j98lo": {
      "textures": "textures/minecraft/custom/items/cobweb_parachute"
    },
    "minecraft_fvogrnok6nd": {
      "textures": "textures/minecraft/custom/devices/artifacts_workshop"
    },
    "minecraft_fny60b2z0tk": {
      "textures": "textures/minecraft/custom/items/unidentified_armor"
    },
    "minecraft_fxx9ptq5nco": {
      "textures": "textures/minecraft/custom/items/unidentified_weapon"
    },
    "minecraft_fwp20pdi4s7": {
      "textures": "textures/minecraft/custom/items/unidentified_artifact"
    },
    "minecraft_f6y9f3zkjjd": {
      "textures": "textures/minecraft/custom/items/forge_schematic"
    },
    "shark_meat": {
      "textures": "textures/minecraft/custom/food/shark_meat"
    },
    "crab_meat": {
      "textures": "textures/minecraft/custom/food/crab_meat"
    },
    "cooked_shark_meat": {
      "textures": "textures/minecraft/custom/food/cooked_shark_meat"
    },
    "cooked_crab_meat": {
      "textures": "textures/minecraft/custom/food/cooked_crab_meat"
    },
    "crab_stew": {
      "textures": "textures/minecraft/custom/food/crab_stew"
    },
    "captain_broth": {
      "textures": "textures/minecraft/custom/food/captain_broth"
    },
    "crab_claw": {
      "textures": "textures/minecraft/custom/food/crab_claw"
    },
    "beaver_tail": {
      "textures": "textures/minecraft/custom/food/beaver_tail"
    },
    "crab_scissors": {
      "textures": "textures/minecraft/custom/food/crab_scissors"
    },
    "beaver_hat": {
      "textures": "textures/minecraft/custom/food/beaver_hat"
    },
    "grappling_hook": {
      "textures": "textures/items/custom/grappling_hook/crossbow_standby"
    },
    "gmdl_df4984f": {
      "textures": "textures/beaver_hat"
      }
  }
}