{"format_version": "1.19.0", "minecraft:geometry": [{"description": {"identifier": "geometry.furnace.minecraft_fqnrfav97rg", "texture_width": 64, "texture_height": 64, "visible_bounds_width": 5, "visible_bounds_height": 5, "visible_bounds_offset": [0, 0.75, 0]}, "bones": [{"name": "furnacemodel", "pivot": [0, 8, 0], "binding": "c.item_slot == 'head' ? 'head' : q.item_slot_to_bone_name(c.item_slot)"}, {"name": "furnacemodel_x", "parent": "furnacemodel", "pivot": [0, 8, 0]}, {"name": "furnacemodel_y", "parent": "furnacemodel_x", "pivot": [0, 8, 0]}, {"name": "furnacemodel_z", "parent": "furnacemodel_y", "pivot": [0, 8, 0], "cubes": [{"rotation": [0, -45, 0], "size": [0.0, 16.0, 17.0], "origin": [0, 0, -8.5], "pivot": [0, 8, 0], "uv": {"east": {"uv": [0.0, 0.0], "uv_size": [17.0, 16.0]}, "west": {"uv": [0.0, 16.0], "uv_size": [17.0, 16.0]}}}, {"rotation": [0, 45, 0], "size": [0.0, 16.0, 17.0], "origin": [0, 0, -8.5], "pivot": [0, 8, 0], "uv": {"east": {"uv": [17.0, 0.0], "uv_size": [17.0, 16.0]}, "west": {"uv": [17.0, 16.0], "uv_size": [17.0, 16.0]}}}, {"rotation": [0, 0, 0], "size": [3.0, 3.0, 3.0], "origin": [-5, 8, -6], "pivot": [-3, 8, -6], "uv": {"north": {"uv": [34.0, 15.0], "uv_size": [3.0, 3.0]}, "east": {"uv": [34.0, 18.0], "uv_size": [3.0, 3.0]}, "south": {"uv": [34.0, 21.0], "uv_size": [3.0, 3.0]}, "west": {"uv": [34.0, 24.0], "uv_size": [3.0, 3.0]}, "up": {"uv": [34.0, 27.0], "uv_size": [3.0, 3.0]}, "down": {"uv": [35.0, 33.0], "uv_size": [3.0, -3.0]}}}, {"rotation": [22.5, 0, 0], "size": [1.6000000000000014, 2.0, 2.0], "origin": [-4.300000000000001, 5.15224, -7.26537], "pivot": [-3.5, 6.15224, -6.76537], "uv": {"north": {"uv": [22.0, 40.0], "uv_size": [2.0, 2.0]}, "east": {"uv": [24.0, 40.0], "uv_size": [2.0, 2.0]}, "south": {"uv": [40.0, 24.0], "uv_size": [2.0, 2.0]}, "west": {"uv": [26.0, 40.0], "uv_size": [2.0, 2.0]}, "up": {"uv": [40.0, 26.0], "uv_size": [2.0, 2.0]}, "down": {"uv": [28.0, 42.0], "uv_size": [2.0, -2.0]}}}, {"rotation": [22.5, 0, 0], "size": [0.0, 5.000000000000001, 5.0], "origin": [-3.8000000000000007, 5.15224, -10.26537], "pivot": [-3, 6.15224, -6.76537], "uv": {"north": {"uv": [0.0, 0.0], "uv_size": [0.0, 5.0]}, "east": {"uv": [0.0, 32.0], "uv_size": [5.0, 5.0]}, "south": {"uv": [0.0, 0.0], "uv_size": [0.0, 5.0]}, "west": {"uv": [5.0, 32.0], "uv_size": [5.0, 5.0]}, "up": {"uv": [0.0, 0.0], "uv_size": [0.0, 5.0]}, "down": {"uv": [0.0, 5.0], "uv_size": [0.0, -5.0]}}}, {"rotation": [22.5, 0, 0], "size": [0.0, 5.0, 5.0], "origin": [0.40000000000000036, 0.15224, -8.26537], "pivot": [1.2000000000000002, 1.15224, -4.76537], "uv": {"north": {"uv": [0.0, 0.0], "uv_size": [0.0, 5.0]}, "east": {"uv": [10.0, 32.0], "uv_size": [5.0, 5.0]}, "south": {"uv": [0.0, 0.0], "uv_size": [0.0, 5.0]}, "west": {"uv": [15.0, 32.0], "uv_size": [5.0, 5.0]}, "up": {"uv": [0.0, 0.0], "uv_size": [0.0, 5.0]}, "down": {"uv": [0.0, 5.0], "uv_size": [0.0, -5.0]}}}, {"rotation": [-22.5, 0, 0], "size": [0.0, 5.0, 5.0], "origin": [-2.5, 0.15224, 4.265370000000001], "pivot": [-1.6999999999999993, 1.15224, 5.765370000000001], "uv": {"north": {"uv": [0.0, 0.0], "uv_size": [0.0, 5.0]}, "east": {"uv": [20.0, 32.0], "uv_size": [5.0, 5.0]}, "south": {"uv": [0.0, 0.0], "uv_size": [0.0, 5.0]}, "west": {"uv": [25.0, 32.0], "uv_size": [5.0, 5.0]}, "up": {"uv": [0.0, 0.0], "uv_size": [0.0, 5.0]}, "down": {"uv": [0.0, 5.0], "uv_size": [0.0, -5.0]}}}, {"rotation": [-22.5, 0, 0], "size": [0.0, 5.0, 5.0], "origin": [4.5, 2.15224, 5.265370000000001], "pivot": [5.3, 3.15224, 6.765370000000001], "uv": {"north": {"uv": [0.0, 0.0], "uv_size": [0.0, 5.0]}, "east": {"uv": [30.0, 32.0], "uv_size": [5.0, 5.0]}, "south": {"uv": [0.0, 0.0], "uv_size": [0.0, 5.0]}, "west": {"uv": [34.0, 0.0], "uv_size": [5.0, 5.0]}, "up": {"uv": [0.0, 0.0], "uv_size": [0.0, 5.0]}, "down": {"uv": [0.0, 5.0], "uv_size": [0.0, -5.0]}}}, {"rotation": [-22.5, 0, 0], "size": [2.0, 3.0, 2.0], "origin": [-4.5, 6, -6], "pivot": [-3.5, 7.5, -5], "uv": {"north": {"uv": [33.0, 37.0], "uv_size": [2.0, 3.0]}, "east": {"uv": [39.0, 9.0], "uv_size": [2.0, 3.0]}, "south": {"uv": [39.0, 12.0], "uv_size": [2.0, 3.0]}, "west": {"uv": [35.0, 39.0], "uv_size": [2.0, 3.0]}, "up": {"uv": [40.0, 28.0], "uv_size": [2.0, 2.0]}, "down": {"uv": [30.0, 42.0], "uv_size": [2.0, -2.0]}}}, {"rotation": [0, 0, 0], "size": [3.0, 3.0, 3.0], "origin": [-1, 3, -4], "pivot": [1, 3, -4], "uv": {"north": {"uv": [35.0, 33.0], "uv_size": [3.0, 3.0]}, "east": {"uv": [35.0, 36.0], "uv_size": [3.0, 3.0]}, "south": {"uv": [0.0, 37.0], "uv_size": [3.0, 3.0]}, "west": {"uv": [3.0, 37.0], "uv_size": [3.0, 3.0]}, "up": {"uv": [6.0, 37.0], "uv_size": [3.0, 3.0]}, "down": {"uv": [9.0, 40.0], "uv_size": [3.0, -3.0]}}}, {"rotation": [22.5, 0, 0], "size": [1.6000000000000005, 2.0, 2.0], "origin": [-0.3000000000000007, 0.15224, -5.26537], "pivot": [0.5, 1.15224, -4.76537], "uv": {"north": {"uv": [32.0, 40.0], "uv_size": [2.0, 2.0]}, "east": {"uv": [41.0, 9.0], "uv_size": [2.0, 2.0]}, "south": {"uv": [41.0, 11.0], "uv_size": [2.0, 2.0]}, "west": {"uv": [41.0, 13.0], "uv_size": [2.0, 2.0]}, "up": {"uv": [41.0, 30.0], "uv_size": [2.0, 2.0]}, "down": {"uv": [41.0, 34.0], "uv_size": [2.0, -2.0]}}}, {"rotation": [-22.5, 0, 0], "size": [2.0, 3.0, 2.0], "origin": [-0.5, 1, -4], "pivot": [0.5, 2.5, -3], "uv": {"north": {"uv": [37.0, 39.0], "uv_size": [2.0, 3.0]}, "east": {"uv": [39.0, 39.0], "uv_size": [2.0, 3.0]}, "south": {"uv": [0.0, 40.0], "uv_size": [2.0, 3.0]}, "west": {"uv": [2.0, 40.0], "uv_size": [2.0, 3.0]}, "up": {"uv": [41.0, 34.0], "uv_size": [2.0, 2.0]}, "down": {"uv": [41.0, 38.0], "uv_size": [2.0, -2.0]}}}, {"rotation": [0, 0, 0], "size": [3.0, 3.0, 3.0], "origin": [3, 5, 3], "pivot": [5, 5, 6], "uv": {"north": {"uv": [12.0, 37.0], "uv_size": [3.0, 3.0]}, "east": {"uv": [15.0, 37.0], "uv_size": [3.0, 3.0]}, "south": {"uv": [37.0, 15.0], "uv_size": [3.0, 3.0]}, "west": {"uv": [18.0, 37.0], "uv_size": [3.0, 3.0]}, "up": {"uv": [37.0, 18.0], "uv_size": [3.0, 3.0]}, "down": {"uv": [21.0, 40.0], "uv_size": [3.0, -3.0]}}}, {"rotation": [-22.5, 0, 0], "size": [0.0, 5.0, 5.0], "origin": [0.5, 9.15224, 3.2653700000000008], "pivot": [1.2999999999999998, 10.15224, 4.765370000000001], "uv": {"north": {"uv": [0.0, 0.0], "uv_size": [0.0, 5.0]}, "east": {"uv": [34.0, 5.0], "uv_size": [5.0, 5.0]}, "south": {"uv": [0.0, 0.0], "uv_size": [0.0, 5.0]}, "west": {"uv": [34.0, 10.0], "uv_size": [5.0, 5.0]}, "up": {"uv": [0.0, 0.0], "uv_size": [0.0, 5.0]}, "down": {"uv": [0.0, 5.0], "uv_size": [0.0, -5.0]}}}, {"rotation": [-22.5, 0, 0], "size": [1.6000000000000005, 2.0, 2.0], "origin": [-0.3000000000000007, 9.15224, 3.2653700000000008], "pivot": [0.5, 10.15224, 4.765370000000001], "uv": {"north": {"uv": [41.0, 38.0], "uv_size": [2.0, 2.0]}, "east": {"uv": [41.0, 40.0], "uv_size": [2.0, 2.0]}, "south": {"uv": [42.0, 0.0], "uv_size": [2.0, 2.0]}, "west": {"uv": [42.0, 2.0], "uv_size": [2.0, 2.0]}, "up": {"uv": [42.0, 4.0], "uv_size": [2.0, 2.0]}, "down": {"uv": [42.0, 8.0], "uv_size": [2.0, -2.0]}}}, {"rotation": [22.5, 0, 0], "size": [2.0, 3.0, 2.0], "origin": [-0.5, 10, 2], "pivot": [0.5, 11.5, 3], "uv": {"north": {"uv": [4.0, 40.0], "uv_size": [2.0, 3.0]}, "east": {"uv": [6.0, 40.0], "uv_size": [2.0, 3.0]}, "south": {"uv": [8.0, 40.0], "uv_size": [2.0, 3.0]}, "west": {"uv": [10.0, 40.0], "uv_size": [2.0, 3.0]}, "up": {"uv": [42.0, 15.0], "uv_size": [2.0, 2.0]}, "down": {"uv": [42.0, 19.0], "uv_size": [2.0, -2.0]}}}, {"rotation": [0, 0, 0], "size": [3.0, 3.0, 3.0], "origin": [-1, 12, 1], "pivot": [1, 12, 4], "uv": {"north": {"uv": [37.0, 21.0], "uv_size": [3.0, 3.0]}, "east": {"uv": [24.0, 37.0], "uv_size": [3.0, 3.0]}, "south": {"uv": [37.0, 24.0], "uv_size": [3.0, 3.0]}, "west": {"uv": [27.0, 37.0], "uv_size": [3.0, 3.0]}, "up": {"uv": [37.0, 27.0], "uv_size": [3.0, 3.0]}, "down": {"uv": [30.0, 40.0], "uv_size": [3.0, -3.0]}}}, {"rotation": [-22.5, 0, 0], "size": [1.5999999999999996, 2.0, 2.0], "origin": [3.7, 2.15224, 5.265370000000001], "pivot": [4.5, 3.15224, 6.765370000000001], "uv": {"north": {"uv": [42.0, 19.0], "uv_size": [2.0, 2.0]}, "east": {"uv": [42.0, 21.0], "uv_size": [2.0, 2.0]}, "south": {"uv": [22.0, 42.0], "uv_size": [2.0, 2.0]}, "west": {"uv": [42.0, 23.0], "uv_size": [2.0, 2.0]}, "up": {"uv": [24.0, 42.0], "uv_size": [2.0, 2.0]}, "down": {"uv": [42.0, 27.0], "uv_size": [2.0, -2.0]}}}, {"rotation": [22.5, 0, 0], "size": [2.0, 3.0, 2.0], "origin": [3.5, 3, 4], "pivot": [4.5, 4.5, 5], "uv": {"north": {"uv": [12.0, 40.0], "uv_size": [2.0, 3.0]}, "east": {"uv": [14.0, 40.0], "uv_size": [2.0, 3.0]}, "south": {"uv": [40.0, 15.0], "uv_size": [2.0, 3.0]}, "west": {"uv": [16.0, 40.0], "uv_size": [2.0, 3.0]}, "up": {"uv": [26.0, 42.0], "uv_size": [2.0, 2.0]}, "down": {"uv": [42.0, 29.0], "uv_size": [2.0, -2.0]}}}, {"rotation": [0, 0, 0], "size": [3.0, 3.0, 3.0], "origin": [-4, 3, 2], "pivot": [-2, 3, 5], "uv": {"north": {"uv": [38.0, 30.0], "uv_size": [3.0, 3.0]}, "east": {"uv": [38.0, 33.0], "uv_size": [3.0, 3.0]}, "south": {"uv": [38.0, 36.0], "uv_size": [3.0, 3.0]}, "west": {"uv": [39.0, 0.0], "uv_size": [3.0, 3.0]}, "up": {"uv": [39.0, 3.0], "uv_size": [3.0, 3.0]}, "down": {"uv": [39.0, 9.0], "uv_size": [3.0, -3.0]}}}, {"rotation": [-22.5, 0, 0], "size": [1.6000000000000014, 2.0, 2.0], "origin": [-3.3000000000000007, 0.15224, 4.265370000000001], "pivot": [-2.5, 1.15224, 5.765370000000001], "uv": {"north": {"uv": [28.0, 42.0], "uv_size": [2.0, 2.0]}, "east": {"uv": [30.0, 42.0], "uv_size": [2.0, 2.0]}, "south": {"uv": [32.0, 42.0], "uv_size": [2.0, 2.0]}, "west": {"uv": [34.0, 42.0], "uv_size": [2.0, 2.0]}, "up": {"uv": [36.0, 42.0], "uv_size": [2.0, 2.0]}, "down": {"uv": [38.0, 44.0], "uv_size": [2.0, -2.0]}}}, {"rotation": [22.5, 0, 0], "size": [2.0, 3.0, 2.0], "origin": [-3.5, 1, 3], "pivot": [-2.5, 2.5, 4], "uv": {"north": {"uv": [18.0, 40.0], "uv_size": [2.0, 3.0]}, "east": {"uv": [40.0, 18.0], "uv_size": [2.0, 3.0]}, "south": {"uv": [20.0, 40.0], "uv_size": [2.0, 3.0]}, "west": {"uv": [40.0, 21.0], "uv_size": [2.0, 3.0]}, "up": {"uv": [40.0, 42.0], "uv_size": [2.0, 2.0]}, "down": {"uv": [42.0, 44.0], "uv_size": [2.0, -2.0]}}}]}]}]}