{"format_version": "1.19.0", "minecraft:geometry": [{"description": {"identifier": "geometry.furnace.minecraft_fbp5v3dd7dr", "texture_width": 64, "texture_height": 64, "visible_bounds_width": 5, "visible_bounds_height": 5, "visible_bounds_offset": [0, 0.75, 0]}, "bones": [{"name": "furnacemodel", "pivot": [0, 8, 0], "binding": "c.item_slot == 'head' ? 'head' : q.item_slot_to_bone_name(c.item_slot)"}, {"name": "furnacemodel_x", "parent": "furnacemodel", "pivot": [0, 8, 0]}, {"name": "furnacemodel_y", "parent": "furnacemodel_x", "pivot": [0, 8, 0]}, {"name": "furnacemodel_z", "parent": "furnacemodel_y", "pivot": [0, 8, 0], "cubes": [{"rotation": [0, -45, 0], "size": [0.0, 16.0, 17.0], "origin": [0, 0, -8.5], "pivot": [0, 8, 0], "uv": {"east": {"uv": [0.0, 0.0], "uv_size": [17.0, 16.0]}, "west": {"uv": [0.0, 16.0], "uv_size": [17.0, 16.0]}}}, {"rotation": [0, 45, 0], "size": [0.0, 16.0, 17.0], "origin": [0, 0, -8.5], "pivot": [0, 8, 0], "uv": {"east": {"uv": [17.0, 0.0], "uv_size": [17.0, 16.0]}, "west": {"uv": [17.0, 16.0], "uv_size": [17.0, 16.0]}}}, {"rotation": [0, 0, 0], "size": [3.0, 3.0, 3.0], "origin": [-5, 8, -6], "pivot": [-3, 8, -6], "uv": {"north": {"uv": [0.0, 32.0], "uv_size": [3.0, 3.0]}, "east": {"uv": [3.0, 32.0], "uv_size": [3.0, 3.0]}, "south": {"uv": [6.0, 32.0], "uv_size": [3.0, 3.0]}, "west": {"uv": [9.0, 32.0], "uv_size": [3.0, 3.0]}, "up": {"uv": [12.0, 32.0], "uv_size": [3.0, 3.0]}, "down": {"uv": [15.0, 35.0], "uv_size": [3.0, -3.0]}}}, {"rotation": [22.5, 0, 0], "size": [1.6000000000000014, 2.0, 2.0], "origin": [-4.300000000000001, 5.15224, -7.26537], "pivot": [-3.5, 6.15224, -6.76537], "uv": {"north": {"uv": [34.0, 28.0], "uv_size": [2.0, 2.0]}, "east": {"uv": [34.0, 30.0], "uv_size": [2.0, 2.0]}, "south": {"uv": [0.0, 35.0], "uv_size": [2.0, 2.0]}, "west": {"uv": [2.0, 35.0], "uv_size": [2.0, 2.0]}, "up": {"uv": [4.0, 35.0], "uv_size": [2.0, 2.0]}, "down": {"uv": [6.0, 37.0], "uv_size": [2.0, -2.0]}}}, {"rotation": [-22.5, 0, 0], "size": [2.0, 3.0, 2.0], "origin": [-4.5, 6, -6], "pivot": [-3.5, 7.5, -5], "uv": {"north": {"uv": [34.0, 0.0], "uv_size": [2.0, 3.0]}, "east": {"uv": [34.0, 3.0], "uv_size": [2.0, 3.0]}, "south": {"uv": [34.0, 6.0], "uv_size": [2.0, 3.0]}, "west": {"uv": [34.0, 9.0], "uv_size": [2.0, 3.0]}, "up": {"uv": [34.0, 24.0], "uv_size": [2.0, 2.0]}, "down": {"uv": [34.0, 28.0], "uv_size": [2.0, -2.0]}}}, {"rotation": [0, 0, 0], "size": [3.0, 3.0, 3.0], "origin": [3, 5, 3], "pivot": [5, 5, 6], "uv": {"north": {"uv": [18.0, 32.0], "uv_size": [3.0, 3.0]}, "east": {"uv": [21.0, 32.0], "uv_size": [3.0, 3.0]}, "south": {"uv": [24.0, 32.0], "uv_size": [3.0, 3.0]}, "west": {"uv": [27.0, 32.0], "uv_size": [3.0, 3.0]}, "up": {"uv": [30.0, 32.0], "uv_size": [3.0, 3.0]}, "down": {"uv": [33.0, 35.0], "uv_size": [3.0, -3.0]}}}, {"rotation": [-22.5, 0, 0], "size": [1.5999999999999996, 2.0, 2.0], "origin": [3.7, 2.15224, 5.265370000000001], "pivot": [4.5, 3.15224, 6.765370000000001], "uv": {"north": {"uv": [8.0, 35.0], "uv_size": [2.0, 2.0]}, "east": {"uv": [10.0, 35.0], "uv_size": [2.0, 2.0]}, "south": {"uv": [12.0, 35.0], "uv_size": [2.0, 2.0]}, "west": {"uv": [14.0, 35.0], "uv_size": [2.0, 2.0]}, "up": {"uv": [16.0, 35.0], "uv_size": [2.0, 2.0]}, "down": {"uv": [18.0, 37.0], "uv_size": [2.0, -2.0]}}}, {"rotation": [22.5, 0, 0], "size": [2.0, 3.0, 2.0], "origin": [3.5, 3, 4], "pivot": [4.5, 4.5, 5], "uv": {"north": {"uv": [34.0, 12.0], "uv_size": [2.0, 3.0]}, "east": {"uv": [34.0, 15.0], "uv_size": [2.0, 3.0]}, "south": {"uv": [34.0, 18.0], "uv_size": [2.0, 3.0]}, "west": {"uv": [34.0, 21.0], "uv_size": [2.0, 3.0]}, "up": {"uv": [20.0, 35.0], "uv_size": [2.0, 2.0]}, "down": {"uv": [22.0, 37.0], "uv_size": [2.0, -2.0]}}}]}]}]}