{"format_version":"1.8.0","animations":{"animation.geyser_custom.geo_540849e.thirdperson_main_hand":{"loop":true,"bones":{"geyser_custom_x":{"rotation":[-75,0,0],"position":[-0,2.5,2.75],"scale":[0.375,0.375,0.375]},"geyser_custom_y":{"rotation":[0,-45,0]},"geyser_custom_z":{"rotation":[0,0,0]},"geyser_custom":{"rotation":[90,0,0],"position":[0,13,-3]}}},"animation.geyser_custom.geo_540849e.thirdperson_off_hand":{"loop":true,"bones":{"geyser_custom_x":{"rotation":[-75,0,0],"position":[0,2.5,2.75],"scale":[0.375,0.375,0.375]},"geyser_custom_y":{"rotation":[0,-45,0]},"geyser_custom_z":{"rotation":[0,0,0]},"geyser_custom":{"rotation":[90,0,0],"position":[0,13,-3]}}},"animation.geyser_custom.geo_540849e.head":{"loop":true,"bones":{"geyser_custom_x":{"position":[-0,8.75,0],"scale":[0.9375,0.9375,0.9375]},"geyser_custom":{"position":[0,19.9,0]}}},"animation.geyser_custom.geo_540849e.firstperson_main_hand":{"loop":true,"bones":{"geyser_custom":{"rotation":[90,60,-40],"position":[4,10,4],"scale":1.5},"geyser_custom_x":{"position":[-0,5.75,-0],"rotation":[-0,0,0],"scale":[0.6,0.6,0.6]},"geyser_custom_y":{"rotation":[0,-45,0]},"geyser_custom_z":{"rotation":[0,0,0]}}},"animation.geyser_custom.geo_540849e.firstperson_off_hand":{"loop":true,"bones":{"geyser_custom":{"rotation":[90,60,-40],"position":[4,10,4],"scale":1.5},"geyser_custom_x":{"position":[0,5.75,-0],"rotation":[-0,0,0],"scale":[0.6,0.6,0.6]},"geyser_custom_y":{"rotation":[0,-45,0]},"geyser_custom_z":{"rotation":[0,0,0]}}}}}
