{"format_version": "1.8.0", "animations": {"animation.furnace.minecraft_f0jd68dfdvk.thirdperson_main_hand": {"loop": true, "bones": {"furnacemodel": {"rotation": [90, 0, 0], "position": [0, 13, -3]}, "furnacemodel_x": {"rotation": [0, 0, 0], "position": [0.0, 4.0, 0.5], "scale": [0.85, 0.85, 0.85]}, "furnacemodel_y": {"rotation": [0, 90, 0]}, "furnacemodel_z": {"rotation": [0, 0, 55]}}}, "animation.furnace.minecraft_f0jd68dfdvk.thirdperson_off_hand": {"loop": true, "bones": {"furnacemodel": {"rotation": [90, 0, 0], "position": [0, 13, -3]}, "furnacemodel_x": {"rotation": [0, 0, 0], "position": [0.0, 4.0, 0.5], "scale": [0.85, 0.85, 0.85]}, "furnacemodel_y": {"rotation": [0, 90, 0]}, "furnacemodel_z": {"rotation": [0, 0, 55]}}}, "animation.furnace.minecraft_f0jd68dfdvk.head": {"loop": true, "bones": {"furnacemodel": {"position": [0, 19.9, 0]}, "furnacemodel_x": {"rotation": [0, 0, 0], "position": [0.0, 8.125, 4.375], "scale": [0.625, 0.625, 0.625]}, "furnacemodel_y": {"rotation": [0, -180, 0]}, "furnacemodel_z": {"rotation": [0, 0, 0]}}}, "animation.furnace.minecraft_f0jd68dfdvk.firstperson_main_hand": {"loop": true, "bones": {"furnacemodel": {"rotation": [90, 60, -40], "position": [4, 10, 4], "scale": 1.5}, "furnacemodel_x": {"rotation": [0, 0, 0], "position": [-1.13, 3.2, 1.13], "scale": [0.68, 0.68, 0.68]}, "furnacemodel_y": {"rotation": [0, 90, 0]}, "furnacemodel_z": {"rotation": [0, 0, 25]}}}, "animation.furnace.minecraft_f0jd68dfdvk.firstperson_off_hand": {"loop": true, "bones": {"furnacemodel": {"rotation": [0, 180, 0], "position": [-16, 24, 14], "scale": 0.8}, "furnacemodel_x": {"rotation": [0, 0, 0], "position": [1.13, 3.2, 1.13], "scale": [0.68, 0.68, 0.68]}, "furnacemodel_y": {"rotation": [0, 90, 0]}, "furnacemodel_z": {"rotation": [0, 0, 25]}}}}}