{
    "namespace":"chest",
    "custom_dialog_background@common.dialog_background_common":{
       "texture":"textures/dialog_background"
    },
    "gui_image_small":{
       "type":"image",
       "size":[
          256,
          256
       ],
       "offset":[
          0,
          "-4px-19px"
       ],
       "anchor_from":"bottom_left",
       "anchor_to":"top_left",
       "alpha":2,
       "layer":5,
       "visible":"($ctitle / $unicode)"
    },
    "gui_image_large@gui_image_small":{
       "offset":[
          0,
          "-3px-19px"
       ]
    },
    "small_chest_grid":{
       "$size":[
          162,
          54
       ],
       "$grid_dimensions":[
          9,
          3
       ],
       "variables":[
          {
             "requires":"$2row_chest_guis",
             "$grid_dimensions":[
                9,
                2
             ],
             "$size":[
                162,
                36
             ]
          },
          {
             "requires":"$1row_chest_guis",
             "$grid_dimensions":[
                9,
                1
             ],
             "$size":[
                162,
                18
             ]
          }
       ],
       "size":"$size",
       "grid_dimensions":"$grid_dimensions"
    },
    "large_chest_grid":{
       "$size":[
          162,
          108
       ],
       "$grid_dimensions":[
          9,
          6
       ],
       "variables":[
          {
             "requires":"$5row_chest_guis",
             "$grid_dimensions":[
                9,
                5
             ],
             "$size":[
                162,
                90
             ]
          },
          {
             "requires":"$4row_chest_guis",
             "$grid_dimensions":[
                9,
                4
             ],
             "$size":[
                162,
                72
             ]
          }
       ],
       "size":"$size",
       "grid_dimensions":"$grid_dimensions"
    },
    "small_chest_panel":{
       "$ctitle":"$container_title"
    },
    "small_chest_panel/root_panel":{
       "size":"$size",
       "$size":[
          176,
          166
       ],
       "$custom_guis|default":false,
       "modifications":[
          {
             "array_name":"variables",
             "operation":"insert_front",
             "value":[
                {
                   "requires":"$3row_chest_guis",
                   "$size":[
                      176,
                      169
                   ],
                   "$custom_guis":true
                },
                {
                   "requires":"$2row_chest_guis",
                   "$size":[
                      176,
                      151
                   ],
                   "$custom_guis":true
                },
                {
                   "requires":"$1row_chest_guis",
                   "$size":[
                      176,
                      133
                   ],
                   "$custom_guis":true
                }
             ]
          }
       ]
    },
    "small_chest_panel/root_panel/chest_panel/inventory_panel_bottom_half_with_label":{
       "offset":"$offset",
       "$offset":[
          0,
          0
       ],
       "modifications":[
          {
             "array_name":"variables",
             "operation":"insert_front",
             "value":[
                {
                   "requires":"$custom_guis",
                   "$offset":[
                      0,
                      -1
                   ]
                }
             ]
          }
       ]
    },
    "small_chest_panel_top_half":{
       "modifications":[
          {
             "array_name":"controls",
             "operation":"insert_front",
             "value":[
                {
                   "small_chest_guis@chest.small_chest_guis":{
                      
                   }
                }
             ]
          }
       ]
    },
    "small_chest_guis":{
       "type":"panel",
       "anchor_from":"top_left",
       "anchor_to":"top_left",
       "size":[
          "100%",
          9
       ],
       "layer":2,
       "controls":[
          {
             "menu_stats@chest.gui_image_small":{
                "texture":"textures/guis/skills/menu_stats",
                "$unicode":"$unicode_menu_stats"
             }
          },
          {
             "menu_adventure_crate@chest.gui_image_small":{
                "texture":"textures/guis/crates/menu_adventure_crate",
                "$unicode":"$unicode_menu_adventure_crate"
             }
          },
          {
             "menu_hero_crate@chest.gui_image_small":{
                "texture":"textures/guis/crates/menu_hero_crate",
                "$unicode":"$unicode_menu_hero_crate"
             }
          },
          {
             "menu_legendary_crate@chest.gui_image_small":{
                "texture":"textures/guis/crates/menu_legendary_crate",
                "$unicode":"$unicode_menu_legendary_crate"
             }
          },
          {
             "confirm_purchase_auction@chest.gui_image_small":{
                "texture":"textures/guis/auctions/confirm_purchase",
                "$unicode":"$unicode_confirm_purchase_auction"
             }
          },
          {
             "start_auction@chest.gui_image_small":{
                "texture":"textures/guis/auctions/start_auction",
                "$unicode":"$unicode_start_auction"
             }
          },
          {
             "bidding@chest.gui_image_small":{
                "texture":"textures/guis/auctions/bidding",
                "$unicode":"$unicode_bidding"
             }
          },
          {
             "accesories@chest.gui_image_small":{
                "texture":"textures/guis/accesories/menu",
                "$unicode":"$unicode_accesories"
             }
          }
       ]
    },
    "small_chest_panel/root_panel/common_panel":{
       "offset":"$offset",
       "$offset":[
          0,
          0
       ],
       "modifications":[
          {
             "array_name":"variables",
             "operation":"insert_front",
             "value":[
                {
                   "requires":"$custom_guis",
                   "$dialog_background":"chest.custom_dialog_background",
                   "$close_button_layer":15,
                   "$close_button_offset":[
                      -2,
                      5
                   ]
                },
                {
                   "requires":"$compact_close_guis",
                   "$use_compact_close_button":true
                },
                {
                   "requires":"$close_size2_guis",
                   "$close_button_size":[
                      21,
                      17
                   ],
                   "$close_button_panel_size":[
                      15,
                      11
                   ],
                   "$close_button_offset":[
                      0,
                      5
                   ]
                }
             ]
          }
       ]
    },
    "large_chest_panel":{
       "$ctitle":"$container_title"
    },
    "large_chest_panel/root_panel":{
       "size":"$size",
       "$size":[
          176,
          220
       ],
       "$custom_guis|default":false,
       "modifications":[
          {
             "array_name":"variables",
             "operation":"insert_front",
             "value":[
                {
                   "requires":"$6row_chest_guis",
                   "$size":[
                      176,
                      223
                   ],
                   "$custom_guis":true
                },
                {
                   "requires":"$5row_chest_guis",
                   "$size":[
                      176,
                      205
                   ],
                   "$custom_guis":true
                },
                {
                   "requires":"$4row_chest_guis",
                   "$size":[
                      176,
                      187
                   ],
                   "$custom_guis":true
                }
             ]
          }
       ]
    },
    "large_chest_panel/root_panel/chest_panel/inventory_panel_bottom_half_with_label":{
       "offset":"$offset",
       "$offset":[
          0,
          0
       ],
       "modifications":[
          {
             "array_name":"variables",
             "operation":"insert_front",
             "value":[
                {
                   "requires":"$custom_guis",
                   "$offset":[
                      0,
                      -1
                   ]
                }
             ]
          }
       ]
    },
    "large_chest_panel_top_half":{
       "modifications":[
          {
             "array_name":"controls",
             "operation":"insert_front",
             "value":[
                {
                   "large_chest_guis@chest.large_chest_guis":{
                      
                   }
                }
             ]
          }
       ]
    },
    "large_chest_guis@small_chest_guis":{
       "controls":[
          {
             "menu_main@chest.gui_image_large":{
                "texture":"textures/guis/menu_main",
                "$unicode":"$unicode_menu_main"
             }
          },
          {
             "auctions_browse@chest.gui_image_large":{
                "texture":"textures/guis/auctions/auctions_browse",
                "$unicode":"$unicode_auctions_browse"
             }
          },
          {
             "my_auctions@chest.gui_image_large":{
                "texture":"textures/guis/auctions/my_auctions",
                "$unicode":"$unicode_my_auctions"
             }
          },
          {
             "expired_auctions@chest.gui_image_large":{
                "texture":"textures/guis/auctions/expired_auctions",
                "$unicode":"$unicode_expired_auctions"
             }
          },
          {
             "auctions_search@chest.gui_image_large":{
                "texture":"textures/guis/auctions/search",
                "$unicode":"$unicode_auctions_search"
             }
          },
          {
             "menu_adventure_pass@chest.gui_image_large":{
                "texture":"textures/guis/adventure_pass/menu_adventure_pass",
                "$unicode":"$unicode_menu_adventure_pass"
             }
          },
          {
             "menu_adventure_pass_premium@chest.gui_image_large":{
                "texture":"textures/guis/adventure_pass/menu_adventure_pass_premium",
                "$unicode":"$unicode_menu_adventure_pass_premium"
             }
          },
          {
             "ultra_perks@chest.gui_image_large":{
                "texture":"textures/guis/rank_previews/ultra_perks",
                "$unicode":"$unicode_ultra_perks"
             }
          },
          {
             "hero_perks@chest.gui_image_large":{
                "texture":"textures/guis/rank_previews/hero_perks",
                "$unicode":"$unicode_hero_perks"
             }
          },
          {
             "legend_perks@chest.gui_image_large":{
                "texture":"textures/guis/rank_previews/legend_perks",
                "$unicode":"$unicode_legend_perks"
             }
          },
          {
             "rank_purchased@chest.gui_image_large":{
                "texture":"textures/guis/rank_previews/rank_purchased",
                "$unicode":"$unicode_rank_purchased"
             }
          },
          {
             "menu_profile@chest.gui_image_large":{
                "texture":"textures/guis/profile/menu_profile",
                "$unicode":"$unicode_menu_profile",
                "controls":[
                   {
                      "player_head":{
                         "type":"panel",
                         "size":[
                            34,
                            34
                         ],
                         "offset":[
                            17,
                            46
                         ],
                         "anchor_from":"top_left",
                         "anchor_to":"top_left",
                         "clips_children":true,
                         "controls":[
                            {
                               "player_head_renderer":{
                                  "type":"custom",
                                  "renderer":"paper_doll_renderer",
                                  "size":[
                                     "470%",
                                     "470%"
                                  ],
                                  "offset":[
                                     0,
                                     17
                                  ]
                               }
                            }
                         ]
                      }
                   }
                ]
             }
          },
          {
             "player_rank@chest.gui_image_large":{
                "texture":"textures/guis/profile/player",
                "$unicode":"$unicode_player_rank"
             }
          },
          {
             "ultra_rank@chest.gui_image_large":{
                "texture":"textures/guis/profile/ultra",
                "$unicode":"$unicode_ultra_rank"
             }
          },
          {
             "hero_rank@chest.gui_image_large":{
                "texture":"textures/guis/profile/hero",
                "$unicode":"$unicode_hero_rank"
             }
          },
          {
             "legend_rank@chest.gui_image_large":{
                "texture":"textures/guis/profile/legend",
                "$unicode":"$unicode_legend_rank"
             }
          },
          {
             "helper_rank@chest.gui_image_large":{
                "texture":"textures/guis/profile/helper",
                "$unicode":"$unicode_helper_rank"
             }
          },
          {
             "moderator_rank@chest.gui_image_large":{
                "texture":"textures/guis/profile/moderator",
                "$unicode":"$unicode_moderator_rank"
             }
          },
          {
             "admin_rank@chest.gui_image_large":{
                "texture":"textures/guis/profile/admin",
                "$unicode":"$unicode_admin_rank"
             }
          },
          {
             "owner_rank@chest.gui_image_large":{
                "texture":"textures/guis/profile/owner",
                "$unicode":"$unicode_owner_rank"
             }
          },
          {
             "menu_skills@chest.gui_image_large":{
                "texture":"textures/guis/skills/menu_skills",
                "$unicode":"$unicode_menu_skills"
             }
          },
          {
             "menu_ranking@chest.gui_image_large":{
                "texture":"textures/guis/skills/menu_ranking",
                "$unicode":"$unicode_menu_ranking"
             }
          },
          {
             "menu_xp_sources@chest.gui_image_large":{
                "texture":"textures/guis/skills/menu_xp_sources",
                "$unicode":"$unicode_menu_xp_sources"
             }
          },
          {
             "menu_abilities@chest.gui_image_large":{
                "texture":"textures/guis/skills/menu_abilities",
                "$unicode":"$unicode_menu_abilities"
             }
          },
         {
             "artifact_workshop@chest.gui_image_large":{
                "texture":"textures/guis/artifact_workshop/menu",
                "$unicode":"$unicode_artifacts"
             }
          },
          {
             "menu_level_progress@chest.gui_image_large":{
                "texture":"textures/guis/skills/menu_level_progress",
                "$unicode":"$unicode_menu_level_progress"
             }
          },
          {
             "forge_menu@chest.gui_image_large":{
                "texture":"textures/guis/forge/menu",
                "$unicode":"$unicode_forge_menu"
             }
          },
          {
             "custom_items@chest.gui_image_large":{
                "texture":"textures/guis/custom_items",
                "$unicode":"$unicode_custom_items"
             }
          },
          {
             "reputation@chest.gui_image_large":{
                "texture":"textures/guis/reputation/reputation",
                "$unicode":"$unicode_reputation"
             }
          },
          {
             "reputation_slayer@chest.gui_image_large":{
                "texture":"textures/guis/reputation/slayers",
                "$unicode":"$unicode_reputation_slayer"
             }
          },
          {
             "reputation_miners@chest.gui_image_large":{
                "texture":"textures/guis/reputation/miners",
                "$unicode":"$unicode_reputation_miners"
             }
          },
          {
             "reputation_ranches@chest.gui_image_large":{
                "texture":"textures/guis/reputation/ranchers",
                "$unicode":"$unicode_reputation_ranches"
             }
          },
          {
             "menu_daily_rewards@chest.gui_image_large":{
                "texture":"textures/guis/daily_rewards/menu_daily_rewards",
                "$unicode":"$unicode_menu_daily_rewards"
             }
          },
          {
             "menu_sell_items@chest.gui_image_large":{
                "texture":"textures/guis/shops/menu_sell_items",
                "$unicode":"$unicode_menu_sell_items"
             }
          },
          {
             "menu_buy_items@chest.gui_image_large":{
                "texture":"textures/guis/shops/menu_buy_items",
                "$unicode":"$unicode_menu_buy_items"
             }
          },
          {
             "menu_ancient_traveler@chest.gui_image_large":{
                "texture":"textures/guis/menu_ancient_traveler",
                "$unicode":"$unicode_menu_ancient_traveler",
                "offset":[
                   -10,
                   "-3px-19px"
                ]
             }
          },
          {
             "menu_quests@chest.gui_image_large":{
                "texture":"textures/guis/quests/menu_quests",
                "$unicode":"$unicode_menu_quests"
             }
          },
          {
             "menu_dungeons@chest.gui_image_large":{
                "texture":"textures/guis/dungeons/menu_dungeons",
                "$unicode":"$unicode_menu_dungeons"
             }
          },
          {
             "menu_badges@chest.gui_image_large":{
                "texture":"textures/guis/badges/menu_badges",
                "$unicode":"$unicode_menu_badges"
             }
          },
          {
             "menu_links@chest.gui_image_large":{
                "texture":"textures/guis/menu_links",
                "$unicode":"$unicode_menu_links"
             }
          },
          {
             "menu_jobs@chest.gui_image_large":{
                "texture":"textures/guis/jobs/menu_jobs",
                "$unicode":"$unicode_menu_jobs"
             }
          },
          {
             "menu_kits@chest.gui_image_large":{
                "texture":"textures/guis/menu_kits",
                "$unicode":"$unicode_menu_kits"
             }
          },
          {
             "menu_guide@chest.gui_image_large":{
                "texture":"textures/guis/menu_guide",
                "$unicode":"$unicode_menu_guide"
             }
          },
          {
             "menu_crates@chest.gui_image_large":{
                "texture":"textures/guis/crates/menu_crates",
                "$unicode":"$unicode_menu_crates"
             }
          },
          {
             "menu_premium_store@chest.gui_image_large":{
                "texture":"textures/guis/premium_store/menu_premium_store",
                "$unicode":"$unicode_menu_premium_store"
             }
          },
          {
             "menu_premium_store_confirm_purchase@chest.gui_image_large":{
                "texture":"textures/guis/premium_store/menu_premium_store_confirm_purchase",
                "$unicode":"$unicode_menu_premium_store_confirm_purchase"
             }
          },
          {
             "mineshaft@chest.gui_image_large":{
                "texture":"textures/guis/dungeons/mineshaft",
                "$unicode":"$unicode_mineshaft"
             }
          },
          {
             "dracula@chest.gui_image_large":{
                "texture":"textures/guis/dungeons/dracula",
                "$unicode":"$unicode_dracula",
                "offset":[
                   56,
                   "-3px-19px"
                ]
             }
          },
          {
             "desert@chest.gui_image_large":{
                "texture":"textures/guis/dungeons/desert",
                "$unicode":"$unicode_desert",
                "offset":[
                   112,
                   "-3px-19px"
                ]
             }
          },
          {
             "category_mining@chest.gui_image_large":{
                "texture":"textures/guis/shops/category_mining",
                "$unicode":"$unicode_category_mining",
                "size":[
                   48,
                   16
                ],
                "offset":[
                   64,
                   "-3px+77px"
                ]
             }
          },
          {
             "category_minerals@chest.gui_image_large":{
                "texture":"textures/guis/shops/category_minerals",
                "$unicode":"$unicode_category_minerals",
                "size":[
                   48,
                   16
                ],
                "offset":[
                   64,
                   "-3px+77px"
                ]
             }
          },
          {
             "category_farming@chest.gui_image_large":{
                "texture":"textures/guis/shops/category_farming",
                "$unicode":"$unicode_category_farming",
                "size":[
                   48,
                   16
                ],
                "offset":[
                   64,
                   "-3px+77px"
                ]
             }
          },
          {
             "category_mob_drops@chest.gui_image_large":{
                "texture":"textures/guis/shops/category_mob_drops",
                "$unicode":"$unicode_category_mob_drops",
                "size":[
                   48,
                   16
                ],
                "offset":[
                   64,
                   "-3px+77px"
                ]
             }
          },
          {
             "category_combat@chest.gui_image_large":{
                "texture":"textures/guis/shops/category_combat",
                "$unicode":"$unicode_category_combat",
                "size":[
                   48,
                   16
                ],
                "offset":[
                   64,
                   "-3px+77px"
                ]
             }
          },
          {
             "category_food@chest.gui_image_large":{
                "texture":"textures/guis/shops/category_food",
                "$unicode":"$unicode_category_food",
                "size":[
                   48,
                   16
                ],
                "offset":[
                   64,
                   "-3px+77px"
                ]
             }
          },
          {
             "category_special@chest.gui_image_large":{
                "texture":"textures/guis/shops/category_special",
                "$unicode":"$unicode_category_special",
                "size":[
                   48,
                   16
                ],
                "offset":[
                   64,
                   "-3px+77px"
                ]
             }
          },
          {
             "page_1@chest.gui_image_large":{
                "texture":"textures/guis/page_1",
                "$unicode":"$unicode_page_1",
                "size":[
                   48,
                   16
                ],
                "offset":[
                   64,
                   "-3px+77px"
                ]
             }
          },
          {
             "page_2@chest.gui_image_large":{
                "texture":"textures/guis/page_2",
                "$unicode":"$unicode_page_2",
                "size":[
                   48,
                   16
                ],
                "offset":[
                   64,
                   "-3px+77px"
                ]
             }
          },
          {
             "page_3@chest.gui_image_large":{
                "texture":"textures/guis/page_3",
                "$unicode":"$unicode_page_3",
                "size":[
                   48,
                   16
                ],
                "offset":[
                   64,
                   "-3px+77px"
                ]
             }
          },
          {
            "dashboard@chest.gui_image_large":{
               "texture":"textures/guis/dashboard/dashboard",
               "$unicode":"$unicode_dashboard",
               "offset":[
                  0,
                  -27
               ]
            }
         },
         {
            "general@chest.gui_image_large":{
               "texture":"textures/guis/dashboard/general",
               "$unicode":"$unicode_dash_general",
               "offset":[
                  0,
                  -27
               ]
            }
         },
         {
            "sounds@chest.gui_image_large":{
               "texture":"textures/guis/dashboard/sounds",
               "$unicode":"$unicode_dash_sounds",
               "offset":[
                  0,
                  -27
               ]
            }
         },
         {
            "visuals@chest.gui_image_large":{
               "texture":"textures/guis/dashboard/visuals",
               "$unicode":"$unicode_dash_visuals",
               "offset":[
                  0,
                  -27
               ]
            }
         },
         {
            "world@chest.gui_image_large":{
               "texture":"textures/guis/dashboard/world",
               "$unicode":"$unicode_dash_world",
               "offset":[
                  0,
                  -24
               ]
            }
         },
         {
            "continue_setup@chest.gui_image_large":{
               "texture":"textures/guis/dashboard/continue_setup",
               "$unicode":"$unicode_dash_setup"
            }
         },
         {
            "activate_product@chest.gui_image_large":{
               "texture":"textures/guis/dashboard/activate_product",
               "$unicode":"$unicode_dash_activate"
            }
         },
         {
            "dashboard_dependencies_operational@chest.gui_image_large":{
               "texture":"textures/guis/dashboard/dashboard_dependencies_operational",
               "$unicode":"$unicode_dash_dependencies",
               "offset":[
                  0,
                  -27
               ]
            }
         },
         {
            "dashboard_flawless_performance@chest.gui_image_large":{
               "texture":"textures/guis/dashboard/dashboard_flawless_performance",
               "$unicode":"$unicode_dash_performance",
               "offset":[
                  0,
                  -27
               ]
            }
         },
         {
            "dashboard_update_available@chest.gui_image_large":{
               "texture":"textures/guis/dashboard/dashboard_update_available",
               "$unicode":"$unicode_dash_update"
            }
         },
         {
            "dashboard_update_available_1@chest.gui_image_large":{
               "texture":"textures/guis/dashboard/dashboard_update_available_1",
               "$unicode":"$unicode_dash_update1"
            }
         },
         {
            "dashboard_update_available_2@chest.gui_image_large":{
               "texture":"textures/guis/dashboard/dashboard_update_available_2",
               "$unicode":"$unicode_dash_update2"
            }
         },
         {
            "dashboard_update_available_3@chest.gui_image_large":{
               "texture":"textures/guis/dashboard/dashboard_update_available_3",
               "$unicode":"$unicode_dash_update3"
            }
         },
         {
            "dashboard_update_available_4@chest.gui_image_large":{
               "texture":"textures/guis/dashboard/dashboard_update_available_4",
               "$unicode":"$unicode_dash_update4"
            }
         },
         {
            "dashboard_update_available_5@chest.gui_image_large":{
               "texture":"textures/guis/dashboard/dashboard_update_available_5",
               "$unicode":"$unicode_dash_update5"
            }
         },
         {
            "dashboard_update_available_6@chest.gui_image_large":{
               "texture":"textures/guis/dashboard/dashboard_update_available_6",
               "$unicode":"$unicode_dash_update6"
            }
         },
         {
            "dashboard_update_available_7@chest.gui_image_large":{
               "texture":"textures/guis/dashboard/dashboard_update_available_7",
               "$unicode":"$unicode_dash_update7"
            }
         },
         {
            "generation_completed@chest.gui_image_large":{
               "texture":"textures/guis/dashboard/generation_completed",
               "$unicode":"$unicode_dash_completed"
            }
         },
         {
            "pause_generation@chest.gui_image_large":{
               "texture":"textures/guis/dashboard/pause_generation",
               "$unicode":"$unicode_dash_paused"
            }
         },
         {
            "server_offline@chest.gui_image_large":{
               "texture":"textures/guis/dashboard/server_offline",
               "$unicode":"$unicode_dash_offline"
            }
         },
         {
            "go_to_settings@chest.gui_image_large":{
               "texture":"textures/guis/dashboard/go_to_settings",
               "$unicode":"$unicode_dash_settings"
            }
         },
                   {
             "cooking_pot@chest.gui_image_large":{
                "texture":"textures/guis/cooking_pot/cooking_book",
                "$unicode":"$unicode_cooking",
                "offset":[
                  -19,
                  -22
               ]
             }
          }
       ]
    },
    "large_chest_panel/root_panel/common_panel":{
       "offset":"$offset",
       "$offset":[
          0,
          0
       ],
       "modifications":[
          {
             "array_name":"variables",
             "operation":"insert_front",
             "value":[
                {
                   "requires":"$custom_guis",
                   "$dialog_background":"chest.custom_dialog_background",
                   "$close_button_layer":15,
                   "$close_button_offset":[
                      -2,
                      5
                   ]
                },
                {
                   "requires":"$compact_close_guis",
                   "$use_compact_close_button":true
                },
                {
                   "requires":"$close_size2_guis",
                   "$close_button_size":[
                      21,
                      17
                   ],
                   "$close_button_panel_size":[
                      15,
                      11
                   ],
                   "$close_button_offset":[
                      0,
                      5
                   ]
                }
             ]
          }
       ]
    },
    "small_chest_screen@common.inventory_screen_common":{
       "$atitle":"$container_title",
       "$custom_chest_guis":"($atitle / '§')",
       "$force_render_below|default":false,
       "force_render_below":"$force_render_below",
       "variables":[
          {
             "requires":"($desktop_screen or $custom_chest_guis)",
             "$screen_content":"chest.small_chest_panel",
             "$screen_bg_content":"common.screen_background"
          },
          {
             "requires":"$custom_chest_guis",
             "$screen_animations":[
                
             ],
             "$background_animations":[
                
             ],
             "$force_render_below":true
          },
          {
             "requires":"($pocket_screen and not $custom_chest_guis)",
             "$use_custom_pocket_toast":true,
             "$screen_content":"pocket_containers.small_chest_panel"
          }
       ]
    },
    "large_chest_screen@common.inventory_screen_common":{
       "$atitle":"$container_title",
       "$custom_chest_guis":"($atitle / '§')",
       "$force_render_below|default":false,
       "force_render_below":"$force_render_below",
       "variables":[
          {
             "requires":"($desktop_screen or $custom_chest_guis)",
             "$screen_content":"chest.large_chest_panel",
             "$screen_bg_content":"common.screen_background"
          },
          {
             "requires":"$custom_chest_guis",
             "$screen_animations":[
                
             ],
             "$background_animations":[
                
             ],
             "$force_render_below":true
          },
          {
             "requires":"($pocket_screen and not $custom_chest_guis)",
             "$use_custom_pocket_toast":true,
             "$screen_content":"pocket_containers.large_chest_panel"
          }
       ]
    }
 }