{
    "inventory_panel_bottom_half_with_label/inventory_label": {
      "$ctitle": "$container_title",
      "$inventory_label_offset": [
        7,
        3
      ],
      "$inventory_label_layer": 2,
      "$custom_guis|default": false,
      "modifications": [
        {
          "array_name": "variables",
          "operation": "insert_front",
          "value": [
            {
              "requires": "$custom_guis",
              "$inventory_label_offset": [
                7,
                2
              ],
              "$inventory_label_layer": 10
            }
          ]
        }
      ],
      "offset": "$inventory_label_offset",
      "layer": "$inventory_label_layer"
    },
    "close_button": {
      "$close_button_size|default": [
        21,
        21
      ],
      "size": "$close_button_size"
    }
  }