{
  "light_content_button": {
    "$default_button_image_color|default": [1, 1, 1],
    "$hover_button_image_color|default": [1, 1, 1],
    "$pressed_button_image_color|default": [1, 1, 1]
  },
  "light_content_button/default": {
    "$button_image_color": "$default_button_image_color"
  },
  "light_content_button/hover": {
    "$button_image_color": "$hover_button_image_color"
  },
  "light_content_button/pressed": {
    "$button_image_color": "$pressed_button_image_color"
  },
  "light_glyph_button": {
    "$default_button_image_color|default": [1, 1, 1],
    "$hover_button_image_color|default": [1, 1, 1],
    "$pressed_button_image_color|default": [1, 1, 1]
  },
  "light_glyph_button/default": {
    "$button_image_color": "$default_button_image_color"
  },
  "light_glyph_button/hover": {
    "$button_image_color": "$hover_button_image_color"
  },
  "light_glyph_button/pressed": {
    "$button_image_color": "$pressed_button_image_color"
  },
  "light_text_button": {
    "$default_button_image_color|default": [1, 1, 1],
    "$hover_button_image_color|default": [1, 1, 1],
    "$pressed_button_image_color|default": [1, 1, 1]
  },
  "light_text_button/default": {
    "$button_image_color": "$default_button_image_color"
  },
  "light_text_button/hover": {
    "$button_image_color": "$hover_button_image_color"
  },
  "light_text_button/pressed": {
    "$button_image_color": "$pressed_button_image_color"
  },
  "new_ui_form_fitting_button_panel": {
    "$button_image_color|default": [1, 1, 1]
  },
  "new_ui_form_fitting_button_panel/border/$button_image": {
    "color": "$button_image_color"
  },
  "new_ui_binding_button_label": {
    "shadow": "$button_shadow",
    "$button_shadow|default": false
  }
}
