{"format_version": "1.19.0", "minecraft:geometry": [{"description": {"identifier": "geometry.furnace.minecraft_fheim2sbwxg", "texture_width": 16, "texture_height": 16, "visible_bounds_width": 5, "visible_bounds_height": 5, "visible_bounds_offset": [0, 0.75, 0]}, "bones": [{"name": "furnacemodel", "pivot": [0, 8, 0], "binding": "c.item_slot == 'head' ? 'head' : q.item_slot_to_bone_name(c.item_slot)"}, {"name": "furnacemodel_x", "parent": "furnacemodel", "pivot": [0, 8, 0]}, {"name": "furnacemodel_y", "parent": "furnacemodel_x", "pivot": [0, 8, 0]}, {"name": "furnacemodel_z", "parent": "furnacemodel_y", "pivot": [0, 8, 0], "texture_meshes": [{"texture": "default", "position": [0, 8, 0], "rotation": [90, 0, -180], "local_pivot": [8, 0.5, 8]}]}]}]}